date,home,away,p_home,p_draw,p_away,pred_score,locked,home_score,away_score,actual_outcome,hit,score_hit,p_actual
,Australia,New Zealand,0.317,0.0215,0.6615,20-27,False,,,,,,
,Australia,Chile,0.9315,0.0075,0.061,40-14,False,,,,,,
,Australia,Hong Kong China,0.97,0.0038,0.0262,41-9,False,,,,,,
,New Zealand,Chile,0.9921,0.0012,0.0067,54-13,False,,,,,,
,New Zealand,Hong Kong China,0.9897,0.0015,0.0088,51-11,False,,,,,,
,Chile,Hong Kong China,0.5428,0.0235,0.4337,24-22,False,,,,,,
,South Africa,Italy,0.9045,0.0097,0.0858,38-16,False,,,,,,
,South Africa,Georgia,0.9881,0.0017,0.0101,52-14,False,,,,,,
,South Africa,Romania,0.9984,0.0003,0.0014,60-10,False,,,,,,
,Italy,Georgia,0.8011,0.0162,0.1827,32-17,False,,,,,,
,Italy,Romania,0.974,0.0034,0.0226,46-13,False,,,,,,
,Georgia,Romania,0.8744,0.0119,0.1137,36-17,False,,,,,,
,Argentina,Fiji,0.715,0.0199,0.2651,29-19,False,,,,,,
,Argentina,Canada,0.9976,0.0004,0.002,58-10,False,,,,,,
,Argentina,Spain,0.9752,0.0033,0.0215,44-11,False,,,,,,
,Fiji,Canada,0.9707,0.0038,0.0256,46-14,False,,,,,,
,Fiji,Spain,0.7623,0.018,0.2197,30-17,False,,,,,,
,Canada,Spain,0.1483,0.0142,0.8375,14-31,False,,,,,,
,Ireland,Scotland,0.7237,0.0196,0.2567,31-21,False,,,,,,
,Ireland,Uruguay,0.9901,0.0015,0.0085,52-12,False,,,,,,
,Ireland,Portugal,0.9965,0.0006,0.0029,55-9,False,,,,,,
,Scotland,Uruguay,0.9541,0.0055,0.0405,39-11,False,,,,,,
,Scotland,Portugal,0.9773,0.003,0.0197,43-9,False,,,,,,
,Uruguay,Portugal,0.5155,0.0237,0.4608,22-21,False,,,,,,
,France,Japan,0.956,0.0053,0.0387,44-15,False,,,,,,
,France,Samoa,0.9807,0.0026,0.0166,49-13,False,,,,,,
,France,United States,0.991,0.0013,0.0076,53-13,False,,,,,,
,Japan,Samoa,0.5496,0.0235,0.4269,24-21,False,,,,,,
,Japan,United States,0.6354,0.0221,0.3424,29-23,False,,,,,,
,Samoa,United States,0.7292,0.0194,0.2514,30-19,False,,,,,,
,England,Wales,0.8282,0.0147,0.157,32-16,False,,,,,,
,England,Tonga,0.981,0.0026,0.0164,45-10,False,,,,,,
,England,Zimbabwe,0.9944,0.0009,0.0047,48-5,False,,,,,,
,Wales,Tonga,0.7556,0.0183,0.2261,32-20,False,,,,,,
,Wales,Zimbabwe,0.8847,0.0112,0.1042,35-14,False,,,,,,
,Tonga,Zimbabwe,0.7006,0.0204,0.279,30-21,False,,,,,,
,Australia,New Zealand,0.317,0.0215,0.6615,20-27,False,,,,,,
,Australia,Chile,0.9315,0.0075,0.061,40-14,False,,,,,,
,Australia,Hong Kong China,0.97,0.0038,0.0262,41-9,False,,,,,,
,New Zealand,Chile,0.9921,0.0012,0.0067,54-13,False,,,,,,
,New Zealand,Hong Kong China,0.9897,0.0015,0.0088,51-11,False,,,,,,
,Chile,Hong Kong China,0.5428,0.0235,0.4337,24-22,False,,,,,,
,South Africa,Italy,0.9045,0.0097,0.0858,38-16,False,,,,,,
,South Africa,Georgia,0.9881,0.0017,0.0101,52-14,False,,,,,,
,South Africa,Romania,0.9984,0.0003,0.0014,60-10,False,,,,,,
,Italy,Georgia,0.8011,0.0162,0.1827,32-17,False,,,,,,
,Italy,Romania,0.974,0.0034,0.0226,46-13,False,,,,,,
,Georgia,Romania,0.8744,0.0119,0.1137,36-17,False,,,,,,
,Argentina,Fiji,0.715,0.0199,0.2651,29-19,False,,,,,,
,Argentina,Canada,0.9976,0.0004,0.002,58-10,False,,,,,,
,Argentina,Spain,0.9752,0.0033,0.0215,44-11,False,,,,,,
,Fiji,Canada,0.9707,0.0038,0.0256,46-14,False,,,,,,
,Fiji,Spain,0.7623,0.018,0.2197,30-17,False,,,,,,
,Canada,Spain,0.1483,0.0142,0.8375,14-31,False,,,,,,
,Ireland,Scotland,0.7237,0.0196,0.2567,31-21,False,,,,,,
,Ireland,Uruguay,0.9901,0.0015,0.0085,52-12,False,,,,,,
,Ireland,Portugal,0.9965,0.0006,0.0029,55-9,False,,,,,,
,Scotland,Uruguay,0.9541,0.0055,0.0405,39-11,False,,,,,,
,Scotland,Portugal,0.9773,0.003,0.0197,43-9,False,,,,,,
,Uruguay,Portugal,0.5155,0.0237,0.4608,22-21,False,,,,,,
,France,Japan,0.956,0.0053,0.0387,44-15,False,,,,,,
,France,Samoa,0.9807,0.0026,0.0166,49-13,False,,,,,,
,France,United States,0.991,0.0013,0.0076,53-13,False,,,,,,
,Japan,Samoa,0.5496,0.0235,0.4269,24-21,False,,,,,,
,Japan,United States,0.6354,0.0221,0.3424,29-23,False,,,,,,
,Samoa,United States,0.7292,0.0194,0.2514,30-19,False,,,,,,
,England,Wales,0.8282,0.0147,0.157,32-16,False,,,,,,
,England,Tonga,0.981,0.0026,0.0164,45-10,False,,,,,,
,England,Zimbabwe,0.9944,0.0009,0.0047,48-5,False,,,,,,
,Wales,Tonga,0.7556,0.0183,0.2261,32-20,False,,,,,,
,Wales,Zimbabwe,0.8847,0.0112,0.1042,35-14,False,,,,,,
,Tonga,Zimbabwe,0.7006,0.0204,0.279,30-21,False,,,,,,
,Australia,New Zealand,0.317,0.0215,0.6615,20-27,False,,,,,,
,Australia,Chile,0.9315,0.0075,0.061,40-14,False,,,,,,
,Australia,Hong Kong China,0.97,0.0038,0.0262,41-9,False,,,,,,
,New Zealand,Chile,0.9921,0.0012,0.0067,54-13,False,,,,,,
,New Zealand,Hong Kong China,0.9897,0.0015,0.0088,51-11,False,,,,,,
,Chile,Hong Kong China,0.5428,0.0235,0.4337,24-22,False,,,,,,
,South Africa,Italy,0.9045,0.0097,0.0858,38-16,False,,,,,,
,South Africa,Georgia,0.9881,0.0017,0.0101,52-14,False,,,,,,
,South Africa,Romania,0.9984,0.0003,0.0014,60-10,False,,,,,,
,Italy,Georgia,0.8011,0.0162,0.1827,32-17,False,,,,,,
,Italy,Romania,0.974,0.0034,0.0226,46-13,False,,,,,,
,Georgia,Romania,0.8744,0.0119,0.1137,36-17,False,,,,,,
,Argentina,Fiji,0.715,0.0199,0.2651,29-19,False,,,,,,
,Argentina,Canada,0.9976,0.0004,0.002,58-10,False,,,,,,
,Argentina,Spain,0.9752,0.0033,0.0215,44-11,False,,,,,,
,Fiji,Canada,0.9707,0.0038,0.0256,46-14,False,,,,,,
,Fiji,Spain,0.7623,0.018,0.2197,30-17,False,,,,,,
,Canada,Spain,0.1483,0.0142,0.8375,14-31,False,,,,,,
,Ireland,Scotland,0.7237,0.0196,0.2567,31-21,False,,,,,,
,Ireland,Uruguay,0.9901,0.0015,0.0085,52-12,False,,,,,,
,Ireland,Portugal,0.9965,0.0006,0.0029,55-9,False,,,,,,
,Scotland,Uruguay,0.9541,0.0055,0.0405,39-11,False,,,,,,
,Scotland,Portugal,0.9773,0.003,0.0197,43-9,False,,,,,,
,Uruguay,Portugal,0.5155,0.0237,0.4608,22-21,False,,,,,,
,France,Japan,0.956,0.0053,0.0387,44-15,False,,,,,,
,France,Samoa,0.9807,0.0026,0.0166,49-13,False,,,,,,
,France,United States,0.991,0.0013,0.0076,53-13,False,,,,,,
,Japan,Samoa,0.5496,0.0235,0.4269,24-21,False,,,,,,
,Japan,United States,0.6354,0.0221,0.3424,29-23,False,,,,,,
,Samoa,United States,0.7292,0.0194,0.2514,30-19,False,,,,,,
,England,Wales,0.8282,0.0147,0.157,32-16,False,,,,,,
,England,Tonga,0.981,0.0026,0.0164,45-10,False,,,,,,
,England,Zimbabwe,0.9944,0.0009,0.0047,48-5,False,,,,,,
,Wales,Tonga,0.7556,0.0183,0.2261,32-20,False,,,,,,
,Wales,Zimbabwe,0.8847,0.0112,0.1042,35-14,False,,,,,,
,Tonga,Zimbabwe,0.7006,0.0204,0.279,30-21,False,,,,,,
,Australia,New Zealand,0.317,0.0215,0.6615,20-27,False,,,,,,
,Australia,Chile,0.9315,0.0075,0.061,40-14,False,,,,,,
,Australia,Hong Kong China,0.97,0.0038,0.0262,41-9,False,,,,,,
,New Zealand,Chile,0.9921,0.0012,0.0067,54-13,False,,,,,,
,New Zealand,Hong Kong China,0.9897,0.0015,0.0088,51-11,False,,,,,,
,Chile,Hong Kong China,0.5428,0.0235,0.4337,24-22,False,,,,,,
,South Africa,Italy,0.9045,0.0097,0.0858,38-16,False,,,,,,
,South Africa,Georgia,0.9881,0.0017,0.0101,52-14,False,,,,,,
,South Africa,Romania,0.9984,0.0003,0.0014,60-10,False,,,,,,
,Italy,Georgia,0.8011,0.0162,0.1827,32-17,False,,,,,,
,Italy,Romania,0.974,0.0034,0.0226,46-13,False,,,,,,
,Georgia,Romania,0.8744,0.0119,0.1137,36-17,False,,,,,,
,Argentina,Fiji,0.715,0.0199,0.2651,29-19,False,,,,,,
,Argentina,Canada,0.9976,0.0004,0.002,58-10,False,,,,,,
,Argentina,Spain,0.9752,0.0033,0.0215,44-11,False,,,,,,
,Fiji,Canada,0.9707,0.0038,0.0256,46-14,False,,,,,,
,Fiji,Spain,0.7623,0.018,0.2197,30-17,False,,,,,,
,Canada,Spain,0.1483,0.0142,0.8375,14-31,False,,,,,,
,Ireland,Scotland,0.7237,0.0196,0.2567,31-21,False,,,,,,
,Ireland,Uruguay,0.9901,0.0015,0.0085,52-12,False,,,,,,
,Ireland,Portugal,0.9965,0.0006,0.0029,55-9,False,,,,,,
,Scotland,Uruguay,0.9541,0.0055,0.0405,39-11,False,,,,,,
,Scotland,Portugal,0.9773,0.003,0.0197,43-9,False,,,,,,
,Uruguay,Portugal,0.5155,0.0237,0.4608,22-21,False,,,,,,
,France,Japan,0.956,0.0053,0.0387,44-15,False,,,,,,
,France,Samoa,0.9807,0.0026,0.0166,49-13,False,,,,,,
,France,United States,0.991,0.0013,0.0076,53-13,False,,,,,,
,Japan,Samoa,0.5496,0.0235,0.4269,24-21,False,,,,,,
,Japan,United States,0.6354,0.0221,0.3424,29-23,False,,,,,,
,Samoa,United States,0.7292,0.0194,0.2514,30-19,False,,,,,,
,England,Wales,0.8282,0.0147,0.157,32-16,False,,,,,,
,England,Tonga,0.981,0.0026,0.0164,45-10,False,,,,,,
,England,Zimbabwe,0.9944,0.0009,0.0047,48-5,False,,,,,,
,Wales,Tonga,0.7556,0.0183,0.2261,32-20,False,,,,,,
,Wales,Zimbabwe,0.8847,0.0112,0.1042,35-14,False,,,,,,
,Tonga,Zimbabwe,0.7006,0.0204,0.279,30-21,False,,,,,,
,Australia,New Zealand,0.2871,0.0207,0.6922,19-28,False,,,,,,
,Australia,Chile,0.9258,0.008,0.0661,39-14,False,,,,,,
,Australia,Hong Kong China,0.9701,0.0038,0.026,41-9,False,,,,,,
,New Zealand,Chile,0.9922,0.0012,0.0066,55-14,False,,,,,,
,New Zealand,Hong Kong China,0.9918,0.0012,0.007,50-10,False,,,,,,
,Chile,Hong Kong China,0.6288,0.0224,0.3489,26-20,False,,,,,,
,South Africa,Italy,0.9086,0.0094,0.0819,39-16,False,,,,,,
,South Africa,Georgia,0.9911,0.0013,0.0076,54-14,False,,,,,,
,South Africa,Romania,0.9984,0.0003,0.0013,60-11,False,,,,,,
,Italy,Georgia,0.7904,0.0168,0.1928,31-17,False,,,,,,
,Italy,Romania,0.9672,0.0041,0.0287,43-12,False,,,,,,
,Georgia,Romania,0.8498,0.0135,0.1367,35-17,False,,,,,,
,Argentina,Fiji,0.6884,0.0208,0.2907,29-20,False,,,,,,
,Argentina,Canada,0.997,0.0005,0.0025,58-11,False,,,,,,
,Argentina,Spain,0.9637,0.0045,0.0318,44-13,False,,,,,,
,Fiji,Canada,0.9706,0.0038,0.0256,45-13,False,,,,,,
,Fiji,Spain,0.737,0.0191,0.2439,28-17,False,,,,,,
,Canada,Spain,0.1532,0.0146,0.8323,14-31,False,,,,,,
,Ireland,Scotland,0.7208,0.0197,0.2595,31-21,False,,,,,,
,Ireland,Uruguay,0.9911,0.0013,0.0075,52-12,False,,,,,,
,Ireland,Portugal,0.9958,0.0007,0.0035,54-10,False,,,,,,
,Scotland,Uruguay,0.9534,0.0055,0.041,40-11,False,,,,,,
,Scotland,Portugal,0.974,0.0034,0.0226,43-10,False,,,,,,
,Uruguay,Portugal,0.4622,0.0238,0.514,21-22,False,,,,,,
,France,Japan,0.9556,0.0053,0.0391,42-13,False,,,,,,
,France,Samoa,0.9823,0.0025,0.0153,50-15,False,,,,,,
,France,United States,0.9917,0.0013,0.0071,54-14,False,,,,,,
,Japan,Samoa,0.5899,0.0231,0.3871,26-21,False,,,,,,
,Japan,United States,0.5956,0.023,0.3814,28-24,False,,,,,,
,Samoa,United States,0.7096,0.0201,0.2703,29-19,False,,,,,,
,England,Wales,0.8299,0.0147,0.1554,32-16,False,,,,,,
,England,Tonga,0.9741,0.0034,0.0225,45-12,False,,,,,,
,England,Zimbabwe,0.9949,0.0008,0.0043,50-7,False,,,,,,
,Wales,Tonga,0.7669,0.0179,0.2152,32-19,False,,,,,,
,Wales,Zimbabwe,0.8888,0.0109,0.1003,35-14,False,,,,,,
,Tonga,Zimbabwe,0.7637,0.018,0.2183,31-19,False,,,,,,
,Australia,New Zealand,0.2871,0.0207,0.6922,19-28,False,,,,,,
,Australia,Chile,0.9258,0.008,0.0661,39-14,False,,,,,,
,Australia,Hong Kong China,0.9701,0.0038,0.026,41-9,False,,,,,,
,New Zealand,Chile,0.9922,0.0012,0.0066,55-14,False,,,,,,
,New Zealand,Hong Kong China,0.9918,0.0012,0.007,50-10,False,,,,,,
,Chile,Hong Kong China,0.6288,0.0224,0.3489,26-20,False,,,,,,
,South Africa,Italy,0.9086,0.0094,0.0819,39-16,False,,,,,,
,South Africa,Georgia,0.9911,0.0013,0.0076,54-14,False,,,,,,
,South Africa,Romania,0.9984,0.0003,0.0013,60-11,False,,,,,,
,Italy,Georgia,0.7904,0.0168,0.1928,31-17,False,,,,,,
,Italy,Romania,0.9672,0.0041,0.0287,43-12,False,,,,,,
,Georgia,Romania,0.8498,0.0135,0.1367,35-17,False,,,,,,
,Argentina,Fiji,0.6884,0.0208,0.2907,29-20,False,,,,,,
,Argentina,Canada,0.997,0.0005,0.0025,58-11,False,,,,,,
,Argentina,Spain,0.9637,0.0045,0.0318,44-13,False,,,,,,
,Fiji,Canada,0.9706,0.0038,0.0256,45-13,False,,,,,,
,Fiji,Spain,0.737,0.0191,0.2439,28-17,False,,,,,,
,Canada,Spain,0.1532,0.0146,0.8323,14-31,False,,,,,,
,Ireland,Scotland,0.7208,0.0197,0.2595,31-21,False,,,,,,
,Ireland,Uruguay,0.9911,0.0013,0.0075,52-12,False,,,,,,
,Ireland,Portugal,0.9958,0.0007,0.0035,54-10,False,,,,,,
,Scotland,Uruguay,0.9534,0.0055,0.041,40-11,False,,,,,,
,Scotland,Portugal,0.974,0.0034,0.0226,43-10,False,,,,,,
,Uruguay,Portugal,0.4622,0.0238,0.514,21-22,False,,,,,,
,France,Japan,0.9556,0.0053,0.0391,42-13,False,,,,,,
,France,Samoa,0.9823,0.0025,0.0153,50-15,False,,,,,,
,France,United States,0.9917,0.0013,0.0071,54-14,False,,,,,,
,Japan,Samoa,0.5899,0.0231,0.3871,26-21,False,,,,,,
,Japan,United States,0.5956,0.023,0.3814,28-24,False,,,,,,
,Samoa,United States,0.7096,0.0201,0.2703,29-19,False,,,,,,
,England,Wales,0.8299,0.0147,0.1554,32-16,False,,,,,,
,England,Tonga,0.9741,0.0034,0.0225,45-12,False,,,,,,
,England,Zimbabwe,0.9949,0.0008,0.0043,50-7,False,,,,,,
,Wales,Tonga,0.7669,0.0179,0.2152,32-19,False,,,,,,
,Wales,Zimbabwe,0.8888,0.0109,0.1003,35-14,False,,,,,,
,Tonga,Zimbabwe,0.7637,0.018,0.2183,31-19,False,,,,,,
,Australia,New Zealand,0.2871,0.0207,0.6922,19-28,False,,,,,,
,Australia,Chile,0.9258,0.008,0.0661,39-14,False,,,,,,
,Australia,Hong Kong China,0.9701,0.0038,0.026,41-9,False,,,,,,
,New Zealand,Chile,0.9922,0.0012,0.0066,55-14,False,,,,,,
,New Zealand,Hong Kong China,0.9918,0.0012,0.007,50-10,False,,,,,,
,Chile,Hong Kong China,0.6288,0.0224,0.3489,26-20,False,,,,,,
,South Africa,Italy,0.9086,0.0094,0.0819,39-16,False,,,,,,
,South Africa,Georgia,0.9911,0.0013,0.0076,54-14,False,,,,,,
,South Africa,Romania,0.9984,0.0003,0.0013,60-11,False,,,,,,
,Italy,Georgia,0.7904,0.0168,0.1928,31-17,False,,,,,,
,Italy,Romania,0.9672,0.0041,0.0287,43-12,False,,,,,,
,Georgia,Romania,0.8498,0.0135,0.1367,35-17,False,,,,,,
,Argentina,Fiji,0.6884,0.0208,0.2907,29-20,False,,,,,,
,Argentina,Canada,0.997,0.0005,0.0025,58-11,False,,,,,,
,Argentina,Spain,0.9637,0.0045,0.0318,44-13,False,,,,,,
,Fiji,Canada,0.9706,0.0038,0.0256,45-13,False,,,,,,
,Fiji,Spain,0.737,0.0191,0.2439,28-17,False,,,,,,
,Canada,Spain,0.1532,0.0146,0.8323,14-31,False,,,,,,
,Ireland,Scotland,0.7208,0.0197,0.2595,31-21,False,,,,,,
,Ireland,Uruguay,0.9911,0.0013,0.0075,52-12,False,,,,,,
,Ireland,Portugal,0.9958,0.0007,0.0035,54-10,False,,,,,,
,Scotland,Uruguay,0.9534,0.0055,0.041,40-11,False,,,,,,
,Scotland,Portugal,0.974,0.0034,0.0226,43-10,False,,,,,,
,Uruguay,Portugal,0.4622,0.0238,0.514,21-22,False,,,,,,
,France,Japan,0.9556,0.0053,0.0391,42-13,False,,,,,,
,France,Samoa,0.9823,0.0025,0.0153,50-15,False,,,,,,
,France,United States,0.9917,0.0013,0.0071,54-14,False,,,,,,
,Japan,Samoa,0.5899,0.0231,0.3871,26-21,False,,,,,,
,Japan,United States,0.5956,0.023,0.3814,28-24,False,,,,,,
,Samoa,United States,0.7096,0.0201,0.2703,29-19,False,,,,,,
,England,Wales,0.8299,0.0147,0.1554,32-16,False,,,,,,
,England,Tonga,0.9741,0.0034,0.0225,45-12,False,,,,,,
,England,Zimbabwe,0.9949,0.0008,0.0043,50-7,False,,,,,,
,Wales,Tonga,0.7669,0.0179,0.2152,32-19,False,,,,,,
,Wales,Zimbabwe,0.8888,0.0109,0.1003,35-14,False,,,,,,
,Tonga,Zimbabwe,0.7637,0.018,0.2183,31-19,False,,,,,,
,Australia,New Zealand,0.2871,0.0207,0.6922,19-28,False,,,,,,
,Australia,Chile,0.9258,0.008,0.0661,39-14,False,,,,,,
,Australia,Hong Kong China,0.9701,0.0038,0.026,41-9,False,,,,,,
,New Zealand,Chile,0.9922,0.0012,0.0066,55-14,False,,,,,,
,New Zealand,Hong Kong China,0.9918,0.0012,0.007,50-10,False,,,,,,
,Chile,Hong Kong China,0.6288,0.0224,0.3489,26-20,False,,,,,,
,South Africa,Italy,0.9086,0.0094,0.0819,39-16,False,,,,,,
,South Africa,Georgia,0.9911,0.0013,0.0076,54-14,False,,,,,,
,South Africa,Romania,0.9984,0.0003,0.0013,60-11,False,,,,,,
,Italy,Georgia,0.7904,0.0168,0.1928,31-17,False,,,,,,
,Italy,Romania,0.9672,0.0041,0.0287,43-12,False,,,,,,
,Georgia,Romania,0.8498,0.0135,0.1367,35-17,False,,,,,,
,Argentina,Fiji,0.6884,0.0208,0.2907,29-20,False,,,,,,
,Argentina,Canada,0.997,0.0005,0.0025,58-11,False,,,,,,
,Argentina,Spain,0.9637,0.0045,0.0318,44-13,False,,,,,,
,Fiji,Canada,0.9706,0.0038,0.0256,45-13,False,,,,,,
,Fiji,Spain,0.737,0.0191,0.2439,28-17,False,,,,,,
,Canada,Spain,0.1532,0.0146,0.8323,14-31,False,,,,,,
,Ireland,Scotland,0.7208,0.0197,0.2595,31-21,False,,,,,,
,Ireland,Uruguay,0.9911,0.0013,0.0075,52-12,False,,,,,,
,Ireland,Portugal,0.9958,0.0007,0.0035,54-10,False,,,,,,
,Scotland,Uruguay,0.9534,0.0055,0.041,40-11,False,,,,,,
,Scotland,Portugal,0.974,0.0034,0.0226,43-10,False,,,,,,
,Uruguay,Portugal,0.4622,0.0238,0.514,21-22,False,,,,,,
,France,Japan,0.9556,0.0053,0.0391,42-13,False,,,,,,
,France,Samoa,0.9823,0.0025,0.0153,50-15,False,,,,,,
,France,United States,0.9917,0.0013,0.0071,54-14,False,,,,,,
,Japan,Samoa,0.5899,0.0231,0.3871,26-21,False,,,,,,
,Japan,United States,0.5956,0.023,0.3814,28-24,False,,,,,,
,Samoa,United States,0.7096,0.0201,0.2703,29-19,False,,,,,,
,England,Wales,0.8299,0.0147,0.1554,32-16,False,,,,,,
,England,Tonga,0.9741,0.0034,0.0225,45-12,False,,,,,,
,England,Zimbabwe,0.9949,0.0008,0.0043,50-7,False,,,,,,
,Wales,Tonga,0.7669,0.0179,0.2152,32-19,False,,,,,,
,Wales,Zimbabwe,0.8888,0.0109,0.1003,35-14,False,,,,,,
,Tonga,Zimbabwe,0.7637,0.018,0.2183,31-19,False,,,,,,
,Australia,New Zealand,0.2871,0.0207,0.6922,19-28,False,,,,,,
,Australia,Chile,0.9258,0.008,0.0661,39-14,False,,,,,,
,Australia,Hong Kong China,0.9701,0.0038,0.026,41-9,False,,,,,,
,New Zealand,Chile,0.9922,0.0012,0.0066,55-14,False,,,,,,
,New Zealand,Hong Kong China,0.9918,0.0012,0.007,50-10,False,,,,,,
,Chile,Hong Kong China,0.6288,0.0224,0.3489,26-20,False,,,,,,
,South Africa,Italy,0.9086,0.0094,0.0819,39-16,False,,,,,,
,South Africa,Georgia,0.9911,0.0013,0.0076,54-14,False,,,,,,
,South Africa,Romania,0.9984,0.0003,0.0013,60-11,False,,,,,,
,Italy,Georgia,0.7904,0.0168,0.1928,31-17,False,,,,,,
,Italy,Romania,0.9672,0.0041,0.0287,43-12,False,,,,,,
,Georgia,Romania,0.8498,0.0135,0.1367,35-17,False,,,,,,
,Argentina,Fiji,0.6884,0.0208,0.2907,29-20,False,,,,,,
,Argentina,Canada,0.997,0.0005,0.0025,58-11,False,,,,,,
,Argentina,Spain,0.9637,0.0045,0.0318,44-13,False,,,,,,
,Fiji,Canada,0.9706,0.0038,0.0256,45-13,False,,,,,,
,Fiji,Spain,0.737,0.0191,0.2439,28-17,False,,,,,,
,Canada,Spain,0.1532,0.0146,0.8323,14-31,False,,,,,,
,Ireland,Scotland,0.7208,0.0197,0.2595,31-21,False,,,,,,
,Ireland,Uruguay,0.9911,0.0013,0.0075,52-12,False,,,,,,
,Ireland,Portugal,0.9958,0.0007,0.0035,54-10,False,,,,,,
,Scotland,Uruguay,0.9534,0.0055,0.041,40-11,False,,,,,,
,Scotland,Portugal,0.974,0.0034,0.0226,43-10,False,,,,,,
,Uruguay,Portugal,0.4622,0.0238,0.514,21-22,False,,,,,,
,France,Japan,0.9556,0.0053,0.0391,42-13,False,,,,,,
,France,Samoa,0.9823,0.0025,0.0153,50-15,False,,,,,,
,France,United States,0.9917,0.0013,0.0071,54-14,False,,,,,,
,Japan,Samoa,0.5899,0.0231,0.3871,26-21,False,,,,,,
,Japan,United States,0.5956,0.023,0.3814,28-24,False,,,,,,
,Samoa,United States,0.7096,0.0201,0.2703,29-19,False,,,,,,
,England,Wales,0.8299,0.0147,0.1554,32-16,False,,,,,,
,England,Tonga,0.9741,0.0034,0.0225,45-12,False,,,,,,
,England,Zimbabwe,0.9949,0.0008,0.0043,50-7,False,,,,,,
,Wales,Tonga,0.7669,0.0179,0.2152,32-19,False,,,,,,
,Wales,Zimbabwe,0.8888,0.0109,0.1003,35-14,False,,,,,,
,Tonga,Zimbabwe,0.7637,0.018,0.2183,31-19,False,,,,,,
,Australia,New Zealand,0.2871,0.0207,0.6922,19-28,False,,,,,,
,Australia,Chile,0.9258,0.008,0.0661,39-14,False,,,,,,
,Australia,Hong Kong China,0.9701,0.0038,0.026,41-9,False,,,,,,
,New Zealand,Chile,0.9922,0.0012,0.0066,55-14,False,,,,,,
,New Zealand,Hong Kong China,0.9918,0.0012,0.007,50-10,False,,,,,,
,Chile,Hong Kong China,0.6288,0.0224,0.3489,26-20,False,,,,,,
,South Africa,Italy,0.9086,0.0094,0.0819,39-16,False,,,,,,
,South Africa,Georgia,0.9911,0.0013,0.0076,54-14,False,,,,,,
,South Africa,Romania,0.9984,0.0003,0.0013,60-11,False,,,,,,
,Italy,Georgia,0.7904,0.0168,0.1928,31-17,False,,,,,,
,Italy,Romania,0.9672,0.0041,0.0287,43-12,False,,,,,,
,Georgia,Romania,0.8498,0.0135,0.1367,35-17,False,,,,,,
,Argentina,Fiji,0.6884,0.0208,0.2907,29-20,False,,,,,,
,Argentina,Canada,0.997,0.0005,0.0025,58-11,False,,,,,,
,Argentina,Spain,0.9637,0.0045,0.0318,44-13,False,,,,,,
,Fiji,Canada,0.9706,0.0038,0.0256,45-13,False,,,,,,
,Fiji,Spain,0.737,0.0191,0.2439,28-17,False,,,,,,
,Canada,Spain,0.1532,0.0146,0.8323,14-31,False,,,,,,
,Ireland,Scotland,0.7208,0.0197,0.2595,31-21,False,,,,,,
,Ireland,Uruguay,0.9911,0.0013,0.0075,52-12,False,,,,,,
,Ireland,Portugal,0.9958,0.0007,0.0035,54-10,False,,,,,,
,Scotland,Uruguay,0.9534,0.0055,0.041,40-11,False,,,,,,
,Scotland,Portugal,0.974,0.0034,0.0226,43-10,False,,,,,,
,Uruguay,Portugal,0.4622,0.0238,0.514,21-22,False,,,,,,
,France,Japan,0.9556,0.0053,0.0391,42-13,False,,,,,,
,France,Samoa,0.9823,0.0025,0.0153,50-15,False,,,,,,
,France,United States,0.9917,0.0013,0.0071,54-14,False,,,,,,
,Japan,Samoa,0.5899,0.0231,0.3871,26-21,False,,,,,,
,Japan,United States,0.5956,0.023,0.3814,28-24,False,,,,,,
,Samoa,United States,0.7096,0.0201,0.2703,29-19,False,,,,,,
,England,Wales,0.8299,0.0147,0.1554,32-16,False,,,,,,
,England,Tonga,0.9741,0.0034,0.0225,45-12,False,,,,,,
,England,Zimbabwe,0.9949,0.0008,0.0043,50-7,False,,,,,,
,Wales,Tonga,0.7669,0.0179,0.2152,32-19,False,,,,,,
,Wales,Zimbabwe,0.8888,0.0109,0.1003,35-14,False,,,,,,
,Tonga,Zimbabwe,0.7637,0.018,0.2183,31-19,False,,,,,,
,Australia,New Zealand,0.2871,0.0207,0.6922,19-28,False,,,,,,
,Australia,Chile,0.9258,0.008,0.0661,39-14,False,,,,,,
,Australia,Hong Kong China,0.9701,0.0038,0.026,41-9,False,,,,,,
,New Zealand,Chile,0.9922,0.0012,0.0066,55-14,False,,,,,,
,New Zealand,Hong Kong China,0.9918,0.0012,0.007,50-10,False,,,,,,
,Chile,Hong Kong China,0.6288,0.0224,0.3489,26-20,False,,,,,,
,South Africa,Italy,0.9086,0.0094,0.0819,39-16,False,,,,,,
,South Africa,Georgia,0.9911,0.0013,0.0076,54-14,False,,,,,,
,South Africa,Romania,0.9984,0.0003,0.0013,60-11,False,,,,,,
,Italy,Georgia,0.7904,0.0168,0.1928,31-17,False,,,,,,
,Italy,Romania,0.9672,0.0041,0.0287,43-12,False,,,,,,
,Georgia,Romania,0.8498,0.0135,0.1367,35-17,False,,,,,,
,Argentina,Fiji,0.6884,0.0208,0.2907,29-20,False,,,,,,
,Argentina,Canada,0.997,0.0005,0.0025,58-11,False,,,,,,
,Argentina,Spain,0.9637,0.0045,0.0318,44-13,False,,,,,,
,Fiji,Canada,0.9706,0.0038,0.0256,45-13,False,,,,,,
,Fiji,Spain,0.737,0.0191,0.2439,28-17,False,,,,,,
,Canada,Spain,0.1532,0.0146,0.8323,14-31,False,,,,,,
,Ireland,Scotland,0.7208,0.0197,0.2595,31-21,False,,,,,,
,Ireland,Uruguay,0.9911,0.0013,0.0075,52-12,False,,,,,,
,Ireland,Portugal,0.9958,0.0007,0.0035,54-10,False,,,,,,
,Scotland,Uruguay,0.9534,0.0055,0.041,40-11,False,,,,,,
,Scotland,Portugal,0.974,0.0034,0.0226,43-10,False,,,,,,
,Uruguay,Portugal,0.4622,0.0238,0.514,21-22,False,,,,,,
,France,Japan,0.9556,0.0053,0.0391,42-13,False,,,,,,
,France,Samoa,0.9823,0.0025,0.0153,50-15,False,,,,,,
,France,United States,0.9917,0.0013,0.0071,54-14,False,,,,,,
,Japan,Samoa,0.5899,0.0231,0.3871,26-21,False,,,,,,
,Japan,United States,0.5956,0.023,0.3814,28-24,False,,,,,,
,Samoa,United States,0.7096,0.0201,0.2703,29-19,False,,,,,,
,England,Wales,0.8299,0.0147,0.1554,32-16,False,,,,,,
,England,Tonga,0.9741,0.0034,0.0225,45-12,False,,,,,,
,England,Zimbabwe,0.9949,0.0008,0.0043,50-7,False,,,,,,
,Wales,Tonga,0.7669,0.0179,0.2152,32-19,False,,,,,,
,Wales,Zimbabwe,0.8888,0.0109,0.1003,35-14,False,,,,,,
,Tonga,Zimbabwe,0.7637,0.018,0.2183,31-19,False,,,,,,
,Australia,New Zealand,0.2871,0.0207,0.6922,19-28,False,,,,,,
,Australia,Chile,0.9258,0.008,0.0661,39-14,False,,,,,,
,Australia,Hong Kong China,0.9701,0.0038,0.026,41-9,False,,,,,,
,New Zealand,Chile,0.9922,0.0012,0.0066,55-14,False,,,,,,
,New Zealand,Hong Kong China,0.9918,0.0012,0.007,50-10,False,,,,,,
,Chile,Hong Kong China,0.6288,0.0224,0.3489,26-20,False,,,,,,
,South Africa,Italy,0.9086,0.0094,0.0819,39-16,False,,,,,,
,South Africa,Georgia,0.9911,0.0013,0.0076,54-14,False,,,,,,
,South Africa,Romania,0.9984,0.0003,0.0013,60-11,False,,,,,,
,Italy,Georgia,0.7904,0.0168,0.1928,31-17,False,,,,,,
,Italy,Romania,0.9672,0.0041,0.0287,43-12,False,,,,,,
,Georgia,Romania,0.8498,0.0135,0.1367,35-17,False,,,,,,
,Argentina,Fiji,0.6884,0.0208,0.2907,29-20,False,,,,,,
,Argentina,Canada,0.997,0.0005,0.0025,58-11,False,,,,,,
,Argentina,Spain,0.9637,0.0045,0.0318,44-13,False,,,,,,
,Fiji,Canada,0.9706,0.0038,0.0256,45-13,False,,,,,,
,Fiji,Spain,0.737,0.0191,0.2439,28-17,False,,,,,,
,Canada,Spain,0.1532,0.0146,0.8323,14-31,False,,,,,,
,Ireland,Scotland,0.7208,0.0197,0.2595,31-21,False,,,,,,
,Ireland,Uruguay,0.9911,0.0013,0.0075,52-12,False,,,,,,
,Ireland,Portugal,0.9958,0.0007,0.0035,54-10,False,,,,,,
,Scotland,Uruguay,0.9534,0.0055,0.041,40-11,False,,,,,,
,Scotland,Portugal,0.974,0.0034,0.0226,43-10,False,,,,,,
,Uruguay,Portugal,0.4622,0.0238,0.514,21-22,False,,,,,,
,France,Japan,0.9556,0.0053,0.0391,42-13,False,,,,,,
,France,Samoa,0.9823,0.0025,0.0153,50-15,False,,,,,,
,France,United States,0.9917,0.0013,0.0071,54-14,False,,,,,,
,Japan,Samoa,0.5899,0.0231,0.3871,26-21,False,,,,,,
,Japan,United States,0.5956,0.023,0.3814,28-24,False,,,,,,
,Samoa,United States,0.7096,0.0201,0.2703,29-19,False,,,,,,
,England,Wales,0.8299,0.0147,0.1554,32-16,False,,,,,,
,England,Tonga,0.9741,0.0034,0.0225,45-12,False,,,,,,
,England,Zimbabwe,0.9949,0.0008,0.0043,50-7,False,,,,,,
,Wales,Tonga,0.7669,0.0179,0.2152,32-19,False,,,,,,
,Wales,Zimbabwe,0.8888,0.0109,0.1003,35-14,False,,,,,,
,Tonga,Zimbabwe,0.7637,0.018,0.2183,31-19,False,,,,,,
,Australia,New Zealand,0.2871,0.0207,0.6922,19-28,False,,,,,,
,Australia,Chile,0.9258,0.008,0.0661,39-14,False,,,,,,
,Australia,Hong Kong China,0.9701,0.0038,0.026,41-9,False,,,,,,
,New Zealand,Chile,0.9922,0.0012,0.0066,55-14,False,,,,,,
,New Zealand,Hong Kong China,0.9918,0.0012,0.007,50-10,False,,,,,,
,Chile,Hong Kong China,0.6288,0.0224,0.3489,26-20,False,,,,,,
,South Africa,Italy,0.9086,0.0094,0.0819,39-16,False,,,,,,
,South Africa,Georgia,0.9911,0.0013,0.0076,54-14,False,,,,,,
,South Africa,Romania,0.9984,0.0003,0.0013,60-11,False,,,,,,
,Italy,Georgia,0.7904,0.0168,0.1928,31-17,False,,,,,,
,Italy,Romania,0.9672,0.0041,0.0287,43-12,False,,,,,,
,Georgia,Romania,0.8498,0.0135,0.1367,35-17,False,,,,,,
,Argentina,Fiji,0.6884,0.0208,0.2907,29-20,False,,,,,,
,Argentina,Canada,0.997,0.0005,0.0025,58-11,False,,,,,,
,Argentina,Spain,0.9637,0.0045,0.0318,44-13,False,,,,,,
,Fiji,Canada,0.9706,0.0038,0.0256,45-13,False,,,,,,
,Fiji,Spain,0.737,0.0191,0.2439,28-17,False,,,,,,
,Canada,Spain,0.1532,0.0146,0.8323,14-31,False,,,,,,
,Ireland,Scotland,0.7208,0.0197,0.2595,31-21,False,,,,,,
,Ireland,Uruguay,0.9911,0.0013,0.0075,52-12,False,,,,,,
,Ireland,Portugal,0.9958,0.0007,0.0035,54-10,False,,,,,,
,Scotland,Uruguay,0.9534,0.0055,0.041,40-11,False,,,,,,
,Scotland,Portugal,0.974,0.0034,0.0226,43-10,False,,,,,,
,Uruguay,Portugal,0.4622,0.0238,0.514,21-22,False,,,,,,
,France,Japan,0.9556,0.0053,0.0391,42-13,False,,,,,,
,France,Samoa,0.9823,0.0025,0.0153,50-15,False,,,,,,
,France,United States,0.9917,0.0013,0.0071,54-14,False,,,,,,
,Japan,Samoa,0.5899,0.0231,0.3871,26-21,False,,,,,,
,Japan,United States,0.5956,0.023,0.3814,28-24,False,,,,,,
,Samoa,United States,0.7096,0.0201,0.2703,29-19,False,,,,,,
,England,Wales,0.8299,0.0147,0.1554,32-16,False,,,,,,
,England,Tonga,0.9741,0.0034,0.0225,45-12,False,,,,,,
,England,Zimbabwe,0.9949,0.0008,0.0043,50-7,False,,,,,,
,Wales,Tonga,0.7669,0.0179,0.2152,32-19,False,,,,,,
,Wales,Zimbabwe,0.8888,0.0109,0.1003,35-14,False,,,,,,
,Tonga,Zimbabwe,0.7637,0.018,0.2183,31-19,False,,,,,,
,Australia,New Zealand,0.2871,0.0207,0.6922,19-28,False,,,,,,
,Australia,Chile,0.9258,0.008,0.0661,39-14,False,,,,,,
,Australia,Hong Kong China,0.9701,0.0038,0.026,41-9,False,,,,,,
,New Zealand,Chile,0.9922,0.0012,0.0066,55-14,False,,,,,,
,New Zealand,Hong Kong China,0.9918,0.0012,0.007,50-10,False,,,,,,
,Chile,Hong Kong China,0.6288,0.0224,0.3489,26-20,False,,,,,,
,South Africa,Italy,0.9086,0.0094,0.0819,39-16,False,,,,,,
,South Africa,Georgia,0.9911,0.0013,0.0076,54-14,False,,,,,,
,South Africa,Romania,0.9984,0.0003,0.0013,60-11,False,,,,,,
,Italy,Georgia,0.7904,0.0168,0.1928,31-17,False,,,,,,
,Italy,Romania,0.9672,0.0041,0.0287,43-12,False,,,,,,
,Georgia,Romania,0.8498,0.0135,0.1367,35-17,False,,,,,,
,Argentina,Fiji,0.6884,0.0208,0.2907,29-20,False,,,,,,
,Argentina,Canada,0.997,0.0005,0.0025,58-11,False,,,,,,
,Argentina,Spain,0.9637,0.0045,0.0318,44-13,False,,,,,,
,Fiji,Canada,0.9706,0.0038,0.0256,45-13,False,,,,,,
,Fiji,Spain,0.737,0.0191,0.2439,28-17,False,,,,,,
,Canada,Spain,0.1532,0.0146,0.8323,14-31,False,,,,,,
,Ireland,Scotland,0.7208,0.0197,0.2595,31-21,False,,,,,,
,Ireland,Uruguay,0.9911,0.0013,0.0075,52-12,False,,,,,,
,Ireland,Portugal,0.9958,0.0007,0.0035,54-10,False,,,,,,
,Scotland,Uruguay,0.9534,0.0055,0.041,40-11,False,,,,,,
,Scotland,Portugal,0.974,0.0034,0.0226,43-10,False,,,,,,
,Uruguay,Portugal,0.4622,0.0238,0.514,21-22,False,,,,,,
,France,Japan,0.9556,0.0053,0.0391,42-13,False,,,,,,
,France,Samoa,0.9823,0.0025,0.0153,50-15,False,,,,,,
,France,United States,0.9917,0.0013,0.0071,54-14,False,,,,,,
,Japan,Samoa,0.5899,0.0231,0.3871,26-21,False,,,,,,
,Japan,United States,0.5956,0.023,0.3814,28-24,False,,,,,,
,Samoa,United States,0.7096,0.0201,0.2703,29-19,False,,,,,,
,England,Wales,0.8299,0.0147,0.1554,32-16,False,,,,,,
,England,Tonga,0.9741,0.0034,0.0225,45-12,False,,,,,,
,England,Zimbabwe,0.9949,0.0008,0.0043,50-7,False,,,,,,
,Wales,Tonga,0.7669,0.0179,0.2152,32-19,False,,,,,,
,Wales,Zimbabwe,0.8888,0.0109,0.1003,35-14,False,,,,,,
,Tonga,Zimbabwe,0.7637,0.018,0.2183,31-19,False,,,,,,
,Australia,New Zealand,0.2871,0.0207,0.6922,19-28,False,,,,,,
,Australia,Chile,0.9258,0.008,0.0661,39-14,False,,,,,,
,Australia,Hong Kong China,0.9701,0.0038,0.026,41-9,False,,,,,,
,New Zealand,Chile,0.9922,0.0012,0.0066,55-14,False,,,,,,
,New Zealand,Hong Kong China,0.9918,0.0012,0.007,50-10,False,,,,,,
,Chile,Hong Kong China,0.6288,0.0224,0.3489,26-20,False,,,,,,
,South Africa,Italy,0.9086,0.0094,0.0819,39-16,False,,,,,,
,South Africa,Georgia,0.9911,0.0013,0.0076,54-14,False,,,,,,
,South Africa,Romania,0.9984,0.0003,0.0013,60-11,False,,,,,,
,Italy,Georgia,0.7904,0.0168,0.1928,31-17,False,,,,,,
,Italy,Romania,0.9672,0.0041,0.0287,43-12,False,,,,,,
,Georgia,Romania,0.8498,0.0135,0.1367,35-17,False,,,,,,
,Argentina,Fiji,0.6884,0.0208,0.2907,29-20,False,,,,,,
,Argentina,Canada,0.997,0.0005,0.0025,58-11,False,,,,,,
,Argentina,Spain,0.9637,0.0045,0.0318,44-13,False,,,,,,
,Fiji,Canada,0.9706,0.0038,0.0256,45-13,False,,,,,,
,Fiji,Spain,0.737,0.0191,0.2439,28-17,False,,,,,,
,Canada,Spain,0.1532,0.0146,0.8323,14-31,False,,,,,,
,Ireland,Scotland,0.7208,0.0197,0.2595,31-21,False,,,,,,
,Ireland,Uruguay,0.9911,0.0013,0.0075,52-12,False,,,,,,
,Ireland,Portugal,0.9958,0.0007,0.0035,54-10,False,,,,,,
,Scotland,Uruguay,0.9534,0.0055,0.041,40-11,False,,,,,,
,Scotland,Portugal,0.974,0.0034,0.0226,43-10,False,,,,,,
,Uruguay,Portugal,0.4622,0.0238,0.514,21-22,False,,,,,,
,France,Japan,0.9556,0.0053,0.0391,42-13,False,,,,,,
,France,Samoa,0.9823,0.0025,0.0153,50-15,False,,,,,,
,France,United States,0.9917,0.0013,0.0071,54-14,False,,,,,,
,Japan,Samoa,0.5899,0.0231,0.3871,26-21,False,,,,,,
,Japan,United States,0.5956,0.023,0.3814,28-24,False,,,,,,
,Samoa,United States,0.7096,0.0201,0.2703,29-19,False,,,,,,
,England,Wales,0.8299,0.0147,0.1554,32-16,False,,,,,,
,England,Tonga,0.9741,0.0034,0.0225,45-12,False,,,,,,
,England,Zimbabwe,0.9949,0.0008,0.0043,50-7,False,,,,,,
,Wales,Tonga,0.7669,0.0179,0.2152,32-19,False,,,,,,
,Wales,Zimbabwe,0.8888,0.0109,0.1003,35-14,False,,,,,,
,Tonga,Zimbabwe,0.7637,0.018,0.2183,31-19,False,,,,,,
,Australia,New Zealand,0.2871,0.0207,0.6922,19-28,False,,,,,,
,Australia,Chile,0.9258,0.008,0.0661,39-14,False,,,,,,
,Australia,Hong Kong China,0.9701,0.0038,0.026,41-9,False,,,,,,
,New Zealand,Chile,0.9922,0.0012,0.0066,55-14,False,,,,,,
,New Zealand,Hong Kong China,0.9918,0.0012,0.007,50-10,False,,,,,,
,Chile,Hong Kong China,0.6288,0.0224,0.3489,26-20,False,,,,,,
,South Africa,Italy,0.9086,0.0094,0.0819,39-16,False,,,,,,
,South Africa,Georgia,0.9911,0.0013,0.0076,54-14,False,,,,,,
,South Africa,Romania,0.9984,0.0003,0.0013,60-11,False,,,,,,
,Italy,Georgia,0.7904,0.0168,0.1928,31-17,False,,,,,,
,Italy,Romania,0.9672,0.0041,0.0287,43-12,False,,,,,,
,Georgia,Romania,0.8498,0.0135,0.1367,35-17,False,,,,,,
,Argentina,Fiji,0.6884,0.0208,0.2907,29-20,False,,,,,,
,Argentina,Canada,0.997,0.0005,0.0025,58-11,False,,,,,,
,Argentina,Spain,0.9637,0.0045,0.0318,44-13,False,,,,,,
,Fiji,Canada,0.9706,0.0038,0.0256,45-13,False,,,,,,
,Fiji,Spain,0.737,0.0191,0.2439,28-17,False,,,,,,
,Canada,Spain,0.1532,0.0146,0.8323,14-31,False,,,,,,
,Ireland,Scotland,0.7208,0.0197,0.2595,31-21,False,,,,,,
,Ireland,Uruguay,0.9911,0.0013,0.0075,52-12,False,,,,,,
,Ireland,Portugal,0.9958,0.0007,0.0035,54-10,False,,,,,,
,Scotland,Uruguay,0.9534,0.0055,0.041,40-11,False,,,,,,
,Scotland,Portugal,0.974,0.0034,0.0226,43-10,False,,,,,,
,Uruguay,Portugal,0.4622,0.0238,0.514,21-22,False,,,,,,
,France,Japan,0.9556,0.0053,0.0391,42-13,False,,,,,,
,France,Samoa,0.9823,0.0025,0.0153,50-15,False,,,,,,
,France,United States,0.9917,0.0013,0.0071,54-14,False,,,,,,
,Japan,Samoa,0.5899,0.0231,0.3871,26-21,False,,,,,,
,Japan,United States,0.5956,0.023,0.3814,28-24,False,,,,,,
,Samoa,United States,0.7096,0.0201,0.2703,29-19,False,,,,,,
,England,Wales,0.8299,0.0147,0.1554,32-16,False,,,,,,
,England,Tonga,0.9741,0.0034,0.0225,45-12,False,,,,,,
,England,Zimbabwe,0.9949,0.0008,0.0043,50-7,False,,,,,,
,Wales,Tonga,0.7669,0.0179,0.2152,32-19,False,,,,,,
,Wales,Zimbabwe,0.8888,0.0109,0.1003,35-14,False,,,,,,
,Tonga,Zimbabwe,0.7637,0.018,0.2183,31-19,False,,,,,,
,Australia,New Zealand,0.2871,0.0207,0.6922,19-28,False,,,,,,
,Australia,Chile,0.9258,0.008,0.0661,39-14,False,,,,,,
,Australia,Hong Kong China,0.9701,0.0038,0.026,41-9,False,,,,,,
,New Zealand,Chile,0.9922,0.0012,0.0066,55-14,False,,,,,,
,New Zealand,Hong Kong China,0.9918,0.0012,0.007,50-10,False,,,,,,
,Chile,Hong Kong China,0.6288,0.0224,0.3489,26-20,False,,,,,,
,South Africa,Italy,0.9086,0.0094,0.0819,39-16,False,,,,,,
,South Africa,Georgia,0.9911,0.0013,0.0076,54-14,False,,,,,,
,South Africa,Romania,0.9984,0.0003,0.0013,60-11,False,,,,,,
,Italy,Georgia,0.7904,0.0168,0.1928,31-17,False,,,,,,
,Italy,Romania,0.9672,0.0041,0.0287,43-12,False,,,,,,
,Georgia,Romania,0.8498,0.0135,0.1367,35-17,False,,,,,,
,Argentina,Fiji,0.6884,0.0208,0.2907,29-20,False,,,,,,
,Argentina,Canada,0.997,0.0005,0.0025,58-11,False,,,,,,
,Argentina,Spain,0.9637,0.0045,0.0318,44-13,False,,,,,,
,Fiji,Canada,0.9706,0.0038,0.0256,45-13,False,,,,,,
,Fiji,Spain,0.737,0.0191,0.2439,28-17,False,,,,,,
,Canada,Spain,0.1532,0.0146,0.8323,14-31,False,,,,,,
,Ireland,Scotland,0.7208,0.0197,0.2595,31-21,False,,,,,,
,Ireland,Uruguay,0.9911,0.0013,0.0075,52-12,False,,,,,,
,Ireland,Portugal,0.9958,0.0007,0.0035,54-10,False,,,,,,
,Scotland,Uruguay,0.9534,0.0055,0.041,40-11,False,,,,,,
,Scotland,Portugal,0.974,0.0034,0.0226,43-10,False,,,,,,
,Uruguay,Portugal,0.4622,0.0238,0.514,21-22,False,,,,,,
,France,Japan,0.9556,0.0053,0.0391,42-13,False,,,,,,
,France,Samoa,0.9823,0.0025,0.0153,50-15,False,,,,,,
,France,United States,0.9917,0.0013,0.0071,54-14,False,,,,,,
,Japan,Samoa,0.5899,0.0231,0.3871,26-21,False,,,,,,
,Japan,United States,0.5956,0.023,0.3814,28-24,False,,,,,,
,Samoa,United States,0.7096,0.0201,0.2703,29-19,False,,,,,,
,England,Wales,0.8299,0.0147,0.1554,32-16,False,,,,,,
,England,Tonga,0.9741,0.0034,0.0225,45-12,False,,,,,,
,England,Zimbabwe,0.9949,0.0008,0.0043,50-7,False,,,,,,
,Wales,Tonga,0.7669,0.0179,0.2152,32-19,False,,,,,,
,Wales,Zimbabwe,0.8888,0.0109,0.1003,35-14,False,,,,,,
,Tonga,Zimbabwe,0.7637,0.018,0.2183,31-19,False,,,,,,
,Australia,New Zealand,0.2871,0.0207,0.6922,19-28,False,,,,,,
,Australia,Chile,0.9258,0.008,0.0661,39-14,False,,,,,,
,Australia,Hong Kong China,0.9701,0.0038,0.026,41-9,False,,,,,,
,New Zealand,Chile,0.9922,0.0012,0.0066,55-14,False,,,,,,
,New Zealand,Hong Kong China,0.9918,0.0012,0.007,50-10,False,,,,,,
,Chile,Hong Kong China,0.6288,0.0224,0.3489,26-20,False,,,,,,
,South Africa,Italy,0.9086,0.0094,0.0819,39-16,False,,,,,,
,South Africa,Georgia,0.9911,0.0013,0.0076,54-14,False,,,,,,
,South Africa,Romania,0.9984,0.0003,0.0013,60-11,False,,,,,,
,Italy,Georgia,0.7904,0.0168,0.1928,31-17,False,,,,,,
,Italy,Romania,0.9672,0.0041,0.0287,43-12,False,,,,,,
,Georgia,Romania,0.8498,0.0135,0.1367,35-17,False,,,,,,
,Argentina,Fiji,0.6884,0.0208,0.2907,29-20,False,,,,,,
,Argentina,Canada,0.997,0.0005,0.0025,58-11,False,,,,,,
,Argentina,Spain,0.9637,0.0045,0.0318,44-13,False,,,,,,
,Fiji,Canada,0.9706,0.0038,0.0256,45-13,False,,,,,,
,Fiji,Spain,0.737,0.0191,0.2439,28-17,False,,,,,,
,Canada,Spain,0.1532,0.0146,0.8323,14-31,False,,,,,,
,Ireland,Scotland,0.7208,0.0197,0.2595,31-21,False,,,,,,
,Ireland,Uruguay,0.9911,0.0013,0.0075,52-12,False,,,,,,
,Ireland,Portugal,0.9958,0.0007,0.0035,54-10,False,,,,,,
,Scotland,Uruguay,0.9534,0.0055,0.041,40-11,False,,,,,,
,Scotland,Portugal,0.974,0.0034,0.0226,43-10,False,,,,,,
,Uruguay,Portugal,0.4622,0.0238,0.514,21-22,False,,,,,,
,France,Japan,0.9556,0.0053,0.0391,42-13,False,,,,,,
,France,Samoa,0.9823,0.0025,0.0153,50-15,False,,,,,,
,France,United States,0.9917,0.0013,0.0071,54-14,False,,,,,,
,Japan,Samoa,0.5899,0.0231,0.3871,26-21,False,,,,,,
,Japan,United States,0.5956,0.023,0.3814,28-24,False,,,,,,
,Samoa,United States,0.7096,0.0201,0.2703,29-19,False,,,,,,
,England,Wales,0.8299,0.0147,0.1554,32-16,False,,,,,,
,England,Tonga,0.9741,0.0034,0.0225,45-12,False,,,,,,
,England,Zimbabwe,0.9949,0.0008,0.0043,50-7,False,,,,,,
,Wales,Tonga,0.7669,0.0179,0.2152,32-19,False,,,,,,
,Wales,Zimbabwe,0.8888,0.0109,0.1003,35-14,False,,,,,,
,Tonga,Zimbabwe,0.7637,0.018,0.2183,31-19,False,,,,,,
,Australia,New Zealand,0.2871,0.0207,0.6922,19-28,False,,,,,,
,Australia,Chile,0.9258,0.008,0.0661,39-14,False,,,,,,
,Australia,Hong Kong China,0.9701,0.0038,0.026,41-9,False,,,,,,
,New Zealand,Chile,0.9922,0.0012,0.0066,55-14,False,,,,,,
,New Zealand,Hong Kong China,0.9918,0.0012,0.007,50-10,False,,,,,,
,Chile,Hong Kong China,0.6288,0.0224,0.3489,26-20,False,,,,,,
,South Africa,Italy,0.9086,0.0094,0.0819,39-16,False,,,,,,
,South Africa,Georgia,0.9911,0.0013,0.0076,54-14,False,,,,,,
,South Africa,Romania,0.9984,0.0003,0.0013,60-11,False,,,,,,
,Italy,Georgia,0.7904,0.0168,0.1928,31-17,False,,,,,,
,Italy,Romania,0.9672,0.0041,0.0287,43-12,False,,,,,,
,Georgia,Romania,0.8498,0.0135,0.1367,35-17,False,,,,,,
,Argentina,Fiji,0.6884,0.0208,0.2907,29-20,False,,,,,,
,Argentina,Canada,0.997,0.0005,0.0025,58-11,False,,,,,,
,Argentina,Spain,0.9637,0.0045,0.0318,44-13,False,,,,,,
,Fiji,Canada,0.9706,0.0038,0.0256,45-13,False,,,,,,
,Fiji,Spain,0.737,0.0191,0.2439,28-17,False,,,,,,
,Canada,Spain,0.1532,0.0146,0.8323,14-31,False,,,,,,
,Ireland,Scotland,0.7208,0.0197,0.2595,31-21,False,,,,,,
,Ireland,Uruguay,0.9911,0.0013,0.0075,52-12,False,,,,,,
,Ireland,Portugal,0.9958,0.0007,0.0035,54-10,False,,,,,,
,Scotland,Uruguay,0.9534,0.0055,0.041,40-11,False,,,,,,
,Scotland,Portugal,0.974,0.0034,0.0226,43-10,False,,,,,,
,Uruguay,Portugal,0.4622,0.0238,0.514,21-22,False,,,,,,
,France,Japan,0.9556,0.0053,0.0391,42-13,False,,,,,,
,France,Samoa,0.9823,0.0025,0.0153,50-15,False,,,,,,
,France,United States,0.9917,0.0013,0.0071,54-14,False,,,,,,
,Japan,Samoa,0.5899,0.0231,0.3871,26-21,False,,,,,,
,Japan,United States,0.5956,0.023,0.3814,28-24,False,,,,,,
,Samoa,United States,0.7096,0.0201,0.2703,29-19,False,,,,,,
,England,Wales,0.8299,0.0147,0.1554,32-16,False,,,,,,
,England,Tonga,0.9741,0.0034,0.0225,45-12,False,,,,,,
,England,Zimbabwe,0.9949,0.0008,0.0043,50-7,False,,,,,,
,Wales,Tonga,0.7669,0.0179,0.2152,32-19,False,,,,,,
,Wales,Zimbabwe,0.8888,0.0109,0.1003,35-14,False,,,,,,
,Tonga,Zimbabwe,0.7637,0.018,0.2183,31-19,False,,,,,,
,Australia,New Zealand,0.2871,0.0207,0.6922,19-28,False,,,,,,
,Australia,Chile,0.9258,0.008,0.0661,39-14,False,,,,,,
,Australia,Hong Kong China,0.9701,0.0038,0.026,41-9,False,,,,,,
,New Zealand,Chile,0.9922,0.0012,0.0066,55-14,False,,,,,,
,New Zealand,Hong Kong China,0.9918,0.0012,0.007,50-10,False,,,,,,
,Chile,Hong Kong China,0.6288,0.0224,0.3489,26-20,False,,,,,,
,South Africa,Italy,0.9086,0.0094,0.0819,39-16,False,,,,,,
,South Africa,Georgia,0.9911,0.0013,0.0076,54-14,False,,,,,,
,South Africa,Romania,0.9984,0.0003,0.0013,60-11,False,,,,,,
,Italy,Georgia,0.7904,0.0168,0.1928,31-17,False,,,,,,
,Italy,Romania,0.9672,0.0041,0.0287,43-12,False,,,,,,
,Georgia,Romania,0.8498,0.0135,0.1367,35-17,False,,,,,,
,Argentina,Fiji,0.6884,0.0208,0.2907,29-20,False,,,,,,
,Argentina,Canada,0.997,0.0005,0.0025,58-11,False,,,,,,
,Argentina,Spain,0.9637,0.0045,0.0318,44-13,False,,,,,,
,Fiji,Canada,0.9706,0.0038,0.0256,45-13,False,,,,,,
,Fiji,Spain,0.737,0.0191,0.2439,28-17,False,,,,,,
,Canada,Spain,0.1532,0.0146,0.8323,14-31,False,,,,,,
,Ireland,Scotland,0.7208,0.0197,0.2595,31-21,False,,,,,,
,Ireland,Uruguay,0.9911,0.0013,0.0075,52-12,False,,,,,,
,Ireland,Portugal,0.9958,0.0007,0.0035,54-10,False,,,,,,
,Scotland,Uruguay,0.9534,0.0055,0.041,40-11,False,,,,,,
,Scotland,Portugal,0.974,0.0034,0.0226,43-10,False,,,,,,
,Uruguay,Portugal,0.4622,0.0238,0.514,21-22,False,,,,,,
,France,Japan,0.9556,0.0053,0.0391,42-13,False,,,,,,
,France,Samoa,0.9823,0.0025,0.0153,50-15,False,,,,,,
,France,United States,0.9917,0.0013,0.0071,54-14,False,,,,,,
,Japan,Samoa,0.5899,0.0231,0.3871,26-21,False,,,,,,
,Japan,United States,0.5956,0.023,0.3814,28-24,False,,,,,,
,Samoa,United States,0.7096,0.0201,0.2703,29-19,False,,,,,,
,England,Wales,0.8299,0.0147,0.1554,32-16,False,,,,,,
,England,Tonga,0.9741,0.0034,0.0225,45-12,False,,,,,,
,England,Zimbabwe,0.9949,0.0008,0.0043,50-7,False,,,,,,
,Wales,Tonga,0.7669,0.0179,0.2152,32-19,False,,,,,,
,Wales,Zimbabwe,0.8888,0.0109,0.1003,35-14,False,,,,,,
,Tonga,Zimbabwe,0.7637,0.018,0.2183,31-19,False,,,,,,
,Australia,New Zealand,0.2871,0.0207,0.6922,19-28,False,,,,,,
,Australia,Chile,0.9258,0.008,0.0661,39-14,False,,,,,,
,Australia,Hong Kong China,0.9701,0.0038,0.026,41-9,False,,,,,,
,New Zealand,Chile,0.9922,0.0012,0.0066,55-14,False,,,,,,
,New Zealand,Hong Kong China,0.9918,0.0012,0.007,50-10,False,,,,,,
,Chile,Hong Kong China,0.6288,0.0224,0.3489,26-20,False,,,,,,
,South Africa,Italy,0.9086,0.0094,0.0819,39-16,False,,,,,,
,South Africa,Georgia,0.9911,0.0013,0.0076,54-14,False,,,,,,
,South Africa,Romania,0.9984,0.0003,0.0013,60-11,False,,,,,,
,Italy,Georgia,0.7904,0.0168,0.1928,31-17,False,,,,,,
,Italy,Romania,0.9672,0.0041,0.0287,43-12,False,,,,,,
,Georgia,Romania,0.8498,0.0135,0.1367,35-17,False,,,,,,
,Argentina,Fiji,0.6884,0.0208,0.2907,29-20,False,,,,,,
,Argentina,Canada,0.997,0.0005,0.0025,58-11,False,,,,,,
,Argentina,Spain,0.9637,0.0045,0.0318,44-13,False,,,,,,
,Fiji,Canada,0.9706,0.0038,0.0256,45-13,False,,,,,,
,Fiji,Spain,0.737,0.0191,0.2439,28-17,False,,,,,,
,Canada,Spain,0.1532,0.0146,0.8323,14-31,False,,,,,,
,Ireland,Scotland,0.7208,0.0197,0.2595,31-21,False,,,,,,
,Ireland,Uruguay,0.9911,0.0013,0.0075,52-12,False,,,,,,
,Ireland,Portugal,0.9958,0.0007,0.0035,54-10,False,,,,,,
,Scotland,Uruguay,0.9534,0.0055,0.041,40-11,False,,,,,,
,Scotland,Portugal,0.974,0.0034,0.0226,43-10,False,,,,,,
,Uruguay,Portugal,0.4622,0.0238,0.514,21-22,False,,,,,,
,France,Japan,0.9556,0.0053,0.0391,42-13,False,,,,,,
,France,Samoa,0.9823,0.0025,0.0153,50-15,False,,,,,,
,France,United States,0.9917,0.0013,0.0071,54-14,False,,,,,,
,Japan,Samoa,0.5899,0.0231,0.3871,26-21,False,,,,,,
,Japan,United States,0.5956,0.023,0.3814,28-24,False,,,,,,
,Samoa,United States,0.7096,0.0201,0.2703,29-19,False,,,,,,
,England,Wales,0.8299,0.0147,0.1554,32-16,False,,,,,,
,England,Tonga,0.9741,0.0034,0.0225,45-12,False,,,,,,
,England,Zimbabwe,0.9949,0.0008,0.0043,50-7,False,,,,,,
,Wales,Tonga,0.7669,0.0179,0.2152,32-19,False,,,,,,
,Wales,Zimbabwe,0.8888,0.0109,0.1003,35-14,False,,,,,,
,Tonga,Zimbabwe,0.7637,0.018,0.2183,31-19,False,,,,,,
,Australia,New Zealand,0.2871,0.0207,0.6922,19-28,False,,,,,,
,Australia,Chile,0.9258,0.008,0.0661,39-14,False,,,,,,
,Australia,Hong Kong China,0.9701,0.0038,0.026,41-9,False,,,,,,
,New Zealand,Chile,0.9922,0.0012,0.0066,55-14,False,,,,,,
,New Zealand,Hong Kong China,0.9918,0.0012,0.007,50-10,False,,,,,,
,Chile,Hong Kong China,0.6288,0.0224,0.3489,26-20,False,,,,,,
,South Africa,Italy,0.9086,0.0094,0.0819,39-16,False,,,,,,
,South Africa,Georgia,0.9911,0.0013,0.0076,54-14,False,,,,,,
,South Africa,Romania,0.9984,0.0003,0.0013,60-11,False,,,,,,
,Italy,Georgia,0.7904,0.0168,0.1928,31-17,False,,,,,,
,Italy,Romania,0.9672,0.0041,0.0287,43-12,False,,,,,,
,Georgia,Romania,0.8498,0.0135,0.1367,35-17,False,,,,,,
,Argentina,Fiji,0.6884,0.0208,0.2907,29-20,False,,,,,,
,Argentina,Canada,0.997,0.0005,0.0025,58-11,False,,,,,,
,Argentina,Spain,0.9637,0.0045,0.0318,44-13,False,,,,,,
,Fiji,Canada,0.9706,0.0038,0.0256,45-13,False,,,,,,
,Fiji,Spain,0.737,0.0191,0.2439,28-17,False,,,,,,
,Canada,Spain,0.1532,0.0146,0.8323,14-31,False,,,,,,
,Ireland,Scotland,0.7208,0.0197,0.2595,31-21,False,,,,,,
,Ireland,Uruguay,0.9911,0.0013,0.0075,52-12,False,,,,,,
,Ireland,Portugal,0.9958,0.0007,0.0035,54-10,False,,,,,,
,Scotland,Uruguay,0.9534,0.0055,0.041,40-11,False,,,,,,
,Scotland,Portugal,0.974,0.0034,0.0226,43-10,False,,,,,,
,Uruguay,Portugal,0.4622,0.0238,0.514,21-22,False,,,,,,
,France,Japan,0.9556,0.0053,0.0391,42-13,False,,,,,,
,France,Samoa,0.9823,0.0025,0.0153,50-15,False,,,,,,
,France,United States,0.9917,0.0013,0.0071,54-14,False,,,,,,
,Japan,Samoa,0.5899,0.0231,0.3871,26-21,False,,,,,,
,Japan,United States,0.5956,0.023,0.3814,28-24,False,,,,,,
,Samoa,United States,0.7096,0.0201,0.2703,29-19,False,,,,,,
,England,Wales,0.8299,0.0147,0.1554,32-16,False,,,,,,
,England,Tonga,0.9741,0.0034,0.0225,45-12,False,,,,,,
,England,Zimbabwe,0.9949,0.0008,0.0043,50-7,False,,,,,,
,Wales,Tonga,0.7669,0.0179,0.2152,32-19,False,,,,,,
,Wales,Zimbabwe,0.8888,0.0109,0.1003,35-14,False,,,,,,
,Tonga,Zimbabwe,0.7637,0.018,0.2183,31-19,False,,,,,,
,Australia,New Zealand,0.2871,0.0207,0.6922,19-28,False,,,,,,
,Australia,Chile,0.9258,0.008,0.0661,39-14,False,,,,,,
,Australia,Hong Kong China,0.9701,0.0038,0.026,41-9,False,,,,,,
,New Zealand,Chile,0.9922,0.0012,0.0066,55-14,False,,,,,,
,New Zealand,Hong Kong China,0.9918,0.0012,0.007,50-10,False,,,,,,
,Chile,Hong Kong China,0.6288,0.0224,0.3489,26-20,False,,,,,,
,South Africa,Italy,0.9086,0.0094,0.0819,39-16,False,,,,,,
,South Africa,Georgia,0.9911,0.0013,0.0076,54-14,False,,,,,,
,South Africa,Romania,0.9984,0.0003,0.0013,60-11,False,,,,,,
,Italy,Georgia,0.7904,0.0168,0.1928,31-17,False,,,,,,
,Italy,Romania,0.9672,0.0041,0.0287,43-12,False,,,,,,
,Georgia,Romania,0.8498,0.0135,0.1367,35-17,False,,,,,,
,Argentina,Fiji,0.6884,0.0208,0.2907,29-20,False,,,,,,
,Argentina,Canada,0.997,0.0005,0.0025,58-11,False,,,,,,
,Argentina,Spain,0.9637,0.0045,0.0318,44-13,False,,,,,,
,Fiji,Canada,0.9706,0.0038,0.0256,45-13,False,,,,,,
,Fiji,Spain,0.737,0.0191,0.2439,28-17,False,,,,,,
,Canada,Spain,0.1532,0.0146,0.8323,14-31,False,,,,,,
,Ireland,Scotland,0.7208,0.0197,0.2595,31-21,False,,,,,,
,Ireland,Uruguay,0.9911,0.0013,0.0075,52-12,False,,,,,,
,Ireland,Portugal,0.9958,0.0007,0.0035,54-10,False,,,,,,
,Scotland,Uruguay,0.9534,0.0055,0.041,40-11,False,,,,,,
,Scotland,Portugal,0.974,0.0034,0.0226,43-10,False,,,,,,
,Uruguay,Portugal,0.4622,0.0238,0.514,21-22,False,,,,,,
,France,Japan,0.9556,0.0053,0.0391,42-13,False,,,,,,
,France,Samoa,0.9823,0.0025,0.0153,50-15,False,,,,,,
,France,United States,0.9917,0.0013,0.0071,54-14,False,,,,,,
,Japan,Samoa,0.5899,0.0231,0.3871,26-21,False,,,,,,
,Japan,United States,0.5956,0.023,0.3814,28-24,False,,,,,,
,Samoa,United States,0.7096,0.0201,0.2703,29-19,False,,,,,,
,England,Wales,0.8299,0.0147,0.1554,32-16,False,,,,,,
,England,Tonga,0.9741,0.0034,0.0225,45-12,False,,,,,,
,England,Zimbabwe,0.9949,0.0008,0.0043,50-7,False,,,,,,
,Wales,Tonga,0.7669,0.0179,0.2152,32-19,False,,,,,,
,Wales,Zimbabwe,0.8888,0.0109,0.1003,35-14,False,,,,,,
,Tonga,Zimbabwe,0.7637,0.018,0.2183,31-19,False,,,,,,
,Australia,New Zealand,0.2871,0.0207,0.6922,19-28,False,,,,,,
,Australia,Chile,0.9258,0.008,0.0661,39-14,False,,,,,,
,Australia,Hong Kong China,0.9701,0.0038,0.026,41-9,False,,,,,,
,New Zealand,Chile,0.9922,0.0012,0.0066,55-14,False,,,,,,
,New Zealand,Hong Kong China,0.9918,0.0012,0.007,50-10,False,,,,,,
,Chile,Hong Kong China,0.6288,0.0224,0.3489,26-20,False,,,,,,
,South Africa,Italy,0.9086,0.0094,0.0819,39-16,False,,,,,,
,South Africa,Georgia,0.9911,0.0013,0.0076,54-14,False,,,,,,
,South Africa,Romania,0.9984,0.0003,0.0013,60-11,False,,,,,,
,Italy,Georgia,0.7904,0.0168,0.1928,31-17,False,,,,,,
,Italy,Romania,0.9672,0.0041,0.0287,43-12,False,,,,,,
,Georgia,Romania,0.8498,0.0135,0.1367,35-17,False,,,,,,
,Argentina,Fiji,0.6884,0.0208,0.2907,29-20,False,,,,,,
,Argentina,Canada,0.997,0.0005,0.0025,58-11,False,,,,,,
,Argentina,Spain,0.9637,0.0045,0.0318,44-13,False,,,,,,
,Fiji,Canada,0.9706,0.0038,0.0256,45-13,False,,,,,,
,Fiji,Spain,0.737,0.0191,0.2439,28-17,False,,,,,,
,Canada,Spain,0.1532,0.0146,0.8323,14-31,False,,,,,,
,Ireland,Scotland,0.7208,0.0197,0.2595,31-21,False,,,,,,
,Ireland,Uruguay,0.9911,0.0013,0.0075,52-12,False,,,,,,
,Ireland,Portugal,0.9958,0.0007,0.0035,54-10,False,,,,,,
,Scotland,Uruguay,0.9534,0.0055,0.041,40-11,False,,,,,,
,Scotland,Portugal,0.974,0.0034,0.0226,43-10,False,,,,,,
,Uruguay,Portugal,0.4622,0.0238,0.514,21-22,False,,,,,,
,France,Japan,0.9556,0.0053,0.0391,42-13,False,,,,,,
,France,Samoa,0.9823,0.0025,0.0153,50-15,False,,,,,,
,France,United States,0.9917,0.0013,0.0071,54-14,False,,,,,,
,Japan,Samoa,0.5899,0.0231,0.3871,26-21,False,,,,,,
,Japan,United States,0.5956,0.023,0.3814,28-24,False,,,,,,
,Samoa,United States,0.7096,0.0201,0.2703,29-19,False,,,,,,
,England,Wales,0.8299,0.0147,0.1554,32-16,False,,,,,,
,England,Tonga,0.9741,0.0034,0.0225,45-12,False,,,,,,
,England,Zimbabwe,0.9949,0.0008,0.0043,50-7,False,,,,,,
,Wales,Tonga,0.7669,0.0179,0.2152,32-19,False,,,,,,
,Wales,Zimbabwe,0.8888,0.0109,0.1003,35-14,False,,,,,,
,Tonga,Zimbabwe,0.7637,0.018,0.2183,31-19,False,,,,,,
,Australia,New Zealand,0.2871,0.0207,0.6922,19-28,False,,,,,,
,Australia,Chile,0.9258,0.008,0.0661,39-14,False,,,,,,
,Australia,Hong Kong China,0.9701,0.0038,0.026,41-9,False,,,,,,
,New Zealand,Chile,0.9922,0.0012,0.0066,55-14,False,,,,,,
,New Zealand,Hong Kong China,0.9918,0.0012,0.007,50-10,False,,,,,,
,Chile,Hong Kong China,0.6288,0.0224,0.3489,26-20,False,,,,,,
,South Africa,Italy,0.9086,0.0094,0.0819,39-16,False,,,,,,
,South Africa,Georgia,0.9911,0.0013,0.0076,54-14,False,,,,,,
,South Africa,Romania,0.9984,0.0003,0.0013,60-11,False,,,,,,
,Italy,Georgia,0.7904,0.0168,0.1928,31-17,False,,,,,,
,Italy,Romania,0.9672,0.0041,0.0287,43-12,False,,,,,,
,Georgia,Romania,0.8498,0.0135,0.1367,35-17,False,,,,,,
,Argentina,Fiji,0.6884,0.0208,0.2907,29-20,False,,,,,,
,Argentina,Canada,0.997,0.0005,0.0025,58-11,False,,,,,,
,Argentina,Spain,0.9637,0.0045,0.0318,44-13,False,,,,,,
,Fiji,Canada,0.9706,0.0038,0.0256,45-13,False,,,,,,
,Fiji,Spain,0.737,0.0191,0.2439,28-17,False,,,,,,
,Canada,Spain,0.1532,0.0146,0.8323,14-31,False,,,,,,
,Ireland,Scotland,0.7208,0.0197,0.2595,31-21,False,,,,,,
,Ireland,Uruguay,0.9911,0.0013,0.0075,52-12,False,,,,,,
,Ireland,Portugal,0.9958,0.0007,0.0035,54-10,False,,,,,,
,Scotland,Uruguay,0.9534,0.0055,0.041,40-11,False,,,,,,
,Scotland,Portugal,0.974,0.0034,0.0226,43-10,False,,,,,,
,Uruguay,Portugal,0.4622,0.0238,0.514,21-22,False,,,,,,
,France,Japan,0.9556,0.0053,0.0391,42-13,False,,,,,,
,France,Samoa,0.9823,0.0025,0.0153,50-15,False,,,,,,
,France,United States,0.9917,0.0013,0.0071,54-14,False,,,,,,
,Japan,Samoa,0.5899,0.0231,0.3871,26-21,False,,,,,,
,Japan,United States,0.5956,0.023,0.3814,28-24,False,,,,,,
,Samoa,United States,0.7096,0.0201,0.2703,29-19,False,,,,,,
,England,Wales,0.8299,0.0147,0.1554,32-16,False,,,,,,
,England,Tonga,0.9741,0.0034,0.0225,45-12,False,,,,,,
,England,Zimbabwe,0.9949,0.0008,0.0043,50-7,False,,,,,,
,Wales,Tonga,0.7669,0.0179,0.2152,32-19,False,,,,,,
,Wales,Zimbabwe,0.8888,0.0109,0.1003,35-14,False,,,,,,
,Tonga,Zimbabwe,0.7637,0.018,0.2183,31-19,False,,,,,,
,Australia,New Zealand,0.2871,0.0207,0.6922,19-28,False,,,,,,
,Australia,Chile,0.9258,0.008,0.0661,39-14,False,,,,,,
,Australia,Hong Kong China,0.9701,0.0038,0.026,41-9,False,,,,,,
,New Zealand,Chile,0.9922,0.0012,0.0066,55-14,False,,,,,,
,New Zealand,Hong Kong China,0.9918,0.0012,0.007,50-10,False,,,,,,
,Chile,Hong Kong China,0.6288,0.0224,0.3489,26-20,False,,,,,,
,South Africa,Italy,0.9086,0.0094,0.0819,39-16,False,,,,,,
,South Africa,Georgia,0.9911,0.0013,0.0076,54-14,False,,,,,,
,South Africa,Romania,0.9984,0.0003,0.0013,60-11,False,,,,,,
,Italy,Georgia,0.7904,0.0168,0.1928,31-17,False,,,,,,
,Italy,Romania,0.9672,0.0041,0.0287,43-12,False,,,,,,
,Georgia,Romania,0.8498,0.0135,0.1367,35-17,False,,,,,,
,Argentina,Fiji,0.6884,0.0208,0.2907,29-20,False,,,,,,
,Argentina,Canada,0.997,0.0005,0.0025,58-11,False,,,,,,
,Argentina,Spain,0.9637,0.0045,0.0318,44-13,False,,,,,,
,Fiji,Canada,0.9706,0.0038,0.0256,45-13,False,,,,,,
,Fiji,Spain,0.737,0.0191,0.2439,28-17,False,,,,,,
,Canada,Spain,0.1532,0.0146,0.8323,14-31,False,,,,,,
,Ireland,Scotland,0.7208,0.0197,0.2595,31-21,False,,,,,,
,Ireland,Uruguay,0.9911,0.0013,0.0075,52-12,False,,,,,,
,Ireland,Portugal,0.9958,0.0007,0.0035,54-10,False,,,,,,
,Scotland,Uruguay,0.9534,0.0055,0.041,40-11,False,,,,,,
,Scotland,Portugal,0.974,0.0034,0.0226,43-10,False,,,,,,
,Uruguay,Portugal,0.4622,0.0238,0.514,21-22,False,,,,,,
,France,Japan,0.9556,0.0053,0.0391,42-13,False,,,,,,
,France,Samoa,0.9823,0.0025,0.0153,50-15,False,,,,,,
,France,United States,0.9917,0.0013,0.0071,54-14,False,,,,,,
,Japan,Samoa,0.5899,0.0231,0.3871,26-21,False,,,,,,
,Japan,United States,0.5956,0.023,0.3814,28-24,False,,,,,,
,Samoa,United States,0.7096,0.0201,0.2703,29-19,False,,,,,,
,England,Wales,0.8299,0.0147,0.1554,32-16,False,,,,,,
,England,Tonga,0.9741,0.0034,0.0225,45-12,False,,,,,,
,England,Zimbabwe,0.9949,0.0008,0.0043,50-7,False,,,,,,
,Wales,Tonga,0.7669,0.0179,0.2152,32-19,False,,,,,,
,Wales,Zimbabwe,0.8888,0.0109,0.1003,35-14,False,,,,,,
,Tonga,Zimbabwe,0.7637,0.018,0.2183,31-19,False,,,,,,
,Australia,New Zealand,0.2871,0.0207,0.6922,19-28,False,,,,,,
,Australia,Chile,0.9258,0.008,0.0661,39-14,False,,,,,,
,Australia,Hong Kong China,0.9701,0.0038,0.026,41-9,False,,,,,,
,New Zealand,Chile,0.9922,0.0012,0.0066,55-14,False,,,,,,
,New Zealand,Hong Kong China,0.9918,0.0012,0.007,50-10,False,,,,,,
,Chile,Hong Kong China,0.6288,0.0224,0.3489,26-20,False,,,,,,
,South Africa,Italy,0.9086,0.0094,0.0819,39-16,False,,,,,,
,South Africa,Georgia,0.9911,0.0013,0.0076,54-14,False,,,,,,
,South Africa,Romania,0.9984,0.0003,0.0013,60-11,False,,,,,,
,Italy,Georgia,0.7904,0.0168,0.1928,31-17,False,,,,,,
,Italy,Romania,0.9672,0.0041,0.0287,43-12,False,,,,,,
,Georgia,Romania,0.8498,0.0135,0.1367,35-17,False,,,,,,
,Argentina,Fiji,0.6884,0.0208,0.2907,29-20,False,,,,,,
,Argentina,Canada,0.997,0.0005,0.0025,58-11,False,,,,,,
,Argentina,Spain,0.9637,0.0045,0.0318,44-13,False,,,,,,
,Fiji,Canada,0.9706,0.0038,0.0256,45-13,False,,,,,,
,Fiji,Spain,0.737,0.0191,0.2439,28-17,False,,,,,,
,Canada,Spain,0.1532,0.0146,0.8323,14-31,False,,,,,,
,Ireland,Scotland,0.7208,0.0197,0.2595,31-21,False,,,,,,
,Ireland,Uruguay,0.9911,0.0013,0.0075,52-12,False,,,,,,
,Ireland,Portugal,0.9958,0.0007,0.0035,54-10,False,,,,,,
,Scotland,Uruguay,0.9534,0.0055,0.041,40-11,False,,,,,,
,Scotland,Portugal,0.974,0.0034,0.0226,43-10,False,,,,,,
,Uruguay,Portugal,0.4622,0.0238,0.514,21-22,False,,,,,,
,France,Japan,0.9556,0.0053,0.0391,42-13,False,,,,,,
,France,Samoa,0.9823,0.0025,0.0153,50-15,False,,,,,,
,France,United States,0.9917,0.0013,0.0071,54-14,False,,,,,,
,Japan,Samoa,0.5899,0.0231,0.3871,26-21,False,,,,,,
,Japan,United States,0.5956,0.023,0.3814,28-24,False,,,,,,
,Samoa,United States,0.7096,0.0201,0.2703,29-19,False,,,,,,
,England,Wales,0.8299,0.0147,0.1554,32-16,False,,,,,,
,England,Tonga,0.9741,0.0034,0.0225,45-12,False,,,,,,
,England,Zimbabwe,0.9949,0.0008,0.0043,50-7,False,,,,,,
,Wales,Tonga,0.7669,0.0179,0.2152,32-19,False,,,,,,
,Wales,Zimbabwe,0.8888,0.0109,0.1003,35-14,False,,,,,,
,Tonga,Zimbabwe,0.7637,0.018,0.2183,31-19,False,,,,,,
,Australia,New Zealand,0.2871,0.0207,0.6922,19-28,False,,,,,,
,Australia,Chile,0.9258,0.008,0.0661,39-14,False,,,,,,
,Australia,Hong Kong China,0.9701,0.0038,0.026,41-9,False,,,,,,
,New Zealand,Chile,0.9922,0.0012,0.0066,55-14,False,,,,,,
,New Zealand,Hong Kong China,0.9918,0.0012,0.007,50-10,False,,,,,,
,Chile,Hong Kong China,0.6288,0.0224,0.3489,26-20,False,,,,,,
,South Africa,Italy,0.9086,0.0094,0.0819,39-16,False,,,,,,
,South Africa,Georgia,0.9911,0.0013,0.0076,54-14,False,,,,,,
,South Africa,Romania,0.9984,0.0003,0.0013,60-11,False,,,,,,
,Italy,Georgia,0.7904,0.0168,0.1928,31-17,False,,,,,,
,Italy,Romania,0.9672,0.0041,0.0287,43-12,False,,,,,,
,Georgia,Romania,0.8498,0.0135,0.1367,35-17,False,,,,,,
,Argentina,Fiji,0.6884,0.0208,0.2907,29-20,False,,,,,,
,Argentina,Canada,0.997,0.0005,0.0025,58-11,False,,,,,,
,Argentina,Spain,0.9637,0.0045,0.0318,44-13,False,,,,,,
,Fiji,Canada,0.9706,0.0038,0.0256,45-13,False,,,,,,
,Fiji,Spain,0.737,0.0191,0.2439,28-17,False,,,,,,
,Canada,Spain,0.1532,0.0146,0.8323,14-31,False,,,,,,
,Ireland,Scotland,0.7208,0.0197,0.2595,31-21,False,,,,,,
,Ireland,Uruguay,0.9911,0.0013,0.0075,52-12,False,,,,,,
,Ireland,Portugal,0.9958,0.0007,0.0035,54-10,False,,,,,,
,Scotland,Uruguay,0.9534,0.0055,0.041,40-11,False,,,,,,
,Scotland,Portugal,0.974,0.0034,0.0226,43-10,False,,,,,,
,Uruguay,Portugal,0.4622,0.0238,0.514,21-22,False,,,,,,
,France,Japan,0.9556,0.0053,0.0391,42-13,False,,,,,,
,France,Samoa,0.9823,0.0025,0.0153,50-15,False,,,,,,
,France,United States,0.9917,0.0013,0.0071,54-14,False,,,,,,
,Japan,Samoa,0.5899,0.0231,0.3871,26-21,False,,,,,,
,Japan,United States,0.5956,0.023,0.3814,28-24,False,,,,,,
,Samoa,United States,0.7096,0.0201,0.2703,29-19,False,,,,,,
,England,Wales,0.8299,0.0147,0.1554,32-16,False,,,,,,
,England,Tonga,0.9741,0.0034,0.0225,45-12,False,,,,,,
,England,Zimbabwe,0.9949,0.0008,0.0043,50-7,False,,,,,,
,Wales,Tonga,0.7669,0.0179,0.2152,32-19,False,,,,,,
,Wales,Zimbabwe,0.8888,0.0109,0.1003,35-14,False,,,,,,
,Tonga,Zimbabwe,0.7637,0.018,0.2183,31-19,False,,,,,,
,Australia,New Zealand,0.2871,0.0207,0.6922,19-28,False,,,,,,
,Australia,Chile,0.9258,0.008,0.0661,39-14,False,,,,,,
,Australia,Hong Kong China,0.9701,0.0038,0.026,41-9,False,,,,,,
,New Zealand,Chile,0.9922,0.0012,0.0066,55-14,False,,,,,,
,New Zealand,Hong Kong China,0.9918,0.0012,0.007,50-10,False,,,,,,
,Chile,Hong Kong China,0.6288,0.0224,0.3489,26-20,False,,,,,,
,South Africa,Italy,0.9086,0.0094,0.0819,39-16,False,,,,,,
,South Africa,Georgia,0.9911,0.0013,0.0076,54-14,False,,,,,,
,South Africa,Romania,0.9984,0.0003,0.0013,60-11,False,,,,,,
,Italy,Georgia,0.7904,0.0168,0.1928,31-17,False,,,,,,
,Italy,Romania,0.9672,0.0041,0.0287,43-12,False,,,,,,
,Georgia,Romania,0.8498,0.0135,0.1367,35-17,False,,,,,,
,Argentina,Fiji,0.6884,0.0208,0.2907,29-20,False,,,,,,
,Argentina,Canada,0.997,0.0005,0.0025,58-11,False,,,,,,
,Argentina,Spain,0.9637,0.0045,0.0318,44-13,False,,,,,,
,Fiji,Canada,0.9706,0.0038,0.0256,45-13,False,,,,,,
,Fiji,Spain,0.737,0.0191,0.2439,28-17,False,,,,,,
,Canada,Spain,0.1532,0.0146,0.8323,14-31,False,,,,,,
,Ireland,Scotland,0.7208,0.0197,0.2595,31-21,False,,,,,,
,Ireland,Uruguay,0.9911,0.0013,0.0075,52-12,False,,,,,,
,Ireland,Portugal,0.9958,0.0007,0.0035,54-10,False,,,,,,
,Scotland,Uruguay,0.9534,0.0055,0.041,40-11,False,,,,,,
,Scotland,Portugal,0.974,0.0034,0.0226,43-10,False,,,,,,
,Uruguay,Portugal,0.4622,0.0238,0.514,21-22,False,,,,,,
,France,Japan,0.9556,0.0053,0.0391,42-13,False,,,,,,
,France,Samoa,0.9823,0.0025,0.0153,50-15,False,,,,,,
,France,United States,0.9917,0.0013,0.0071,54-14,False,,,,,,
,Japan,Samoa,0.5899,0.0231,0.3871,26-21,False,,,,,,
,Japan,United States,0.5956,0.023,0.3814,28-24,False,,,,,,
,Samoa,United States,0.7096,0.0201,0.2703,29-19,False,,,,,,
,England,Wales,0.8299,0.0147,0.1554,32-16,False,,,,,,
,England,Tonga,0.9741,0.0034,0.0225,45-12,False,,,,,,
,England,Zimbabwe,0.9949,0.0008,0.0043,50-7,False,,,,,,
,Wales,Tonga,0.7669,0.0179,0.2152,32-19,False,,,,,,
,Wales,Zimbabwe,0.8888,0.0109,0.1003,35-14,False,,,,,,
,Tonga,Zimbabwe,0.7637,0.018,0.2183,31-19,False,,,,,,
,Australia,New Zealand,0.2871,0.0207,0.6922,19-28,False,,,,,,
,Australia,Chile,0.9258,0.008,0.0661,39-14,False,,,,,,
,Australia,Hong Kong China,0.9701,0.0038,0.026,41-9,False,,,,,,
,New Zealand,Chile,0.9922,0.0012,0.0066,55-14,False,,,,,,
,New Zealand,Hong Kong China,0.9918,0.0012,0.007,50-10,False,,,,,,
,Chile,Hong Kong China,0.6288,0.0224,0.3489,26-20,False,,,,,,
,South Africa,Italy,0.9086,0.0094,0.0819,39-16,False,,,,,,
,South Africa,Georgia,0.9911,0.0013,0.0076,54-14,False,,,,,,
,South Africa,Romania,0.9984,0.0003,0.0013,60-11,False,,,,,,
,Italy,Georgia,0.7904,0.0168,0.1928,31-17,False,,,,,,
,Italy,Romania,0.9672,0.0041,0.0287,43-12,False,,,,,,
,Georgia,Romania,0.8498,0.0135,0.1367,35-17,False,,,,,,
,Argentina,Fiji,0.6884,0.0208,0.2907,29-20,False,,,,,,
,Argentina,Canada,0.997,0.0005,0.0025,58-11,False,,,,,,
,Argentina,Spain,0.9637,0.0045,0.0318,44-13,False,,,,,,
,Fiji,Canada,0.9706,0.0038,0.0256,45-13,False,,,,,,
,Fiji,Spain,0.737,0.0191,0.2439,28-17,False,,,,,,
,Canada,Spain,0.1532,0.0146,0.8323,14-31,False,,,,,,
,Ireland,Scotland,0.7208,0.0197,0.2595,31-21,False,,,,,,
,Ireland,Uruguay,0.9911,0.0013,0.0075,52-12,False,,,,,,
,Ireland,Portugal,0.9958,0.0007,0.0035,54-10,False,,,,,,
,Scotland,Uruguay,0.9534,0.0055,0.041,40-11,False,,,,,,
,Scotland,Portugal,0.974,0.0034,0.0226,43-10,False,,,,,,
,Uruguay,Portugal,0.4622,0.0238,0.514,21-22,False,,,,,,
,France,Japan,0.9556,0.0053,0.0391,42-13,False,,,,,,
,France,Samoa,0.9823,0.0025,0.0153,50-15,False,,,,,,
,France,United States,0.9917,0.0013,0.0071,54-14,False,,,,,,
,Japan,Samoa,0.5899,0.0231,0.3871,26-21,False,,,,,,
,Japan,United States,0.5956,0.023,0.3814,28-24,False,,,,,,
,Samoa,United States,0.7096,0.0201,0.2703,29-19,False,,,,,,
,England,Wales,0.8299,0.0147,0.1554,32-16,False,,,,,,
,England,Tonga,0.9741,0.0034,0.0225,45-12,False,,,,,,
,England,Zimbabwe,0.9949,0.0008,0.0043,50-7,False,,,,,,
,Wales,Tonga,0.7669,0.0179,0.2152,32-19,False,,,,,,
,Wales,Zimbabwe,0.8888,0.0109,0.1003,35-14,False,,,,,,
,Tonga,Zimbabwe,0.7637,0.018,0.2183,31-19,False,,,,,,
,Australia,New Zealand,0.2871,0.0207,0.6922,19-28,False,,,,,,
,Australia,Chile,0.9258,0.008,0.0661,39-14,False,,,,,,
,Australia,Hong Kong China,0.9701,0.0038,0.026,41-9,False,,,,,,
,New Zealand,Chile,0.9922,0.0012,0.0066,55-14,False,,,,,,
,New Zealand,Hong Kong China,0.9918,0.0012,0.007,50-10,False,,,,,,
,Chile,Hong Kong China,0.6288,0.0224,0.3489,26-20,False,,,,,,
,South Africa,Italy,0.9086,0.0094,0.0819,39-16,False,,,,,,
,South Africa,Georgia,0.9911,0.0013,0.0076,54-14,False,,,,,,
,South Africa,Romania,0.9984,0.0003,0.0013,60-11,False,,,,,,
,Italy,Georgia,0.7904,0.0168,0.1928,31-17,False,,,,,,
,Italy,Romania,0.9672,0.0041,0.0287,43-12,False,,,,,,
,Georgia,Romania,0.8498,0.0135,0.1367,35-17,False,,,,,,
,Argentina,Fiji,0.6884,0.0208,0.2907,29-20,False,,,,,,
,Argentina,Canada,0.997,0.0005,0.0025,58-11,False,,,,,,
,Argentina,Spain,0.9637,0.0045,0.0318,44-13,False,,,,,,
,Fiji,Canada,0.9706,0.0038,0.0256,45-13,False,,,,,,
,Fiji,Spain,0.737,0.0191,0.2439,28-17,False,,,,,,
,Canada,Spain,0.1532,0.0146,0.8323,14-31,False,,,,,,
,Ireland,Scotland,0.7208,0.0197,0.2595,31-21,False,,,,,,
,Ireland,Uruguay,0.9911,0.0013,0.0075,52-12,False,,,,,,
,Ireland,Portugal,0.9958,0.0007,0.0035,54-10,False,,,,,,
,Scotland,Uruguay,0.9534,0.0055,0.041,40-11,False,,,,,,
,Scotland,Portugal,0.974,0.0034,0.0226,43-10,False,,,,,,
,Uruguay,Portugal,0.4622,0.0238,0.514,21-22,False,,,,,,
,France,Japan,0.9556,0.0053,0.0391,42-13,False,,,,,,
,France,Samoa,0.9823,0.0025,0.0153,50-15,False,,,,,,
,France,United States,0.9917,0.0013,0.0071,54-14,False,,,,,,
,Japan,Samoa,0.5899,0.0231,0.3871,26-21,False,,,,,,
,Japan,United States,0.5956,0.023,0.3814,28-24,False,,,,,,
,Samoa,United States,0.7096,0.0201,0.2703,29-19,False,,,,,,
,England,Wales,0.8299,0.0147,0.1554,32-16,False,,,,,,
,England,Tonga,0.9741,0.0034,0.0225,45-12,False,,,,,,
,England,Zimbabwe,0.9949,0.0008,0.0043,50-7,False,,,,,,
,Wales,Tonga,0.7669,0.0179,0.2152,32-19,False,,,,,,
,Wales,Zimbabwe,0.8888,0.0109,0.1003,35-14,False,,,,,,
,Tonga,Zimbabwe,0.7637,0.018,0.2183,31-19,False,,,,,,
,Australia,New Zealand,0.2871,0.0207,0.6922,19-28,False,,,,,,
,Australia,Chile,0.9258,0.008,0.0661,39-14,False,,,,,,
,Australia,Hong Kong China,0.9701,0.0038,0.026,41-9,False,,,,,,
,New Zealand,Chile,0.9922,0.0012,0.0066,55-14,False,,,,,,
,New Zealand,Hong Kong China,0.9918,0.0012,0.007,50-10,False,,,,,,
,Chile,Hong Kong China,0.6288,0.0224,0.3489,26-20,False,,,,,,
,South Africa,Italy,0.9086,0.0094,0.0819,39-16,False,,,,,,
,South Africa,Georgia,0.9911,0.0013,0.0076,54-14,False,,,,,,
,South Africa,Romania,0.9984,0.0003,0.0013,60-11,False,,,,,,
,Italy,Georgia,0.7904,0.0168,0.1928,31-17,False,,,,,,
,Italy,Romania,0.9672,0.0041,0.0287,43-12,False,,,,,,
,Georgia,Romania,0.8498,0.0135,0.1367,35-17,False,,,,,,
,Argentina,Fiji,0.6884,0.0208,0.2907,29-20,False,,,,,,
,Argentina,Canada,0.997,0.0005,0.0025,58-11,False,,,,,,
,Argentina,Spain,0.9637,0.0045,0.0318,44-13,False,,,,,,
,Fiji,Canada,0.9706,0.0038,0.0256,45-13,False,,,,,,
,Fiji,Spain,0.737,0.0191,0.2439,28-17,False,,,,,,
,Canada,Spain,0.1532,0.0146,0.8323,14-31,False,,,,,,
,Ireland,Scotland,0.7208,0.0197,0.2595,31-21,False,,,,,,
,Ireland,Uruguay,0.9911,0.0013,0.0075,52-12,False,,,,,,
,Ireland,Portugal,0.9958,0.0007,0.0035,54-10,False,,,,,,
,Scotland,Uruguay,0.9534,0.0055,0.041,40-11,False,,,,,,
,Scotland,Portugal,0.974,0.0034,0.0226,43-10,False,,,,,,
,Uruguay,Portugal,0.4622,0.0238,0.514,21-22,False,,,,,,
,France,Japan,0.9556,0.0053,0.0391,42-13,False,,,,,,
,France,Samoa,0.9823,0.0025,0.0153,50-15,False,,,,,,
,France,United States,0.9917,0.0013,0.0071,54-14,False,,,,,,
,Japan,Samoa,0.5899,0.0231,0.3871,26-21,False,,,,,,
,Japan,United States,0.5956,0.023,0.3814,28-24,False,,,,,,
,Samoa,United States,0.7096,0.0201,0.2703,29-19,False,,,,,,
,England,Wales,0.8299,0.0147,0.1554,32-16,False,,,,,,
,England,Tonga,0.9741,0.0034,0.0225,45-12,False,,,,,,
,England,Zimbabwe,0.9949,0.0008,0.0043,50-7,False,,,,,,
,Wales,Tonga,0.7669,0.0179,0.2152,32-19,False,,,,,,
,Wales,Zimbabwe,0.8888,0.0109,0.1003,35-14,False,,,,,,
,Tonga,Zimbabwe,0.7637,0.018,0.2183,31-19,False,,,,,,
,Australia,New Zealand,0.2871,0.0207,0.6922,19-28,False,,,,,,
,Australia,Chile,0.9258,0.008,0.0661,39-14,False,,,,,,
,Australia,Hong Kong China,0.9701,0.0038,0.026,41-9,False,,,,,,
,New Zealand,Chile,0.9922,0.0012,0.0066,55-14,False,,,,,,
,New Zealand,Hong Kong China,0.9918,0.0012,0.007,50-10,False,,,,,,
,Chile,Hong Kong China,0.6288,0.0224,0.3489,26-20,False,,,,,,
,South Africa,Italy,0.9086,0.0094,0.0819,39-16,False,,,,,,
,South Africa,Georgia,0.9911,0.0013,0.0076,54-14,False,,,,,,
,South Africa,Romania,0.9984,0.0003,0.0013,60-11,False,,,,,,
,Italy,Georgia,0.7904,0.0168,0.1928,31-17,False,,,,,,
,Italy,Romania,0.9672,0.0041,0.0287,43-12,False,,,,,,
,Georgia,Romania,0.8498,0.0135,0.1367,35-17,False,,,,,,
,Argentina,Fiji,0.6884,0.0208,0.2907,29-20,False,,,,,,
,Argentina,Canada,0.997,0.0005,0.0025,58-11,False,,,,,,
,Argentina,Spain,0.9637,0.0045,0.0318,44-13,False,,,,,,
,Fiji,Canada,0.9706,0.0038,0.0256,45-13,False,,,,,,
,Fiji,Spain,0.737,0.0191,0.2439,28-17,False,,,,,,
,Canada,Spain,0.1532,0.0146,0.8323,14-31,False,,,,,,
,Ireland,Scotland,0.7208,0.0197,0.2595,31-21,False,,,,,,
,Ireland,Uruguay,0.9911,0.0013,0.0075,52-12,False,,,,,,
,Ireland,Portugal,0.9958,0.0007,0.0035,54-10,False,,,,,,
,Scotland,Uruguay,0.9534,0.0055,0.041,40-11,False,,,,,,
,Scotland,Portugal,0.974,0.0034,0.0226,43-10,False,,,,,,
,Uruguay,Portugal,0.4622,0.0238,0.514,21-22,False,,,,,,
,France,Japan,0.9556,0.0053,0.0391,42-13,False,,,,,,
,France,Samoa,0.9823,0.0025,0.0153,50-15,False,,,,,,
,France,United States,0.9917,0.0013,0.0071,54-14,False,,,,,,
,Japan,Samoa,0.5899,0.0231,0.3871,26-21,False,,,,,,
,Japan,United States,0.5956,0.023,0.3814,28-24,False,,,,,,
,Samoa,United States,0.7096,0.0201,0.2703,29-19,False,,,,,,
,England,Wales,0.8299,0.0147,0.1554,32-16,False,,,,,,
,England,Tonga,0.9741,0.0034,0.0225,45-12,False,,,,,,
,England,Zimbabwe,0.9949,0.0008,0.0043,50-7,False,,,,,,
,Wales,Tonga,0.7669,0.0179,0.2152,32-19,False,,,,,,
,Wales,Zimbabwe,0.8888,0.0109,0.1003,35-14,False,,,,,,
,Tonga,Zimbabwe,0.7637,0.018,0.2183,31-19,False,,,,,,
,Australia,New Zealand,0.2871,0.0207,0.6922,19-28,False,,,,,,
,Australia,Chile,0.9258,0.008,0.0661,39-14,False,,,,,,
,Australia,Hong Kong China,0.9701,0.0038,0.026,41-9,False,,,,,,
,New Zealand,Chile,0.9922,0.0012,0.0066,55-14,False,,,,,,
,New Zealand,Hong Kong China,0.9918,0.0012,0.007,50-10,False,,,,,,
,Chile,Hong Kong China,0.6288,0.0224,0.3489,26-20,False,,,,,,
,South Africa,Italy,0.9086,0.0094,0.0819,39-16,False,,,,,,
,South Africa,Georgia,0.9911,0.0013,0.0076,54-14,False,,,,,,
,South Africa,Romania,0.9984,0.0003,0.0013,60-11,False,,,,,,
,Italy,Georgia,0.7904,0.0168,0.1928,31-17,False,,,,,,
,Italy,Romania,0.9672,0.0041,0.0287,43-12,False,,,,,,
,Georgia,Romania,0.8498,0.0135,0.1367,35-17,False,,,,,,
,Argentina,Fiji,0.6884,0.0208,0.2907,29-20,False,,,,,,
,Argentina,Canada,0.997,0.0005,0.0025,58-11,False,,,,,,
,Argentina,Spain,0.9637,0.0045,0.0318,44-13,False,,,,,,
,Fiji,Canada,0.9706,0.0038,0.0256,45-13,False,,,,,,
,Fiji,Spain,0.737,0.0191,0.2439,28-17,False,,,,,,
,Canada,Spain,0.1532,0.0146,0.8323,14-31,False,,,,,,
,Ireland,Scotland,0.7208,0.0197,0.2595,31-21,False,,,,,,
,Ireland,Uruguay,0.9911,0.0013,0.0075,52-12,False,,,,,,
,Ireland,Portugal,0.9958,0.0007,0.0035,54-10,False,,,,,,
,Scotland,Uruguay,0.9534,0.0055,0.041,40-11,False,,,,,,
,Scotland,Portugal,0.974,0.0034,0.0226,43-10,False,,,,,,
,Uruguay,Portugal,0.4622,0.0238,0.514,21-22,False,,,,,,
,France,Japan,0.9556,0.0053,0.0391,42-13,False,,,,,,
,France,Samoa,0.9823,0.0025,0.0153,50-15,False,,,,,,
,France,United States,0.9917,0.0013,0.0071,54-14,False,,,,,,
,Japan,Samoa,0.5899,0.0231,0.3871,26-21,False,,,,,,
,Japan,United States,0.5956,0.023,0.3814,28-24,False,,,,,,
,Samoa,United States,0.7096,0.0201,0.2703,29-19,False,,,,,,
,England,Wales,0.8299,0.0147,0.1554,32-16,False,,,,,,
,England,Tonga,0.9741,0.0034,0.0225,45-12,False,,,,,,
,England,Zimbabwe,0.9949,0.0008,0.0043,50-7,False,,,,,,
,Wales,Tonga,0.7669,0.0179,0.2152,32-19,False,,,,,,
,Wales,Zimbabwe,0.8888,0.0109,0.1003,35-14,False,,,,,,
,Tonga,Zimbabwe,0.7637,0.018,0.2183,31-19,False,,,,,,
,Australia,New Zealand,0.2871,0.0207,0.6922,19-28,False,,,,,,
,Australia,Chile,0.9258,0.008,0.0661,39-14,False,,,,,,
,Australia,Hong Kong China,0.9701,0.0038,0.026,41-9,False,,,,,,
,New Zealand,Chile,0.9922,0.0012,0.0066,55-14,False,,,,,,
,New Zealand,Hong Kong China,0.9918,0.0012,0.007,50-10,False,,,,,,
,Chile,Hong Kong China,0.6288,0.0224,0.3489,26-20,False,,,,,,
,South Africa,Italy,0.9086,0.0094,0.0819,39-16,False,,,,,,
,South Africa,Georgia,0.9911,0.0013,0.0076,54-14,False,,,,,,
,South Africa,Romania,0.9984,0.0003,0.0013,60-11,False,,,,,,
,Italy,Georgia,0.7904,0.0168,0.1928,31-17,False,,,,,,
,Italy,Romania,0.9672,0.0041,0.0287,43-12,False,,,,,,
,Georgia,Romania,0.8498,0.0135,0.1367,35-17,False,,,,,,
,Argentina,Fiji,0.6884,0.0208,0.2907,29-20,False,,,,,,
,Argentina,Canada,0.997,0.0005,0.0025,58-11,False,,,,,,
,Argentina,Spain,0.9637,0.0045,0.0318,44-13,False,,,,,,
,Fiji,Canada,0.9706,0.0038,0.0256,45-13,False,,,,,,
,Fiji,Spain,0.737,0.0191,0.2439,28-17,False,,,,,,
,Canada,Spain,0.1532,0.0146,0.8323,14-31,False,,,,,,
,Ireland,Scotland,0.7208,0.0197,0.2595,31-21,False,,,,,,
,Ireland,Uruguay,0.9911,0.0013,0.0075,52-12,False,,,,,,
,Ireland,Portugal,0.9958,0.0007,0.0035,54-10,False,,,,,,
,Scotland,Uruguay,0.9534,0.0055,0.041,40-11,False,,,,,,
,Scotland,Portugal,0.974,0.0034,0.0226,43-10,False,,,,,,
,Uruguay,Portugal,0.4622,0.0238,0.514,21-22,False,,,,,,
,France,Japan,0.9556,0.0053,0.0391,42-13,False,,,,,,
,France,Samoa,0.9823,0.0025,0.0153,50-15,False,,,,,,
,France,United States,0.9917,0.0013,0.0071,54-14,False,,,,,,
,Japan,Samoa,0.5899,0.0231,0.3871,26-21,False,,,,,,
,Japan,United States,0.5956,0.023,0.3814,28-24,False,,,,,,
,Samoa,United States,0.7096,0.0201,0.2703,29-19,False,,,,,,
,England,Wales,0.8299,0.0147,0.1554,32-16,False,,,,,,
,England,Tonga,0.9741,0.0034,0.0225,45-12,False,,,,,,
,England,Zimbabwe,0.9949,0.0008,0.0043,50-7,False,,,,,,
,Wales,Tonga,0.7669,0.0179,0.2152,32-19,False,,,,,,
,Wales,Zimbabwe,0.8888,0.0109,0.1003,35-14,False,,,,,,
,Tonga,Zimbabwe,0.7637,0.018,0.2183,31-19,False,,,,,,
,Australia,New Zealand,0.2871,0.0207,0.6922,19-28,False,,,,,,
,Australia,Chile,0.9258,0.008,0.0661,39-14,False,,,,,,
,Australia,Hong Kong China,0.9701,0.0038,0.026,41-9,False,,,,,,
,New Zealand,Chile,0.9922,0.0012,0.0066,55-14,False,,,,,,
,New Zealand,Hong Kong China,0.9918,0.0012,0.007,50-10,False,,,,,,
,Chile,Hong Kong China,0.6288,0.0224,0.3489,26-20,False,,,,,,
,South Africa,Italy,0.9086,0.0094,0.0819,39-16,False,,,,,,
,South Africa,Georgia,0.9911,0.0013,0.0076,54-14,False,,,,,,
,South Africa,Romania,0.9984,0.0003,0.0013,60-11,False,,,,,,
,Italy,Georgia,0.7904,0.0168,0.1928,31-17,False,,,,,,
,Italy,Romania,0.9672,0.0041,0.0287,43-12,False,,,,,,
,Georgia,Romania,0.8498,0.0135,0.1367,35-17,False,,,,,,
,Argentina,Fiji,0.6884,0.0208,0.2907,29-20,False,,,,,,
,Argentina,Canada,0.997,0.0005,0.0025,58-11,False,,,,,,
,Argentina,Spain,0.9637,0.0045,0.0318,44-13,False,,,,,,
,Fiji,Canada,0.9706,0.0038,0.0256,45-13,False,,,,,,
,Fiji,Spain,0.737,0.0191,0.2439,28-17,False,,,,,,
,Canada,Spain,0.1532,0.0146,0.8323,14-31,False,,,,,,
,Ireland,Scotland,0.7208,0.0197,0.2595,31-21,False,,,,,,
,Ireland,Uruguay,0.9911,0.0013,0.0075,52-12,False,,,,,,
,Ireland,Portugal,0.9958,0.0007,0.0035,54-10,False,,,,,,
,Scotland,Uruguay,0.9534,0.0055,0.041,40-11,False,,,,,,
,Scotland,Portugal,0.974,0.0034,0.0226,43-10,False,,,,,,
,Uruguay,Portugal,0.4622,0.0238,0.514,21-22,False,,,,,,
,France,Japan,0.9556,0.0053,0.0391,42-13,False,,,,,,
,France,Samoa,0.9823,0.0025,0.0153,50-15,False,,,,,,
,France,United States,0.9917,0.0013,0.0071,54-14,False,,,,,,
,Japan,Samoa,0.5899,0.0231,0.3871,26-21,False,,,,,,
,Japan,United States,0.5956,0.023,0.3814,28-24,False,,,,,,
,Samoa,United States,0.7096,0.0201,0.2703,29-19,False,,,,,,
,England,Wales,0.8299,0.0147,0.1554,32-16,False,,,,,,
,England,Tonga,0.9741,0.0034,0.0225,45-12,False,,,,,,
,England,Zimbabwe,0.9949,0.0008,0.0043,50-7,False,,,,,,
,Wales,Tonga,0.7669,0.0179,0.2152,32-19,False,,,,,,
,Wales,Zimbabwe,0.8888,0.0109,0.1003,35-14,False,,,,,,
,Tonga,Zimbabwe,0.7637,0.018,0.2183,31-19,False,,,,,,
,Australia,New Zealand,0.2871,0.0207,0.6922,19-28,False,,,,,,
,Australia,Chile,0.9258,0.008,0.0661,39-14,False,,,,,,
,Australia,Hong Kong China,0.9701,0.0038,0.026,41-9,False,,,,,,
,New Zealand,Chile,0.9922,0.0012,0.0066,55-14,False,,,,,,
,New Zealand,Hong Kong China,0.9918,0.0012,0.007,50-10,False,,,,,,
,Chile,Hong Kong China,0.6288,0.0224,0.3489,26-20,False,,,,,,
,South Africa,Italy,0.9086,0.0094,0.0819,39-16,False,,,,,,
,South Africa,Georgia,0.9911,0.0013,0.0076,54-14,False,,,,,,
,South Africa,Romania,0.9984,0.0003,0.0013,60-11,False,,,,,,
,Italy,Georgia,0.7904,0.0168,0.1928,31-17,False,,,,,,
,Italy,Romania,0.9672,0.0041,0.0287,43-12,False,,,,,,
,Georgia,Romania,0.8498,0.0135,0.1367,35-17,False,,,,,,
,Argentina,Fiji,0.6884,0.0208,0.2907,29-20,False,,,,,,
,Argentina,Canada,0.997,0.0005,0.0025,58-11,False,,,,,,
,Argentina,Spain,0.9637,0.0045,0.0318,44-13,False,,,,,,
,Fiji,Canada,0.9706,0.0038,0.0256,45-13,False,,,,,,
,Fiji,Spain,0.737,0.0191,0.2439,28-17,False,,,,,,
,Canada,Spain,0.1532,0.0146,0.8323,14-31,False,,,,,,
,Ireland,Scotland,0.7208,0.0197,0.2595,31-21,False,,,,,,
,Ireland,Uruguay,0.9911,0.0013,0.0075,52-12,False,,,,,,
,Ireland,Portugal,0.9958,0.0007,0.0035,54-10,False,,,,,,
,Scotland,Uruguay,0.9534,0.0055,0.041,40-11,False,,,,,,
,Scotland,Portugal,0.974,0.0034,0.0226,43-10,False,,,,,,
,Uruguay,Portugal,0.4622,0.0238,0.514,21-22,False,,,,,,
,France,Japan,0.9556,0.0053,0.0391,42-13,False,,,,,,
,France,Samoa,0.9823,0.0025,0.0153,50-15,False,,,,,,
,France,United States,0.9917,0.0013,0.0071,54-14,False,,,,,,
,Japan,Samoa,0.5899,0.0231,0.3871,26-21,False,,,,,,
,Japan,United States,0.5956,0.023,0.3814,28-24,False,,,,,,
,Samoa,United States,0.7096,0.0201,0.2703,29-19,False,,,,,,
,England,Wales,0.8299,0.0147,0.1554,32-16,False,,,,,,
,England,Tonga,0.9741,0.0034,0.0225,45-12,False,,,,,,
,England,Zimbabwe,0.9949,0.0008,0.0043,50-7,False,,,,,,
,Wales,Tonga,0.7669,0.0179,0.2152,32-19,False,,,,,,
,Wales,Zimbabwe,0.8888,0.0109,0.1003,35-14,False,,,,,,
,Tonga,Zimbabwe,0.7637,0.018,0.2183,31-19,False,,,,,,
,Australia,New Zealand,0.2871,0.0207,0.6922,19-28,False,,,,,,
,Australia,Chile,0.9258,0.008,0.0661,39-14,False,,,,,,
,Australia,Hong Kong China,0.9701,0.0038,0.026,41-9,False,,,,,,
,New Zealand,Chile,0.9922,0.0012,0.0066,55-14,False,,,,,,
,New Zealand,Hong Kong China,0.9918,0.0012,0.007,50-10,False,,,,,,
,Chile,Hong Kong China,0.6288,0.0224,0.3489,26-20,False,,,,,,
,South Africa,Italy,0.9086,0.0094,0.0819,39-16,False,,,,,,
,South Africa,Georgia,0.9911,0.0013,0.0076,54-14,False,,,,,,
,South Africa,Romania,0.9984,0.0003,0.0013,60-11,False,,,,,,
,Italy,Georgia,0.7904,0.0168,0.1928,31-17,False,,,,,,
,Italy,Romania,0.9672,0.0041,0.0287,43-12,False,,,,,,
,Georgia,Romania,0.8498,0.0135,0.1367,35-17,False,,,,,,
,Argentina,Fiji,0.6884,0.0208,0.2907,29-20,False,,,,,,
,Argentina,Canada,0.997,0.0005,0.0025,58-11,False,,,,,,
,Argentina,Spain,0.9637,0.0045,0.0318,44-13,False,,,,,,
,Fiji,Canada,0.9706,0.0038,0.0256,45-13,False,,,,,,
,Fiji,Spain,0.737,0.0191,0.2439,28-17,False,,,,,,
,Canada,Spain,0.1532,0.0146,0.8323,14-31,False,,,,,,
,Ireland,Scotland,0.7208,0.0197,0.2595,31-21,False,,,,,,
,Ireland,Uruguay,0.9911,0.0013,0.0075,52-12,False,,,,,,
,Ireland,Portugal,0.9958,0.0007,0.0035,54-10,False,,,,,,
,Scotland,Uruguay,0.9534,0.0055,0.041,40-11,False,,,,,,
,Scotland,Portugal,0.974,0.0034,0.0226,43-10,False,,,,,,
,Uruguay,Portugal,0.4622,0.0238,0.514,21-22,False,,,,,,
,France,Japan,0.9556,0.0053,0.0391,42-13,False,,,,,,
,France,Samoa,0.9823,0.0025,0.0153,50-15,False,,,,,,
,France,United States,0.9917,0.0013,0.0071,54-14,False,,,,,,
,Japan,Samoa,0.5899,0.0231,0.3871,26-21,False,,,,,,
,Japan,United States,0.5956,0.023,0.3814,28-24,False,,,,,,
,Samoa,United States,0.7096,0.0201,0.2703,29-19,False,,,,,,
,England,Wales,0.8299,0.0147,0.1554,32-16,False,,,,,,
,England,Tonga,0.9741,0.0034,0.0225,45-12,False,,,,,,
,England,Zimbabwe,0.9949,0.0008,0.0043,50-7,False,,,,,,
,Wales,Tonga,0.7669,0.0179,0.2152,32-19,False,,,,,,
,Wales,Zimbabwe,0.8888,0.0109,0.1003,35-14,False,,,,,,
,Tonga,Zimbabwe,0.7637,0.018,0.2183,31-19,False,,,,,,
,Australia,New Zealand,0.2871,0.0207,0.6922,19-28,False,,,,,,
,Australia,Chile,0.9258,0.008,0.0661,39-14,False,,,,,,
,Australia,Hong Kong China,0.9701,0.0038,0.026,41-9,False,,,,,,
,New Zealand,Chile,0.9922,0.0012,0.0066,55-14,False,,,,,,
,New Zealand,Hong Kong China,0.9918,0.0012,0.007,50-10,False,,,,,,
,Chile,Hong Kong China,0.6288,0.0224,0.3489,26-20,False,,,,,,
,South Africa,Italy,0.9086,0.0094,0.0819,39-16,False,,,,,,
,South Africa,Georgia,0.9911,0.0013,0.0076,54-14,False,,,,,,
,South Africa,Romania,0.9984,0.0003,0.0013,60-11,False,,,,,,
,Italy,Georgia,0.7904,0.0168,0.1928,31-17,False,,,,,,
,Italy,Romania,0.9672,0.0041,0.0287,43-12,False,,,,,,
,Georgia,Romania,0.8498,0.0135,0.1367,35-17,False,,,,,,
,Argentina,Fiji,0.6884,0.0208,0.2907,29-20,False,,,,,,
,Argentina,Canada,0.997,0.0005,0.0025,58-11,False,,,,,,
,Argentina,Spain,0.9637,0.0045,0.0318,44-13,False,,,,,,
,Fiji,Canada,0.9706,0.0038,0.0256,45-13,False,,,,,,
,Fiji,Spain,0.737,0.0191,0.2439,28-17,False,,,,,,
,Canada,Spain,0.1532,0.0146,0.8323,14-31,False,,,,,,
,Ireland,Scotland,0.7208,0.0197,0.2595,31-21,False,,,,,,
,Ireland,Uruguay,0.9911,0.0013,0.0075,52-12,False,,,,,,
,Ireland,Portugal,0.9958,0.0007,0.0035,54-10,False,,,,,,
,Scotland,Uruguay,0.9534,0.0055,0.041,40-11,False,,,,,,
,Scotland,Portugal,0.974,0.0034,0.0226,43-10,False,,,,,,
,Uruguay,Portugal,0.4622,0.0238,0.514,21-22,False,,,,,,
,France,Japan,0.9556,0.0053,0.0391,42-13,False,,,,,,
,France,Samoa,0.9823,0.0025,0.0153,50-15,False,,,,,,
,France,United States,0.9917,0.0013,0.0071,54-14,False,,,,,,
,Japan,Samoa,0.5899,0.0231,0.3871,26-21,False,,,,,,
,Japan,United States,0.5956,0.023,0.3814,28-24,False,,,,,,
,Samoa,United States,0.7096,0.0201,0.2703,29-19,False,,,,,,
,England,Wales,0.8299,0.0147,0.1554,32-16,False,,,,,,
,England,Tonga,0.9741,0.0034,0.0225,45-12,False,,,,,,
,England,Zimbabwe,0.9949,0.0008,0.0043,50-7,False,,,,,,
,Wales,Tonga,0.7669,0.0179,0.2152,32-19,False,,,,,,
,Wales,Zimbabwe,0.8888,0.0109,0.1003,35-14,False,,,,,,
,Tonga,Zimbabwe,0.7637,0.018,0.2183,31-19,False,,,,,,
,Australia,New Zealand,0.2871,0.0207,0.6922,19-28,False,,,,,,
,Australia,Chile,0.9258,0.008,0.0661,39-14,False,,,,,,
,Australia,Hong Kong China,0.9701,0.0038,0.026,41-9,False,,,,,,
,New Zealand,Chile,0.9922,0.0012,0.0066,55-14,False,,,,,,
,New Zealand,Hong Kong China,0.9918,0.0012,0.007,50-10,False,,,,,,
,Chile,Hong Kong China,0.6288,0.0224,0.3489,26-20,False,,,,,,
,South Africa,Italy,0.9086,0.0094,0.0819,39-16,False,,,,,,
,South Africa,Georgia,0.9911,0.0013,0.0076,54-14,False,,,,,,
,South Africa,Romania,0.9984,0.0003,0.0013,60-11,False,,,,,,
,Italy,Georgia,0.7904,0.0168,0.1928,31-17,False,,,,,,
,Italy,Romania,0.9672,0.0041,0.0287,43-12,False,,,,,,
,Georgia,Romania,0.8498,0.0135,0.1367,35-17,False,,,,,,
,Argentina,Fiji,0.6884,0.0208,0.2907,29-20,False,,,,,,
,Argentina,Canada,0.997,0.0005,0.0025,58-11,False,,,,,,
,Argentina,Spain,0.9637,0.0045,0.0318,44-13,False,,,,,,
,Fiji,Canada,0.9706,0.0038,0.0256,45-13,False,,,,,,
,Fiji,Spain,0.737,0.0191,0.2439,28-17,False,,,,,,
,Canada,Spain,0.1532,0.0146,0.8323,14-31,False,,,,,,
,Ireland,Scotland,0.7208,0.0197,0.2595,31-21,False,,,,,,
,Ireland,Uruguay,0.9911,0.0013,0.0075,52-12,False,,,,,,
,Ireland,Portugal,0.9958,0.0007,0.0035,54-10,False,,,,,,
,Scotland,Uruguay,0.9534,0.0055,0.041,40-11,False,,,,,,
,Scotland,Portugal,0.974,0.0034,0.0226,43-10,False,,,,,,
,Uruguay,Portugal,0.4622,0.0238,0.514,21-22,False,,,,,,
,France,Japan,0.9556,0.0053,0.0391,42-13,False,,,,,,
,France,Samoa,0.9823,0.0025,0.0153,50-15,False,,,,,,
,France,United States,0.9917,0.0013,0.0071,54-14,False,,,,,,
,Japan,Samoa,0.5899,0.0231,0.3871,26-21,False,,,,,,
,Japan,United States,0.5956,0.023,0.3814,28-24,False,,,,,,
,Samoa,United States,0.7096,0.0201,0.2703,29-19,False,,,,,,
,England,Wales,0.8299,0.0147,0.1554,32-16,False,,,,,,
,England,Tonga,0.9741,0.0034,0.0225,45-12,False,,,,,,
,England,Zimbabwe,0.9949,0.0008,0.0043,50-7,False,,,,,,
,Wales,Tonga,0.7669,0.0179,0.2152,32-19,False,,,,,,
,Wales,Zimbabwe,0.8888,0.0109,0.1003,35-14,False,,,,,,
,Tonga,Zimbabwe,0.7637,0.018,0.2183,31-19,False,,,,,,
,Australia,New Zealand,0.2871,0.0207,0.6922,19-28,False,,,,,,
,Australia,Chile,0.9258,0.008,0.0661,39-14,False,,,,,,
,Australia,Hong Kong China,0.9701,0.0038,0.026,41-9,False,,,,,,
,New Zealand,Chile,0.9922,0.0012,0.0066,55-14,False,,,,,,
,New Zealand,Hong Kong China,0.9918,0.0012,0.007,50-10,False,,,,,,
,Chile,Hong Kong China,0.6288,0.0224,0.3489,26-20,False,,,,,,
,South Africa,Italy,0.9086,0.0094,0.0819,39-16,False,,,,,,
,South Africa,Georgia,0.9911,0.0013,0.0076,54-14,False,,,,,,
,South Africa,Romania,0.9984,0.0003,0.0013,60-11,False,,,,,,
,Italy,Georgia,0.7904,0.0168,0.1928,31-17,False,,,,,,
,Italy,Romania,0.9672,0.0041,0.0287,43-12,False,,,,,,
,Georgia,Romania,0.8498,0.0135,0.1367,35-17,False,,,,,,
,Argentina,Fiji,0.6884,0.0208,0.2907,29-20,False,,,,,,
,Argentina,Canada,0.997,0.0005,0.0025,58-11,False,,,,,,
,Argentina,Spain,0.9637,0.0045,0.0318,44-13,False,,,,,,
,Fiji,Canada,0.9706,0.0038,0.0256,45-13,False,,,,,,
,Fiji,Spain,0.737,0.0191,0.2439,28-17,False,,,,,,
,Canada,Spain,0.1532,0.0146,0.8323,14-31,False,,,,,,
,Ireland,Scotland,0.7208,0.0197,0.2595,31-21,False,,,,,,
,Ireland,Uruguay,0.9911,0.0013,0.0075,52-12,False,,,,,,
,Ireland,Portugal,0.9958,0.0007,0.0035,54-10,False,,,,,,
,Scotland,Uruguay,0.9534,0.0055,0.041,40-11,False,,,,,,
,Scotland,Portugal,0.974,0.0034,0.0226,43-10,False,,,,,,
,Uruguay,Portugal,0.4622,0.0238,0.514,21-22,False,,,,,,
,France,Japan,0.9556,0.0053,0.0391,42-13,False,,,,,,
,France,Samoa,0.9823,0.0025,0.0153,50-15,False,,,,,,
,France,United States,0.9917,0.0013,0.0071,54-14,False,,,,,,
,Japan,Samoa,0.5899,0.0231,0.3871,26-21,False,,,,,,
,Japan,United States,0.5956,0.023,0.3814,28-24,False,,,,,,
,Samoa,United States,0.7096,0.0201,0.2703,29-19,False,,,,,,
,England,Wales,0.8299,0.0147,0.1554,32-16,False,,,,,,
,England,Tonga,0.9741,0.0034,0.0225,45-12,False,,,,,,
,England,Zimbabwe,0.9949,0.0008,0.0043,50-7,False,,,,,,
,Wales,Tonga,0.7669,0.0179,0.2152,32-19,False,,,,,,
,Wales,Zimbabwe,0.8888,0.0109,0.1003,35-14,False,,,,,,
,Tonga,Zimbabwe,0.7637,0.018,0.2183,31-19,False,,,,,,
,Australia,New Zealand,0.2871,0.0207,0.6922,19-28,False,,,,,,
,Australia,Chile,0.9258,0.008,0.0661,39-14,False,,,,,,
,Australia,Hong Kong China,0.9701,0.0038,0.026,41-9,False,,,,,,
,New Zealand,Chile,0.9922,0.0012,0.0066,55-14,False,,,,,,
,New Zealand,Hong Kong China,0.9918,0.0012,0.007,50-10,False,,,,,,
,Chile,Hong Kong China,0.6288,0.0224,0.3489,26-20,False,,,,,,
,South Africa,Italy,0.9086,0.0094,0.0819,39-16,False,,,,,,
,South Africa,Georgia,0.9911,0.0013,0.0076,54-14,False,,,,,,
,South Africa,Romania,0.9984,0.0003,0.0013,60-11,False,,,,,,
,Italy,Georgia,0.7904,0.0168,0.1928,31-17,False,,,,,,
,Italy,Romania,0.9672,0.0041,0.0287,43-12,False,,,,,,
,Georgia,Romania,0.8498,0.0135,0.1367,35-17,False,,,,,,
,Argentina,Fiji,0.6884,0.0208,0.2907,29-20,False,,,,,,
,Argentina,Canada,0.997,0.0005,0.0025,58-11,False,,,,,,
,Argentina,Spain,0.9637,0.0045,0.0318,44-13,False,,,,,,
,Fiji,Canada,0.9706,0.0038,0.0256,45-13,False,,,,,,
,Fiji,Spain,0.737,0.0191,0.2439,28-17,False,,,,,,
,Canada,Spain,0.1532,0.0146,0.8323,14-31,False,,,,,,
,Ireland,Scotland,0.7208,0.0197,0.2595,31-21,False,,,,,,
,Ireland,Uruguay,0.9911,0.0013,0.0075,52-12,False,,,,,,
,Ireland,Portugal,0.9958,0.0007,0.0035,54-10,False,,,,,,
,Scotland,Uruguay,0.9534,0.0055,0.041,40-11,False,,,,,,
,Scotland,Portugal,0.974,0.0034,0.0226,43-10,False,,,,,,
,Uruguay,Portugal,0.4622,0.0238,0.514,21-22,False,,,,,,
,France,Japan,0.9556,0.0053,0.0391,42-13,False,,,,,,
,France,Samoa,0.9823,0.0025,0.0153,50-15,False,,,,,,
,France,United States,0.9917,0.0013,0.0071,54-14,False,,,,,,
,Japan,Samoa,0.5899,0.0231,0.3871,26-21,False,,,,,,
,Japan,United States,0.5956,0.023,0.3814,28-24,False,,,,,,
,Samoa,United States,0.7096,0.0201,0.2703,29-19,False,,,,,,
,England,Wales,0.8299,0.0147,0.1554,32-16,False,,,,,,
,England,Tonga,0.9741,0.0034,0.0225,45-12,False,,,,,,
,England,Zimbabwe,0.9949,0.0008,0.0043,50-7,False,,,,,,
,Wales,Tonga,0.7669,0.0179,0.2152,32-19,False,,,,,,
,Wales,Zimbabwe,0.8888,0.0109,0.1003,35-14,False,,,,,,
,Tonga,Zimbabwe,0.7637,0.018,0.2183,31-19,False,,,,,,
,Australia,New Zealand,0.2871,0.0207,0.6922,19-28,False,,,,,,
,Australia,Chile,0.9258,0.008,0.0661,39-14,False,,,,,,
,Australia,Hong Kong China,0.9701,0.0038,0.026,41-9,False,,,,,,
,New Zealand,Chile,0.9922,0.0012,0.0066,55-14,False,,,,,,
,New Zealand,Hong Kong China,0.9918,0.0012,0.007,50-10,False,,,,,,
,Chile,Hong Kong China,0.6288,0.0224,0.3489,26-20,False,,,,,,
,South Africa,Italy,0.9086,0.0094,0.0819,39-16,False,,,,,,
,South Africa,Georgia,0.9911,0.0013,0.0076,54-14,False,,,,,,
,South Africa,Romania,0.9984,0.0003,0.0013,60-11,False,,,,,,
,Italy,Georgia,0.7904,0.0168,0.1928,31-17,False,,,,,,
,Italy,Romania,0.9672,0.0041,0.0287,43-12,False,,,,,,
,Georgia,Romania,0.8498,0.0135,0.1367,35-17,False,,,,,,
,Argentina,Fiji,0.6884,0.0208,0.2907,29-20,False,,,,,,
,Argentina,Canada,0.997,0.0005,0.0025,58-11,False,,,,,,
,Argentina,Spain,0.9637,0.0045,0.0318,44-13,False,,,,,,
,Fiji,Canada,0.9706,0.0038,0.0256,45-13,False,,,,,,
,Fiji,Spain,0.737,0.0191,0.2439,28-17,False,,,,,,
,Canada,Spain,0.1532,0.0146,0.8323,14-31,False,,,,,,
,Ireland,Scotland,0.7208,0.0197,0.2595,31-21,False,,,,,,
,Ireland,Uruguay,0.9911,0.0013,0.0075,52-12,False,,,,,,
,Ireland,Portugal,0.9958,0.0007,0.0035,54-10,False,,,,,,
,Scotland,Uruguay,0.9534,0.0055,0.041,40-11,False,,,,,,
,Scotland,Portugal,0.974,0.0034,0.0226,43-10,False,,,,,,
,Uruguay,Portugal,0.4622,0.0238,0.514,21-22,False,,,,,,
,France,Japan,0.9556,0.0053,0.0391,42-13,False,,,,,,
,France,Samoa,0.9823,0.0025,0.0153,50-15,False,,,,,,
,France,United States,0.9917,0.0013,0.0071,54-14,False,,,,,,
,Japan,Samoa,0.5899,0.0231,0.3871,26-21,False,,,,,,
,Japan,United States,0.5956,0.023,0.3814,28-24,False,,,,,,
,Samoa,United States,0.7096,0.0201,0.2703,29-19,False,,,,,,
,England,Wales,0.8299,0.0147,0.1554,32-16,False,,,,,,
,England,Tonga,0.9741,0.0034,0.0225,45-12,False,,,,,,
,England,Zimbabwe,0.9949,0.0008,0.0043,50-7,False,,,,,,
,Wales,Tonga,0.7669,0.0179,0.2152,32-19,False,,,,,,
,Wales,Zimbabwe,0.8888,0.0109,0.1003,35-14,False,,,,,,
,Tonga,Zimbabwe,0.7637,0.018,0.2183,31-19,False,,,,,,
,Australia,New Zealand,0.2871,0.0207,0.6922,19-28,False,,,,,,
,Australia,Chile,0.9258,0.008,0.0661,39-14,False,,,,,,
,Australia,Hong Kong China,0.9701,0.0038,0.026,41-9,False,,,,,,
,New Zealand,Chile,0.9922,0.0012,0.0066,55-14,False,,,,,,
,New Zealand,Hong Kong China,0.9918,0.0012,0.007,50-10,False,,,,,,
,Chile,Hong Kong China,0.6288,0.0224,0.3489,26-20,False,,,,,,
,South Africa,Italy,0.9086,0.0094,0.0819,39-16,False,,,,,,
,South Africa,Georgia,0.9911,0.0013,0.0076,54-14,False,,,,,,
,South Africa,Romania,0.9984,0.0003,0.0013,60-11,False,,,,,,
,Italy,Georgia,0.7904,0.0168,0.1928,31-17,False,,,,,,
,Italy,Romania,0.9672,0.0041,0.0287,43-12,False,,,,,,
,Georgia,Romania,0.8498,0.0135,0.1367,35-17,False,,,,,,
,Argentina,Fiji,0.6884,0.0208,0.2907,29-20,False,,,,,,
,Argentina,Canada,0.997,0.0005,0.0025,58-11,False,,,,,,
,Argentina,Spain,0.9637,0.0045,0.0318,44-13,False,,,,,,
,Fiji,Canada,0.9706,0.0038,0.0256,45-13,False,,,,,,
,Fiji,Spain,0.737,0.0191,0.2439,28-17,False,,,,,,
,Canada,Spain,0.1532,0.0146,0.8323,14-31,False,,,,,,
,Ireland,Scotland,0.7208,0.0197,0.2595,31-21,False,,,,,,
,Ireland,Uruguay,0.9911,0.0013,0.0075,52-12,False,,,,,,
,Ireland,Portugal,0.9958,0.0007,0.0035,54-10,False,,,,,,
,Scotland,Uruguay,0.9534,0.0055,0.041,40-11,False,,,,,,
,Scotland,Portugal,0.974,0.0034,0.0226,43-10,False,,,,,,
,Uruguay,Portugal,0.4622,0.0238,0.514,21-22,False,,,,,,
,France,Japan,0.9556,0.0053,0.0391,42-13,False,,,,,,
,France,Samoa,0.9823,0.0025,0.0153,50-15,False,,,,,,
,France,United States,0.9917,0.0013,0.0071,54-14,False,,,,,,
,Japan,Samoa,0.5899,0.0231,0.3871,26-21,False,,,,,,
,Japan,United States,0.5956,0.023,0.3814,28-24,False,,,,,,
,Samoa,United States,0.7096,0.0201,0.2703,29-19,False,,,,,,
,England,Wales,0.8299,0.0147,0.1554,32-16,False,,,,,,
,England,Tonga,0.9741,0.0034,0.0225,45-12,False,,,,,,
,England,Zimbabwe,0.9949,0.0008,0.0043,50-7,False,,,,,,
,Wales,Tonga,0.7669,0.0179,0.2152,32-19,False,,,,,,
,Wales,Zimbabwe,0.8888,0.0109,0.1003,35-14,False,,,,,,
,Tonga,Zimbabwe,0.7637,0.018,0.2183,31-19,False,,,,,,
,Australia,New Zealand,0.2871,0.0207,0.6922,19-28,False,,,,,,
,Australia,Chile,0.9258,0.008,0.0661,39-14,False,,,,,,
,Australia,Hong Kong China,0.9701,0.0038,0.026,41-9,False,,,,,,
,New Zealand,Chile,0.9922,0.0012,0.0066,55-14,False,,,,,,
,New Zealand,Hong Kong China,0.9918,0.0012,0.007,50-10,False,,,,,,
,Chile,Hong Kong China,0.6288,0.0224,0.3489,26-20,False,,,,,,
,South Africa,Italy,0.9086,0.0094,0.0819,39-16,False,,,,,,
,South Africa,Georgia,0.9911,0.0013,0.0076,54-14,False,,,,,,
,South Africa,Romania,0.9984,0.0003,0.0013,60-11,False,,,,,,
,Italy,Georgia,0.7904,0.0168,0.1928,31-17,False,,,,,,
,Italy,Romania,0.9672,0.0041,0.0287,43-12,False,,,,,,
,Georgia,Romania,0.8498,0.0135,0.1367,35-17,False,,,,,,
,Argentina,Fiji,0.6884,0.0208,0.2907,29-20,False,,,,,,
,Argentina,Canada,0.997,0.0005,0.0025,58-11,False,,,,,,
,Argentina,Spain,0.9637,0.0045,0.0318,44-13,False,,,,,,
,Fiji,Canada,0.9706,0.0038,0.0256,45-13,False,,,,,,
,Fiji,Spain,0.737,0.0191,0.2439,28-17,False,,,,,,
,Canada,Spain,0.1532,0.0146,0.8323,14-31,False,,,,,,
,Ireland,Scotland,0.7208,0.0197,0.2595,31-21,False,,,,,,
,Ireland,Uruguay,0.9911,0.0013,0.0075,52-12,False,,,,,,
,Ireland,Portugal,0.9958,0.0007,0.0035,54-10,False,,,,,,
,Scotland,Uruguay,0.9534,0.0055,0.041,40-11,False,,,,,,
,Scotland,Portugal,0.974,0.0034,0.0226,43-10,False,,,,,,
,Uruguay,Portugal,0.4622,0.0238,0.514,21-22,False,,,,,,
,France,Japan,0.9556,0.0053,0.0391,42-13,False,,,,,,
,France,Samoa,0.9823,0.0025,0.0153,50-15,False,,,,,,
,France,United States,0.9917,0.0013,0.0071,54-14,False,,,,,,
,Japan,Samoa,0.5899,0.0231,0.3871,26-21,False,,,,,,
,Japan,United States,0.5956,0.023,0.3814,28-24,False,,,,,,
,Samoa,United States,0.7096,0.0201,0.2703,29-19,False,,,,,,
,England,Wales,0.8299,0.0147,0.1554,32-16,False,,,,,,
,England,Tonga,0.9741,0.0034,0.0225,45-12,False,,,,,,
,England,Zimbabwe,0.9949,0.0008,0.0043,50-7,False,,,,,,
,Wales,Tonga,0.7669,0.0179,0.2152,32-19,False,,,,,,
,Wales,Zimbabwe,0.8888,0.0109,0.1003,35-14,False,,,,,,
,Tonga,Zimbabwe,0.7637,0.018,0.2183,31-19,False,,,,,,
,Australia,New Zealand,0.2871,0.0207,0.6922,19-28,False,,,,,,
,Australia,Chile,0.9258,0.008,0.0661,39-14,False,,,,,,
,Australia,Hong Kong China,0.9701,0.0038,0.026,41-9,False,,,,,,
,New Zealand,Chile,0.9922,0.0012,0.0066,55-14,False,,,,,,
,New Zealand,Hong Kong China,0.9918,0.0012,0.007,50-10,False,,,,,,
,Chile,Hong Kong China,0.6288,0.0224,0.3489,26-20,False,,,,,,
,South Africa,Italy,0.9086,0.0094,0.0819,39-16,False,,,,,,
,South Africa,Georgia,0.9911,0.0013,0.0076,54-14,False,,,,,,
,South Africa,Romania,0.9984,0.0003,0.0013,60-11,False,,,,,,
,Italy,Georgia,0.7904,0.0168,0.1928,31-17,False,,,,,,
,Italy,Romania,0.9672,0.0041,0.0287,43-12,False,,,,,,
,Georgia,Romania,0.8498,0.0135,0.1367,35-17,False,,,,,,
,Argentina,Fiji,0.6884,0.0208,0.2907,29-20,False,,,,,,
,Argentina,Canada,0.997,0.0005,0.0025,58-11,False,,,,,,
,Argentina,Spain,0.9637,0.0045,0.0318,44-13,False,,,,,,
,Fiji,Canada,0.9706,0.0038,0.0256,45-13,False,,,,,,
,Fiji,Spain,0.737,0.0191,0.2439,28-17,False,,,,,,
,Canada,Spain,0.1532,0.0146,0.8323,14-31,False,,,,,,
,Ireland,Scotland,0.7208,0.0197,0.2595,31-21,False,,,,,,
,Ireland,Uruguay,0.9911,0.0013,0.0075,52-12,False,,,,,,
,Ireland,Portugal,0.9958,0.0007,0.0035,54-10,False,,,,,,
,Scotland,Uruguay,0.9534,0.0055,0.041,40-11,False,,,,,,
,Scotland,Portugal,0.974,0.0034,0.0226,43-10,False,,,,,,
,Uruguay,Portugal,0.4622,0.0238,0.514,21-22,False,,,,,,
,France,Japan,0.9556,0.0053,0.0391,42-13,False,,,,,,
,France,Samoa,0.9823,0.0025,0.0153,50-15,False,,,,,,
,France,United States,0.9917,0.0013,0.0071,54-14,False,,,,,,
,Japan,Samoa,0.5899,0.0231,0.3871,26-21,False,,,,,,
,Japan,United States,0.5956,0.023,0.3814,28-24,False,,,,,,
,Samoa,United States,0.7096,0.0201,0.2703,29-19,False,,,,,,
,England,Wales,0.8299,0.0147,0.1554,32-16,False,,,,,,
,England,Tonga,0.9741,0.0034,0.0225,45-12,False,,,,,,
,England,Zimbabwe,0.9949,0.0008,0.0043,50-7,False,,,,,,
,Wales,Tonga,0.7669,0.0179,0.2152,32-19,False,,,,,,
,Wales,Zimbabwe,0.8888,0.0109,0.1003,35-14,False,,,,,,
,Tonga,Zimbabwe,0.7637,0.018,0.2183,31-19,False,,,,,,
,Australia,New Zealand,0.2871,0.0207,0.6922,19-28,False,,,,,,
,Australia,Chile,0.9258,0.008,0.0661,39-14,False,,,,,,
,Australia,Hong Kong China,0.9701,0.0038,0.026,41-9,False,,,,,,
,New Zealand,Chile,0.9922,0.0012,0.0066,55-14,False,,,,,,
,New Zealand,Hong Kong China,0.9918,0.0012,0.007,50-10,False,,,,,,
,Chile,Hong Kong China,0.6288,0.0224,0.3489,26-20,False,,,,,,
,South Africa,Italy,0.9086,0.0094,0.0819,39-16,False,,,,,,
,South Africa,Georgia,0.9911,0.0013,0.0076,54-14,False,,,,,,
,South Africa,Romania,0.9984,0.0003,0.0013,60-11,False,,,,,,
,Italy,Georgia,0.7904,0.0168,0.1928,31-17,False,,,,,,
,Italy,Romania,0.9672,0.0041,0.0287,43-12,False,,,,,,
,Georgia,Romania,0.8498,0.0135,0.1367,35-17,False,,,,,,
,Argentina,Fiji,0.6884,0.0208,0.2907,29-20,False,,,,,,
,Argentina,Canada,0.997,0.0005,0.0025,58-11,False,,,,,,
,Argentina,Spain,0.9637,0.0045,0.0318,44-13,False,,,,,,
,Fiji,Canada,0.9706,0.0038,0.0256,45-13,False,,,,,,
,Fiji,Spain,0.737,0.0191,0.2439,28-17,False,,,,,,
,Canada,Spain,0.1532,0.0146,0.8323,14-31,False,,,,,,
,Ireland,Scotland,0.7208,0.0197,0.2595,31-21,False,,,,,,
,Ireland,Uruguay,0.9911,0.0013,0.0075,52-12,False,,,,,,
,Ireland,Portugal,0.9958,0.0007,0.0035,54-10,False,,,,,,
,Scotland,Uruguay,0.9534,0.0055,0.041,40-11,False,,,,,,
,Scotland,Portugal,0.974,0.0034,0.0226,43-10,False,,,,,,
,Uruguay,Portugal,0.4622,0.0238,0.514,21-22,False,,,,,,
,France,Japan,0.9556,0.0053,0.0391,42-13,False,,,,,,
,France,Samoa,0.9823,0.0025,0.0153,50-15,False,,,,,,
,France,United States,0.9917,0.0013,0.0071,54-14,False,,,,,,
,Japan,Samoa,0.5899,0.0231,0.3871,26-21,False,,,,,,
,Japan,United States,0.5956,0.023,0.3814,28-24,False,,,,,,
,Samoa,United States,0.7096,0.0201,0.2703,29-19,False,,,,,,
,England,Wales,0.8299,0.0147,0.1554,32-16,False,,,,,,
,England,Tonga,0.9741,0.0034,0.0225,45-12,False,,,,,,
,England,Zimbabwe,0.9949,0.0008,0.0043,50-7,False,,,,,,
,Wales,Tonga,0.7669,0.0179,0.2152,32-19,False,,,,,,
,Wales,Zimbabwe,0.8888,0.0109,0.1003,35-14,False,,,,,,
,Tonga,Zimbabwe,0.7637,0.018,0.2183,31-19,False,,,,,,
,Australia,New Zealand,0.2871,0.0207,0.6922,19-28,False,,,,,,
,Australia,Chile,0.9258,0.008,0.0661,39-14,False,,,,,,
,Australia,Hong Kong China,0.9701,0.0038,0.026,41-9,False,,,,,,
,New Zealand,Chile,0.9922,0.0012,0.0066,55-14,False,,,,,,
,New Zealand,Hong Kong China,0.9918,0.0012,0.007,50-10,False,,,,,,
,Chile,Hong Kong China,0.6288,0.0224,0.3489,26-20,False,,,,,,
,South Africa,Italy,0.9086,0.0094,0.0819,39-16,False,,,,,,
,South Africa,Georgia,0.9911,0.0013,0.0076,54-14,False,,,,,,
,South Africa,Romania,0.9984,0.0003,0.0013,60-11,False,,,,,,
,Italy,Georgia,0.7904,0.0168,0.1928,31-17,False,,,,,,
,Italy,Romania,0.9672,0.0041,0.0287,43-12,False,,,,,,
,Georgia,Romania,0.8498,0.0135,0.1367,35-17,False,,,,,,
,Argentina,Fiji,0.6884,0.0208,0.2907,29-20,False,,,,,,
,Argentina,Canada,0.997,0.0005,0.0025,58-11,False,,,,,,
,Argentina,Spain,0.9637,0.0045,0.0318,44-13,False,,,,,,
,Fiji,Canada,0.9706,0.0038,0.0256,45-13,False,,,,,,
,Fiji,Spain,0.737,0.0191,0.2439,28-17,False,,,,,,
,Canada,Spain,0.1532,0.0146,0.8323,14-31,False,,,,,,
,Ireland,Scotland,0.7208,0.0197,0.2595,31-21,False,,,,,,
,Ireland,Uruguay,0.9911,0.0013,0.0075,52-12,False,,,,,,
,Ireland,Portugal,0.9958,0.0007,0.0035,54-10,False,,,,,,
,Scotland,Uruguay,0.9534,0.0055,0.041,40-11,False,,,,,,
,Scotland,Portugal,0.974,0.0034,0.0226,43-10,False,,,,,,
,Uruguay,Portugal,0.4622,0.0238,0.514,21-22,False,,,,,,
,France,Japan,0.9556,0.0053,0.0391,42-13,False,,,,,,
,France,Samoa,0.9823,0.0025,0.0153,50-15,False,,,,,,
,France,United States,0.9917,0.0013,0.0071,54-14,False,,,,,,
,Japan,Samoa,0.5899,0.0231,0.3871,26-21,False,,,,,,
,Japan,United States,0.5956,0.023,0.3814,28-24,False,,,,,,
,Samoa,United States,0.7096,0.0201,0.2703,29-19,False,,,,,,
,England,Wales,0.8299,0.0147,0.1554,32-16,False,,,,,,
,England,Tonga,0.9741,0.0034,0.0225,45-12,False,,,,,,
,England,Zimbabwe,0.9949,0.0008,0.0043,50-7,False,,,,,,
,Wales,Tonga,0.7669,0.0179,0.2152,32-19,False,,,,,,
,Wales,Zimbabwe,0.8888,0.0109,0.1003,35-14,False,,,,,,
,Tonga,Zimbabwe,0.7637,0.018,0.2183,31-19,False,,,,,,
,Australia,New Zealand,0.2871,0.0207,0.6922,19-28,False,,,,,,
,Australia,Chile,0.9258,0.008,0.0661,39-14,False,,,,,,
,Australia,Hong Kong China,0.9701,0.0038,0.026,41-9,False,,,,,,
,New Zealand,Chile,0.9922,0.0012,0.0066,55-14,False,,,,,,
,New Zealand,Hong Kong China,0.9918,0.0012,0.007,50-10,False,,,,,,
,Chile,Hong Kong China,0.6288,0.0224,0.3489,26-20,False,,,,,,
,South Africa,Italy,0.9086,0.0094,0.0819,39-16,False,,,,,,
,South Africa,Georgia,0.9911,0.0013,0.0076,54-14,False,,,,,,
,South Africa,Romania,0.9984,0.0003,0.0013,60-11,False,,,,,,
,Italy,Georgia,0.7904,0.0168,0.1928,31-17,False,,,,,,
,Italy,Romania,0.9672,0.0041,0.0287,43-12,False,,,,,,
,Georgia,Romania,0.8498,0.0135,0.1367,35-17,False,,,,,,
,Argentina,Fiji,0.6884,0.0208,0.2907,29-20,False,,,,,,
,Argentina,Canada,0.997,0.0005,0.0025,58-11,False,,,,,,
,Argentina,Spain,0.9637,0.0045,0.0318,44-13,False,,,,,,
,Fiji,Canada,0.9706,0.0038,0.0256,45-13,False,,,,,,
,Fiji,Spain,0.737,0.0191,0.2439,28-17,False,,,,,,
,Canada,Spain,0.1532,0.0146,0.8323,14-31,False,,,,,,
,Ireland,Scotland,0.7208,0.0197,0.2595,31-21,False,,,,,,
,Ireland,Uruguay,0.9911,0.0013,0.0075,52-12,False,,,,,,
,Ireland,Portugal,0.9958,0.0007,0.0035,54-10,False,,,,,,
,Scotland,Uruguay,0.9534,0.0055,0.041,40-11,False,,,,,,
,Scotland,Portugal,0.974,0.0034,0.0226,43-10,False,,,,,,
,Uruguay,Portugal,0.4622,0.0238,0.514,21-22,False,,,,,,
,France,Japan,0.9556,0.0053,0.0391,42-13,False,,,,,,
,France,Samoa,0.9823,0.0025,0.0153,50-15,False,,,,,,
,France,United States,0.9917,0.0013,0.0071,54-14,False,,,,,,
,Japan,Samoa,0.5899,0.0231,0.3871,26-21,False,,,,,,
,Japan,United States,0.5956,0.023,0.3814,28-24,False,,,,,,
,Samoa,United States,0.7096,0.0201,0.2703,29-19,False,,,,,,
,England,Wales,0.8299,0.0147,0.1554,32-16,False,,,,,,
,England,Tonga,0.9741,0.0034,0.0225,45-12,False,,,,,,
,England,Zimbabwe,0.9949,0.0008,0.0043,50-7,False,,,,,,
,Wales,Tonga,0.7669,0.0179,0.2152,32-19,False,,,,,,
,Wales,Zimbabwe,0.8888,0.0109,0.1003,35-14,False,,,,,,
,Tonga,Zimbabwe,0.7637,0.018,0.2183,31-19,False,,,,,,
,Australia,New Zealand,0.2871,0.0207,0.6922,19-28,False,,,,,,
,Australia,Chile,0.9258,0.008,0.0661,39-14,False,,,,,,
,Australia,Hong Kong China,0.9701,0.0038,0.026,41-9,False,,,,,,
,New Zealand,Chile,0.9922,0.0012,0.0066,55-14,False,,,,,,
,New Zealand,Hong Kong China,0.9918,0.0012,0.007,50-10,False,,,,,,
,Chile,Hong Kong China,0.6288,0.0224,0.3489,26-20,False,,,,,,
,South Africa,Italy,0.9086,0.0094,0.0819,39-16,False,,,,,,
,South Africa,Georgia,0.9911,0.0013,0.0076,54-14,False,,,,,,
,South Africa,Romania,0.9984,0.0003,0.0013,60-11,False,,,,,,
,Italy,Georgia,0.7904,0.0168,0.1928,31-17,False,,,,,,
,Italy,Romania,0.9672,0.0041,0.0287,43-12,False,,,,,,
,Georgia,Romania,0.8498,0.0135,0.1367,35-17,False,,,,,,
,Argentina,Fiji,0.6884,0.0208,0.2907,29-20,False,,,,,,
,Argentina,Canada,0.997,0.0005,0.0025,58-11,False,,,,,,
,Argentina,Spain,0.9637,0.0045,0.0318,44-13,False,,,,,,
,Fiji,Canada,0.9706,0.0038,0.0256,45-13,False,,,,,,
,Fiji,Spain,0.737,0.0191,0.2439,28-17,False,,,,,,
,Canada,Spain,0.1532,0.0146,0.8323,14-31,False,,,,,,
,Ireland,Scotland,0.7208,0.0197,0.2595,31-21,False,,,,,,
,Ireland,Uruguay,0.9911,0.0013,0.0075,52-12,False,,,,,,
,Ireland,Portugal,0.9958,0.0007,0.0035,54-10,False,,,,,,
,Scotland,Uruguay,0.9534,0.0055,0.041,40-11,False,,,,,,
,Scotland,Portugal,0.974,0.0034,0.0226,43-10,False,,,,,,
,Uruguay,Portugal,0.4622,0.0238,0.514,21-22,False,,,,,,
,France,Japan,0.9556,0.0053,0.0391,42-13,False,,,,,,
,France,Samoa,0.9823,0.0025,0.0153,50-15,False,,,,,,
,France,United States,0.9917,0.0013,0.0071,54-14,False,,,,,,
,Japan,Samoa,0.5899,0.0231,0.3871,26-21,False,,,,,,
,Japan,United States,0.5956,0.023,0.3814,28-24,False,,,,,,
,Samoa,United States,0.7096,0.0201,0.2703,29-19,False,,,,,,
,England,Wales,0.8299,0.0147,0.1554,32-16,False,,,,,,
,England,Tonga,0.9741,0.0034,0.0225,45-12,False,,,,,,
,England,Zimbabwe,0.9949,0.0008,0.0043,50-7,False,,,,,,
,Wales,Tonga,0.7669,0.0179,0.2152,32-19,False,,,,,,
,Wales,Zimbabwe,0.8888,0.0109,0.1003,35-14,False,,,,,,
,Tonga,Zimbabwe,0.7637,0.018,0.2183,31-19,False,,,,,,
,Australia,New Zealand,0.2871,0.0207,0.6922,19-28,False,,,,,,
,Australia,Chile,0.9258,0.008,0.0661,39-14,False,,,,,,
,Australia,Hong Kong China,0.9701,0.0038,0.026,41-9,False,,,,,,
,New Zealand,Chile,0.9922,0.0012,0.0066,55-14,False,,,,,,
,New Zealand,Hong Kong China,0.9918,0.0012,0.007,50-10,False,,,,,,
,Chile,Hong Kong China,0.6288,0.0224,0.3489,26-20,False,,,,,,
,South Africa,Italy,0.9086,0.0094,0.0819,39-16,False,,,,,,
,South Africa,Georgia,0.9911,0.0013,0.0076,54-14,False,,,,,,
,South Africa,Romania,0.9984,0.0003,0.0013,60-11,False,,,,,,
,Italy,Georgia,0.7904,0.0168,0.1928,31-17,False,,,,,,
,Italy,Romania,0.9672,0.0041,0.0287,43-12,False,,,,,,
,Georgia,Romania,0.8498,0.0135,0.1367,35-17,False,,,,,,
,Argentina,Fiji,0.6884,0.0208,0.2907,29-20,False,,,,,,
,Argentina,Canada,0.997,0.0005,0.0025,58-11,False,,,,,,
,Argentina,Spain,0.9637,0.0045,0.0318,44-13,False,,,,,,
,Fiji,Canada,0.9706,0.0038,0.0256,45-13,False,,,,,,
,Fiji,Spain,0.737,0.0191,0.2439,28-17,False,,,,,,
,Canada,Spain,0.1532,0.0146,0.8323,14-31,False,,,,,,
,Ireland,Scotland,0.7208,0.0197,0.2595,31-21,False,,,,,,
,Ireland,Uruguay,0.9911,0.0013,0.0075,52-12,False,,,,,,
,Ireland,Portugal,0.9958,0.0007,0.0035,54-10,False,,,,,,
,Scotland,Uruguay,0.9534,0.0055,0.041,40-11,False,,,,,,
,Scotland,Portugal,0.974,0.0034,0.0226,43-10,False,,,,,,
,Uruguay,Portugal,0.4622,0.0238,0.514,21-22,False,,,,,,
,France,Japan,0.9556,0.0053,0.0391,42-13,False,,,,,,
,France,Samoa,0.9823,0.0025,0.0153,50-15,False,,,,,,
,France,United States,0.9917,0.0013,0.0071,54-14,False,,,,,,
,Japan,Samoa,0.5899,0.0231,0.3871,26-21,False,,,,,,
,Japan,United States,0.5956,0.023,0.3814,28-24,False,,,,,,
,Samoa,United States,0.7096,0.0201,0.2703,29-19,False,,,,,,
,England,Wales,0.8299,0.0147,0.1554,32-16,False,,,,,,
,England,Tonga,0.9741,0.0034,0.0225,45-12,False,,,,,,
,England,Zimbabwe,0.9949,0.0008,0.0043,50-7,False,,,,,,
,Wales,Tonga,0.7669,0.0179,0.2152,32-19,False,,,,,,
,Wales,Zimbabwe,0.8888,0.0109,0.1003,35-14,False,,,,,,
,Tonga,Zimbabwe,0.7637,0.018,0.2183,31-19,False,,,,,,
,Australia,New Zealand,0.2871,0.0207,0.6922,19-28,False,,,,,,
,Australia,Chile,0.9258,0.008,0.0661,39-14,False,,,,,,
,Australia,Hong Kong China,0.9701,0.0038,0.026,41-9,False,,,,,,
,New Zealand,Chile,0.9922,0.0012,0.0066,55-14,False,,,,,,
,New Zealand,Hong Kong China,0.9918,0.0012,0.007,50-10,False,,,,,,
,Chile,Hong Kong China,0.6288,0.0224,0.3489,26-20,False,,,,,,
,South Africa,Italy,0.9086,0.0094,0.0819,39-16,False,,,,,,
,South Africa,Georgia,0.9911,0.0013,0.0076,54-14,False,,,,,,
,South Africa,Romania,0.9984,0.0003,0.0013,60-11,False,,,,,,
,Italy,Georgia,0.7904,0.0168,0.1928,31-17,False,,,,,,
,Italy,Romania,0.9672,0.0041,0.0287,43-12,False,,,,,,
,Georgia,Romania,0.8498,0.0135,0.1367,35-17,False,,,,,,
,Argentina,Fiji,0.6884,0.0208,0.2907,29-20,False,,,,,,
,Argentina,Canada,0.997,0.0005,0.0025,58-11,False,,,,,,
,Argentina,Spain,0.9637,0.0045,0.0318,44-13,False,,,,,,
,Fiji,Canada,0.9706,0.0038,0.0256,45-13,False,,,,,,
,Fiji,Spain,0.737,0.0191,0.2439,28-17,False,,,,,,
,Canada,Spain,0.1532,0.0146,0.8323,14-31,False,,,,,,
,Ireland,Scotland,0.7208,0.0197,0.2595,31-21,False,,,,,,
,Ireland,Uruguay,0.9911,0.0013,0.0075,52-12,False,,,,,,
,Ireland,Portugal,0.9958,0.0007,0.0035,54-10,False,,,,,,
,Scotland,Uruguay,0.9534,0.0055,0.041,40-11,False,,,,,,
,Scotland,Portugal,0.974,0.0034,0.0226,43-10,False,,,,,,
,Uruguay,Portugal,0.4622,0.0238,0.514,21-22,False,,,,,,
,France,Japan,0.9556,0.0053,0.0391,42-13,False,,,,,,
,France,Samoa,0.9823,0.0025,0.0153,50-15,False,,,,,,
,France,United States,0.9917,0.0013,0.0071,54-14,False,,,,,,
,Japan,Samoa,0.5899,0.0231,0.3871,26-21,False,,,,,,
,Japan,United States,0.5956,0.023,0.3814,28-24,False,,,,,,
,Samoa,United States,0.7096,0.0201,0.2703,29-19,False,,,,,,
,England,Wales,0.8299,0.0147,0.1554,32-16,False,,,,,,
,England,Tonga,0.9741,0.0034,0.0225,45-12,False,,,,,,
,England,Zimbabwe,0.9949,0.0008,0.0043,50-7,False,,,,,,
,Wales,Tonga,0.7669,0.0179,0.2152,32-19,False,,,,,,
,Wales,Zimbabwe,0.8888,0.0109,0.1003,35-14,False,,,,,,
,Tonga,Zimbabwe,0.7637,0.018,0.2183,31-19,False,,,,,,
,Australia,New Zealand,0.2871,0.0207,0.6922,19-28,False,,,,,,
,Australia,Chile,0.9258,0.008,0.0661,39-14,False,,,,,,
,Australia,Hong Kong China,0.9701,0.0038,0.026,41-9,False,,,,,,
,New Zealand,Chile,0.9922,0.0012,0.0066,55-14,False,,,,,,
,New Zealand,Hong Kong China,0.9918,0.0012,0.007,50-10,False,,,,,,
,Chile,Hong Kong China,0.6288,0.0224,0.3489,26-20,False,,,,,,
,South Africa,Italy,0.9086,0.0094,0.0819,39-16,False,,,,,,
,South Africa,Georgia,0.9911,0.0013,0.0076,54-14,False,,,,,,
,South Africa,Romania,0.9984,0.0003,0.0013,60-11,False,,,,,,
,Italy,Georgia,0.7904,0.0168,0.1928,31-17,False,,,,,,
,Italy,Romania,0.9672,0.0041,0.0287,43-12,False,,,,,,
,Georgia,Romania,0.8498,0.0135,0.1367,35-17,False,,,,,,
,Argentina,Fiji,0.6884,0.0208,0.2907,29-20,False,,,,,,
,Argentina,Canada,0.997,0.0005,0.0025,58-11,False,,,,,,
,Argentina,Spain,0.9637,0.0045,0.0318,44-13,False,,,,,,
,Fiji,Canada,0.9706,0.0038,0.0256,45-13,False,,,,,,
,Fiji,Spain,0.737,0.0191,0.2439,28-17,False,,,,,,
,Canada,Spain,0.1532,0.0146,0.8323,14-31,False,,,,,,
,Ireland,Scotland,0.7208,0.0197,0.2595,31-21,False,,,,,,
,Ireland,Uruguay,0.9911,0.0013,0.0075,52-12,False,,,,,,
,Ireland,Portugal,0.9958,0.0007,0.0035,54-10,False,,,,,,
,Scotland,Uruguay,0.9534,0.0055,0.041,40-11,False,,,,,,
,Scotland,Portugal,0.974,0.0034,0.0226,43-10,False,,,,,,
,Uruguay,Portugal,0.4622,0.0238,0.514,21-22,False,,,,,,
,France,Japan,0.9556,0.0053,0.0391,42-13,False,,,,,,
,France,Samoa,0.9823,0.0025,0.0153,50-15,False,,,,,,
,France,United States,0.9917,0.0013,0.0071,54-14,False,,,,,,
,Japan,Samoa,0.5899,0.0231,0.3871,26-21,False,,,,,,
,Japan,United States,0.5956,0.023,0.3814,28-24,False,,,,,,
,Samoa,United States,0.7096,0.0201,0.2703,29-19,False,,,,,,
,England,Wales,0.8299,0.0147,0.1554,32-16,False,,,,,,
,England,Tonga,0.9741,0.0034,0.0225,45-12,False,,,,,,
,England,Zimbabwe,0.9949,0.0008,0.0043,50-7,False,,,,,,
,Wales,Tonga,0.7669,0.0179,0.2152,32-19,False,,,,,,
,Wales,Zimbabwe,0.8888,0.0109,0.1003,35-14,False,,,,,,
,Tonga,Zimbabwe,0.7637,0.018,0.2183,31-19,False,,,,,,
,Australia,New Zealand,0.2871,0.0207,0.6922,19-28,False,,,,,,
,Australia,Chile,0.9258,0.008,0.0661,39-14,False,,,,,,
,Australia,Hong Kong China,0.9701,0.0038,0.026,41-9,False,,,,,,
,New Zealand,Chile,0.9922,0.0012,0.0066,55-14,False,,,,,,
,New Zealand,Hong Kong China,0.9918,0.0012,0.007,50-10,False,,,,,,
,Chile,Hong Kong China,0.6288,0.0224,0.3489,26-20,False,,,,,,
,South Africa,Italy,0.9086,0.0094,0.0819,39-16,False,,,,,,
,South Africa,Georgia,0.9911,0.0013,0.0076,54-14,False,,,,,,
,South Africa,Romania,0.9984,0.0003,0.0013,60-11,False,,,,,,
,Italy,Georgia,0.7904,0.0168,0.1928,31-17,False,,,,,,
,Italy,Romania,0.9672,0.0041,0.0287,43-12,False,,,,,,
,Georgia,Romania,0.8498,0.0135,0.1367,35-17,False,,,,,,
,Argentina,Fiji,0.6884,0.0208,0.2907,29-20,False,,,,,,
,Argentina,Canada,0.997,0.0005,0.0025,58-11,False,,,,,,
,Argentina,Spain,0.9637,0.0045,0.0318,44-13,False,,,,,,
,Fiji,Canada,0.9706,0.0038,0.0256,45-13,False,,,,,,
,Fiji,Spain,0.737,0.0191,0.2439,28-17,False,,,,,,
,Canada,Spain,0.1532,0.0146,0.8323,14-31,False,,,,,,
,Ireland,Scotland,0.7208,0.0197,0.2595,31-21,False,,,,,,
,Ireland,Uruguay,0.9911,0.0013,0.0075,52-12,False,,,,,,
,Ireland,Portugal,0.9958,0.0007,0.0035,54-10,False,,,,,,
,Scotland,Uruguay,0.9534,0.0055,0.041,40-11,False,,,,,,
,Scotland,Portugal,0.974,0.0034,0.0226,43-10,False,,,,,,
,Uruguay,Portugal,0.4622,0.0238,0.514,21-22,False,,,,,,
,France,Japan,0.9556,0.0053,0.0391,42-13,False,,,,,,
,France,Samoa,0.9823,0.0025,0.0153,50-15,False,,,,,,
,France,United States,0.9917,0.0013,0.0071,54-14,False,,,,,,
,Japan,Samoa,0.5899,0.0231,0.3871,26-21,False,,,,,,
,Japan,United States,0.5956,0.023,0.3814,28-24,False,,,,,,
,Samoa,United States,0.7096,0.0201,0.2703,29-19,False,,,,,,
,England,Wales,0.8299,0.0147,0.1554,32-16,False,,,,,,
,England,Tonga,0.9741,0.0034,0.0225,45-12,False,,,,,,
,England,Zimbabwe,0.9949,0.0008,0.0043,50-7,False,,,,,,
,Wales,Tonga,0.7669,0.0179,0.2152,32-19,False,,,,,,
,Wales,Zimbabwe,0.8888,0.0109,0.1003,35-14,False,,,,,,
,Tonga,Zimbabwe,0.7637,0.018,0.2183,31-19,False,,,,,,
,Australia,New Zealand,0.2871,0.0207,0.6922,19-28,False,,,,,,
,Australia,Chile,0.9258,0.008,0.0661,39-14,False,,,,,,
,Australia,Hong Kong China,0.9701,0.0038,0.026,41-9,False,,,,,,
,New Zealand,Chile,0.9922,0.0012,0.0066,55-14,False,,,,,,
,New Zealand,Hong Kong China,0.9918,0.0012,0.007,50-10,False,,,,,,
,Chile,Hong Kong China,0.6288,0.0224,0.3489,26-20,False,,,,,,
,South Africa,Italy,0.9086,0.0094,0.0819,39-16,False,,,,,,
,South Africa,Georgia,0.9911,0.0013,0.0076,54-14,False,,,,,,
,South Africa,Romania,0.9984,0.0003,0.0013,60-11,False,,,,,,
,Italy,Georgia,0.7904,0.0168,0.1928,31-17,False,,,,,,
,Italy,Romania,0.9672,0.0041,0.0287,43-12,False,,,,,,
,Georgia,Romania,0.8498,0.0135,0.1367,35-17,False,,,,,,
,Argentina,Fiji,0.6884,0.0208,0.2907,29-20,False,,,,,,
,Argentina,Canada,0.997,0.0005,0.0025,58-11,False,,,,,,
,Argentina,Spain,0.9637,0.0045,0.0318,44-13,False,,,,,,
,Fiji,Canada,0.9706,0.0038,0.0256,45-13,False,,,,,,
,Fiji,Spain,0.737,0.0191,0.2439,28-17,False,,,,,,
,Canada,Spain,0.1532,0.0146,0.8323,14-31,False,,,,,,
,Ireland,Scotland,0.7208,0.0197,0.2595,31-21,False,,,,,,
,Ireland,Uruguay,0.9911,0.0013,0.0075,52-12,False,,,,,,
,Ireland,Portugal,0.9958,0.0007,0.0035,54-10,False,,,,,,
,Scotland,Uruguay,0.9534,0.0055,0.041,40-11,False,,,,,,
,Scotland,Portugal,0.974,0.0034,0.0226,43-10,False,,,,,,
,Uruguay,Portugal,0.4622,0.0238,0.514,21-22,False,,,,,,
,France,Japan,0.9556,0.0053,0.0391,42-13,False,,,,,,
,France,Samoa,0.9823,0.0025,0.0153,50-15,False,,,,,,
,France,United States,0.9917,0.0013,0.0071,54-14,False,,,,,,
,Japan,Samoa,0.5899,0.0231,0.3871,26-21,False,,,,,,
,Japan,United States,0.5956,0.023,0.3814,28-24,False,,,,,,
,Samoa,United States,0.7096,0.0201,0.2703,29-19,False,,,,,,
,England,Wales,0.8299,0.0147,0.1554,32-16,False,,,,,,
,England,Tonga,0.9741,0.0034,0.0225,45-12,False,,,,,,
,England,Zimbabwe,0.9949,0.0008,0.0043,50-7,False,,,,,,
,Wales,Tonga,0.7669,0.0179,0.2152,32-19,False,,,,,,
,Wales,Zimbabwe,0.8888,0.0109,0.1003,35-14,False,,,,,,
,Tonga,Zimbabwe,0.7637,0.018,0.2183,31-19,False,,,,,,
,Australia,New Zealand,0.2871,0.0207,0.6922,19-28,False,,,,,,
,Australia,Chile,0.9258,0.008,0.0661,39-14,False,,,,,,
,Australia,Hong Kong China,0.9701,0.0038,0.026,41-9,False,,,,,,
,New Zealand,Chile,0.9922,0.0012,0.0066,55-14,False,,,,,,
,New Zealand,Hong Kong China,0.9918,0.0012,0.007,50-10,False,,,,,,
,Chile,Hong Kong China,0.6288,0.0224,0.3489,26-20,False,,,,,,
,South Africa,Italy,0.9086,0.0094,0.0819,39-16,False,,,,,,
,South Africa,Georgia,0.9911,0.0013,0.0076,54-14,False,,,,,,
,South Africa,Romania,0.9984,0.0003,0.0013,60-11,False,,,,,,
,Italy,Georgia,0.7904,0.0168,0.1928,31-17,False,,,,,,
,Italy,Romania,0.9672,0.0041,0.0287,43-12,False,,,,,,
,Georgia,Romania,0.8498,0.0135,0.1367,35-17,False,,,,,,
,Argentina,Fiji,0.6884,0.0208,0.2907,29-20,False,,,,,,
,Argentina,Canada,0.997,0.0005,0.0025,58-11,False,,,,,,
,Argentina,Spain,0.9637,0.0045,0.0318,44-13,False,,,,,,
,Fiji,Canada,0.9706,0.0038,0.0256,45-13,False,,,,,,
,Fiji,Spain,0.737,0.0191,0.2439,28-17,False,,,,,,
,Canada,Spain,0.1532,0.0146,0.8323,14-31,False,,,,,,
,Ireland,Scotland,0.7208,0.0197,0.2595,31-21,False,,,,,,
,Ireland,Uruguay,0.9911,0.0013,0.0075,52-12,False,,,,,,
,Ireland,Portugal,0.9958,0.0007,0.0035,54-10,False,,,,,,
,Scotland,Uruguay,0.9534,0.0055,0.041,40-11,False,,,,,,
,Scotland,Portugal,0.974,0.0034,0.0226,43-10,False,,,,,,
,Uruguay,Portugal,0.4622,0.0238,0.514,21-22,False,,,,,,
,France,Japan,0.9556,0.0053,0.0391,42-13,False,,,,,,
,France,Samoa,0.9823,0.0025,0.0153,50-15,False,,,,,,
,France,United States,0.9917,0.0013,0.0071,54-14,False,,,,,,
,Japan,Samoa,0.5899,0.0231,0.3871,26-21,False,,,,,,
,Japan,United States,0.5956,0.023,0.3814,28-24,False,,,,,,
,Samoa,United States,0.7096,0.0201,0.2703,29-19,False,,,,,,
,England,Wales,0.8299,0.0147,0.1554,32-16,False,,,,,,
,England,Tonga,0.9741,0.0034,0.0225,45-12,False,,,,,,
,England,Zimbabwe,0.9949,0.0008,0.0043,50-7,False,,,,,,
,Wales,Tonga,0.7669,0.0179,0.2152,32-19,False,,,,,,
,Wales,Zimbabwe,0.8888,0.0109,0.1003,35-14,False,,,,,,
,Tonga,Zimbabwe,0.7637,0.018,0.2183,31-19,False,,,,,,
,Australia,New Zealand,0.2871,0.0207,0.6922,19-28,False,,,,,,
,Australia,Chile,0.9258,0.008,0.0661,39-14,False,,,,,,
,Australia,Hong Kong China,0.9701,0.0038,0.026,41-9,False,,,,,,
,New Zealand,Chile,0.9922,0.0012,0.0066,55-14,False,,,,,,
,New Zealand,Hong Kong China,0.9918,0.0012,0.007,50-10,False,,,,,,
,Chile,Hong Kong China,0.6288,0.0224,0.3489,26-20,False,,,,,,
,South Africa,Italy,0.9086,0.0094,0.0819,39-16,False,,,,,,
,South Africa,Georgia,0.9911,0.0013,0.0076,54-14,False,,,,,,
,South Africa,Romania,0.9984,0.0003,0.0013,60-11,False,,,,,,
,Italy,Georgia,0.7904,0.0168,0.1928,31-17,False,,,,,,
,Italy,Romania,0.9672,0.0041,0.0287,43-12,False,,,,,,
,Georgia,Romania,0.8498,0.0135,0.1367,35-17,False,,,,,,
,Argentina,Fiji,0.6884,0.0208,0.2907,29-20,False,,,,,,
,Argentina,Canada,0.997,0.0005,0.0025,58-11,False,,,,,,
,Argentina,Spain,0.9637,0.0045,0.0318,44-13,False,,,,,,
,Fiji,Canada,0.9706,0.0038,0.0256,45-13,False,,,,,,
,Fiji,Spain,0.737,0.0191,0.2439,28-17,False,,,,,,
,Canada,Spain,0.1532,0.0146,0.8323,14-31,False,,,,,,
,Ireland,Scotland,0.7208,0.0197,0.2595,31-21,False,,,,,,
,Ireland,Uruguay,0.9911,0.0013,0.0075,52-12,False,,,,,,
,Ireland,Portugal,0.9958,0.0007,0.0035,54-10,False,,,,,,
,Scotland,Uruguay,0.9534,0.0055,0.041,40-11,False,,,,,,
,Scotland,Portugal,0.974,0.0034,0.0226,43-10,False,,,,,,
,Uruguay,Portugal,0.4622,0.0238,0.514,21-22,False,,,,,,
,France,Japan,0.9556,0.0053,0.0391,42-13,False,,,,,,
,France,Samoa,0.9823,0.0025,0.0153,50-15,False,,,,,,
,France,United States,0.9917,0.0013,0.0071,54-14,False,,,,,,
,Japan,Samoa,0.5899,0.0231,0.3871,26-21,False,,,,,,
,Japan,United States,0.5956,0.023,0.3814,28-24,False,,,,,,
,Samoa,United States,0.7096,0.0201,0.2703,29-19,False,,,,,,
,England,Wales,0.8299,0.0147,0.1554,32-16,False,,,,,,
,England,Tonga,0.9741,0.0034,0.0225,45-12,False,,,,,,
,England,Zimbabwe,0.9949,0.0008,0.0043,50-7,False,,,,,,
,Wales,Tonga,0.7669,0.0179,0.2152,32-19,False,,,,,,
,Wales,Zimbabwe,0.8888,0.0109,0.1003,35-14,False,,,,,,
,Tonga,Zimbabwe,0.7637,0.018,0.2183,31-19,False,,,,,,
,Australia,New Zealand,0.2871,0.0207,0.6922,19-28,False,,,,,,
,Australia,Chile,0.9258,0.008,0.0661,39-14,False,,,,,,
,Australia,Hong Kong China,0.9701,0.0038,0.026,41-9,False,,,,,,
,New Zealand,Chile,0.9922,0.0012,0.0066,55-14,False,,,,,,
,New Zealand,Hong Kong China,0.9918,0.0012,0.007,50-10,False,,,,,,
,Chile,Hong Kong China,0.6288,0.0224,0.3489,26-20,False,,,,,,
,South Africa,Italy,0.9086,0.0094,0.0819,39-16,False,,,,,,
,South Africa,Georgia,0.9911,0.0013,0.0076,54-14,False,,,,,,
,South Africa,Romania,0.9984,0.0003,0.0013,60-11,False,,,,,,
,Italy,Georgia,0.7904,0.0168,0.1928,31-17,False,,,,,,
,Italy,Romania,0.9672,0.0041,0.0287,43-12,False,,,,,,
,Georgia,Romania,0.8498,0.0135,0.1367,35-17,False,,,,,,
,Argentina,Fiji,0.6884,0.0208,0.2907,29-20,False,,,,,,
,Argentina,Canada,0.997,0.0005,0.0025,58-11,False,,,,,,
,Argentina,Spain,0.9637,0.0045,0.0318,44-13,False,,,,,,
,Fiji,Canada,0.9706,0.0038,0.0256,45-13,False,,,,,,
,Fiji,Spain,0.737,0.0191,0.2439,28-17,False,,,,,,
,Canada,Spain,0.1532,0.0146,0.8323,14-31,False,,,,,,
,Ireland,Scotland,0.7208,0.0197,0.2595,31-21,False,,,,,,
,Ireland,Uruguay,0.9911,0.0013,0.0075,52-12,False,,,,,,
,Ireland,Portugal,0.9958,0.0007,0.0035,54-10,False,,,,,,
,Scotland,Uruguay,0.9534,0.0055,0.041,40-11,False,,,,,,
,Scotland,Portugal,0.974,0.0034,0.0226,43-10,False,,,,,,
,Uruguay,Portugal,0.4622,0.0238,0.514,21-22,False,,,,,,
,France,Japan,0.9556,0.0053,0.0391,42-13,False,,,,,,
,France,Samoa,0.9823,0.0025,0.0153,50-15,False,,,,,,
,France,United States,0.9917,0.0013,0.0071,54-14,False,,,,,,
,Japan,Samoa,0.5899,0.0231,0.3871,26-21,False,,,,,,
,Japan,United States,0.5956,0.023,0.3814,28-24,False,,,,,,
,Samoa,United States,0.7096,0.0201,0.2703,29-19,False,,,,,,
,England,Wales,0.8299,0.0147,0.1554,32-16,False,,,,,,
,England,Tonga,0.9741,0.0034,0.0225,45-12,False,,,,,,
,England,Zimbabwe,0.9949,0.0008,0.0043,50-7,False,,,,,,
,Wales,Tonga,0.7669,0.0179,0.2152,32-19,False,,,,,,
,Wales,Zimbabwe,0.8888,0.0109,0.1003,35-14,False,,,,,,
,Tonga,Zimbabwe,0.7637,0.018,0.2183,31-19,False,,,,,,
,Australia,New Zealand,0.2871,0.0207,0.6922,19-28,False,,,,,,
,Australia,Chile,0.9258,0.008,0.0661,39-14,False,,,,,,
,Australia,Hong Kong China,0.9701,0.0038,0.026,41-9,False,,,,,,
,New Zealand,Chile,0.9922,0.0012,0.0066,55-14,False,,,,,,
,New Zealand,Hong Kong China,0.9918,0.0012,0.007,50-10,False,,,,,,
,Chile,Hong Kong China,0.6288,0.0224,0.3489,26-20,False,,,,,,
,South Africa,Italy,0.9086,0.0094,0.0819,39-16,False,,,,,,
,South Africa,Georgia,0.9911,0.0013,0.0076,54-14,False,,,,,,
,South Africa,Romania,0.9984,0.0003,0.0013,60-11,False,,,,,,
,Italy,Georgia,0.7904,0.0168,0.1928,31-17,False,,,,,,
,Italy,Romania,0.9672,0.0041,0.0287,43-12,False,,,,,,
,Georgia,Romania,0.8498,0.0135,0.1367,35-17,False,,,,,,
,Argentina,Fiji,0.6884,0.0208,0.2907,29-20,False,,,,,,
,Argentina,Canada,0.997,0.0005,0.0025,58-11,False,,,,,,
,Argentina,Spain,0.9637,0.0045,0.0318,44-13,False,,,,,,
,Fiji,Canada,0.9706,0.0038,0.0256,45-13,False,,,,,,
,Fiji,Spain,0.737,0.0191,0.2439,28-17,False,,,,,,
,Canada,Spain,0.1532,0.0146,0.8323,14-31,False,,,,,,
,Ireland,Scotland,0.7208,0.0197,0.2595,31-21,False,,,,,,
,Ireland,Uruguay,0.9911,0.0013,0.0075,52-12,False,,,,,,
,Ireland,Portugal,0.9958,0.0007,0.0035,54-10,False,,,,,,
,Scotland,Uruguay,0.9534,0.0055,0.041,40-11,False,,,,,,
,Scotland,Portugal,0.974,0.0034,0.0226,43-10,False,,,,,,
,Uruguay,Portugal,0.4622,0.0238,0.514,21-22,False,,,,,,
,France,Japan,0.9556,0.0053,0.0391,42-13,False,,,,,,
,France,Samoa,0.9823,0.0025,0.0153,50-15,False,,,,,,
,France,United States,0.9917,0.0013,0.0071,54-14,False,,,,,,
,Japan,Samoa,0.5899,0.0231,0.3871,26-21,False,,,,,,
,Japan,United States,0.5956,0.023,0.3814,28-24,False,,,,,,
,Samoa,United States,0.7096,0.0201,0.2703,29-19,False,,,,,,
,England,Wales,0.8299,0.0147,0.1554,32-16,False,,,,,,
,England,Tonga,0.9741,0.0034,0.0225,45-12,False,,,,,,
,England,Zimbabwe,0.9949,0.0008,0.0043,50-7,False,,,,,,
,Wales,Tonga,0.7669,0.0179,0.2152,32-19,False,,,,,,
,Wales,Zimbabwe,0.8888,0.0109,0.1003,35-14,False,,,,,,
,Tonga,Zimbabwe,0.7637,0.018,0.2183,31-19,False,,,,,,
,Australia,New Zealand,0.2913,0.021,0.6877,19-28,False,,,,,,
,Australia,Chile,0.9086,0.0095,0.0818,39-16,False,,,,,,
,Australia,Hong Kong China,0.9535,0.0056,0.0409,39-10,False,,,,,,
,New Zealand,Chile,0.988,0.0018,0.0102,52-14,False,,,,,,
,New Zealand,Hong Kong China,0.9918,0.0013,0.007,52-12,False,,,,,,
,Chile,Hong Kong China,0.5311,0.0239,0.445,25-23,False,,,,,,
,South Africa,Italy,0.9771,0.0031,0.0198,45-11,False,,,,,,
,South Africa,Georgia,0.9883,0.0017,0.01,51-13,False,,,,,,
,South Africa,Romania,0.9988,0.0002,0.001,59-9,False,,,,,,
,Italy,Georgia,0.7802,0.0174,0.2024,29-16,False,,,,,,
,Italy,Romania,0.9747,0.0034,0.022,47-14,False,,,,,,
,Georgia,Romania,0.8952,0.0105,0.0943,36-15,False,,,,,,
,Argentina,Fiji,0.7932,0.0168,0.19,34-20,False,,,,,,
,Argentina,Canada,0.9988,0.0002,0.001,59-8,False,,,,,,
,Argentina,Spain,0.9809,0.0026,0.0165,46-11,False,,,,,,
,Fiji,Canada,0.9897,0.0015,0.0088,49-10,False,,,,,,
,Fiji,Spain,0.7787,0.0175,0.2038,29-16,False,,,,,,
,Canada,Spain,0.2294,0.0187,0.7519,17-29,False,,,,,,
,Ireland,Scotland,0.7395,0.0192,0.2413,31-20,False,,,,,,
,Ireland,Uruguay,0.99,0.0015,0.0085,51-12,False,,,,,,
,Ireland,Portugal,0.9917,0.0013,0.0071,52-12,False,,,,,,
,Scotland,Uruguay,0.9727,0.0036,0.0237,44-11,False,,,,,,
,Scotland,Portugal,0.9718,0.0037,0.0246,43-11,False,,,,,,
,Uruguay,Portugal,0.4112,0.0236,0.5652,20-23,False,,,,,,
,France,Japan,0.9679,0.0041,0.028,44-13,False,,,,,,
,France,Samoa,0.9923,0.0012,0.0065,51-10,False,,,,,,
,France,United States,0.9961,0.0006,0.0033,54-9,False,,,,,,
,Japan,Samoa,0.6195,0.0227,0.3577,25-19,False,,,,,,
,Japan,United States,0.6825,0.0212,0.2964,29-20,False,,,,,,
,Samoa,United States,0.7361,0.0193,0.2445,29-18,False,,,,,,
,England,Wales,0.8485,0.0137,0.1377,35-17,False,,,,,,
,England,Tonga,0.994,0.0009,0.005,50-7,False,,,,,,
,England,Zimbabwe,0.9952,0.0008,0.004,49-5,False,,,,,,
,Wales,Tonga,0.897,0.0104,0.0926,36-15,False,,,,,,
,Wales,Zimbabwe,0.9273,0.008,0.0648,38-13,False,,,,,,
,Tonga,Zimbabwe,0.752,0.0187,0.2294,30-18,False,,,,,,
,Australia,New Zealand,0.2744,0.0203,0.7053,20-30,False,,,,,,
,Australia,Chile,0.9506,0.0058,0.0436,42-14,False,,,,,,
,Australia,Hong Kong China,0.9843,0.0022,0.0135,44-7,False,,,,,,
,New Zealand,Chile,0.992,0.0012,0.0068,54-13,False,,,,,,
,New Zealand,Hong Kong China,0.9975,0.0004,0.0021,58-11,False,,,,,,
,Chile,Hong Kong China,0.6312,0.0223,0.3465,28-22,False,,,,,,
,South Africa,Italy,0.933,0.0074,0.0596,40-14,False,,,,,,
,South Africa,Georgia,0.992,0.0012,0.0068,53-13,False,,,,,,
,South Africa,Romania,0.998,0.0003,0.0017,60-12,False,,,,,,
,Italy,Georgia,0.7749,0.0175,0.2075,30-16,False,,,,,,
,Italy,Romania,0.9717,0.0037,0.0246,48-15,False,,,,,,
,Georgia,Romania,0.8419,0.014,0.1441,38-21,False,,,,,,
,Argentina,Fiji,0.7013,0.0204,0.2783,33-23,False,,,,,,
,Argentina,Canada,0.997,0.0005,0.0025,59-12,False,,,,,,
,Argentina,Spain,0.9749,0.0033,0.0218,44-10,False,,,,,,
,Fiji,Canada,0.9818,0.0025,0.0157,48-13,False,,,,,,
,Fiji,Spain,0.7877,0.0169,0.1954,30-17,False,,,,,,
,Canada,Spain,0.1716,0.0157,0.8127,18-33,False,,,,,,
,Ireland,Scotland,0.7028,0.0204,0.2768,30-21,False,,,,,,
,Ireland,Uruguay,0.9928,0.0011,0.0061,53-12,False,,,,,,
,Ireland,Portugal,0.9959,0.0007,0.0034,55-11,False,,,,,,
,Scotland,Uruguay,0.9668,0.0042,0.029,43-12,False,,,,,,
,Scotland,Portugal,0.9855,0.0021,0.0124,46-9,False,,,,,,
,Uruguay,Portugal,0.5002,0.0238,0.4759,24-23,False,,,,,,
,France,Japan,0.9352,0.0072,0.0576,40-14,False,,,,,,
,France,Samoa,0.985,0.0021,0.0129,49-13,False,,,,,,
,France,United States,0.9941,0.0009,0.005,55-12,False,,,,,,
,Japan,Samoa,0.6369,0.0222,0.3409,26-20,False,,,,,,
,Japan,United States,0.6773,0.0212,0.3016,31-23,False,,,,,,
,Samoa,United States,0.6959,0.0206,0.2835,32-23,False,,,,,,
,England,Wales,0.8745,0.0119,0.1135,36-17,False,,,,,,
,England,Tonga,0.9865,0.0019,0.0116,47-10,False,,,,,,
,England,Zimbabwe,0.996,0.0006,0.0033,49-4,False,,,,,,
,Wales,Tonga,0.6822,0.021,0.2968,31-23,False,,,,,,
,Wales,Zimbabwe,0.88,0.0115,0.1085,35-15,False,,,,,,
,Tonga,Zimbabwe,0.7332,0.0193,0.2475,32-21,False,,,,,,
,Australia,New Zealand,0.2587,0.02,0.7212,19-29,False,,,,,,
,Australia,Chile,0.9003,0.0102,0.0895,38-16,False,,,,,,
,Australia,Hong Kong China,0.9508,0.0059,0.0433,38-10,False,,,,,,
,New Zealand,Chile,0.9896,0.0016,0.0088,53-14,False,,,,,,
,New Zealand,Hong Kong China,0.9901,0.0015,0.0084,50-12,False,,,,,,
,Chile,Hong Kong China,0.583,0.0236,0.3934,26-22,False,,,,,,
,South Africa,Italy,0.9845,0.0022,0.0133,44-8,False,,,,,,
,South Africa,Georgia,0.9952,0.0008,0.004,54-11,False,,,,,,
,South Africa,Romania,0.9984,0.0003,0.0013,59-10,False,,,,,,
,Italy,Georgia,0.7342,0.0195,0.2463,27-16,False,,,,,,
,Italy,Romania,0.9651,0.0044,0.0305,45-14,False,,,,,,
,Georgia,Romania,0.838,0.0145,0.1475,35-18,False,,,,,,
,Argentina,Fiji,0.7557,0.0187,0.2256,30-18,False,,,,,,
,Argentina,Canada,0.9967,0.0006,0.0027,56-11,False,,,,,,
,Argentina,Spain,0.9683,0.0041,0.0276,43-12,False,,,,,,
,Fiji,Canada,0.9687,0.004,0.0273,44-13,False,,,,,,
,Fiji,Spain,0.7312,0.0197,0.2491,29-18,False,,,,,,
,Canada,Spain,0.2495,0.0197,0.7308,18-29,False,,,,,,
,Ireland,Scotland,0.7431,0.0192,0.2377,29-18,False,,,,,,
,Ireland,Uruguay,0.9879,0.0018,0.0103,50-12,False,,,,,,
,Ireland,Portugal,0.9917,0.0013,0.007,51-11,False,,,,,,
,Scotland,Uruguay,0.9416,0.0068,0.0517,38-12,False,,,,,,
,Scotland,Portugal,0.9614,0.0048,0.0338,41-11,False,,,,,,
,Uruguay,Portugal,0.4771,0.0242,0.4986,22-22,False,,,,,,
,France,Japan,0.9467,0.0063,0.047,41-14,False,,,,,,
,France,Samoa,0.985,0.0022,0.0129,47-11,False,,,,,,
,France,United States,0.9876,0.0018,0.0106,50-12,False,,,,,,
,Japan,Samoa,0.5888,0.0235,0.3877,24-20,False,,,,,,
,Japan,United States,0.6618,0.0219,0.3163,28-20,False,,,,,,
,Samoa,United States,0.6744,0.0216,0.304,29-21,False,,,,,,
,England,Wales,0.8152,0.0158,0.1691,33-18,False,,,,,,
,England,Tonga,0.9667,0.0043,0.0291,42-12,False,,,,,,
,England,Zimbabwe,0.9909,0.0014,0.0077,45-5,False,,,,,,
,Wales,Tonga,0.7993,0.0166,0.1841,32-18,False,,,,,,
,Wales,Zimbabwe,0.8888,0.0111,0.1001,35-14,False,,,,,,
,Tonga,Zimbabwe,0.6551,0.0221,0.3228,28-21,False,,,,,,
,Australia,New Zealand,0.3576,0.023,0.6193,23-29,False,,,,,,
,Australia,Chile,0.9528,0.0057,0.0415,43-15,False,,,,,,
,Australia,Hong Kong China,0.9844,0.0022,0.0133,43-7,False,,,,,,
,New Zealand,Chile,0.9929,0.0011,0.006,55-14,False,,,,,,
,New Zealand,Hong Kong China,0.9961,0.0007,0.0033,55-11,False,,,,,,
,Chile,Hong Kong China,0.5884,0.0236,0.388,26-22,False,,,,,,
,South Africa,Italy,0.97,0.0039,0.0261,43-11,False,,,,,,
,South Africa,Georgia,0.996,0.0007,0.0033,55-11,False,,,,,,
,South Africa,Romania,0.999,0.0002,0.0008,60-9,False,,,,,,
,Italy,Georgia,0.7949,0.0169,0.1882,29-15,False,,,,,,
,Italy,Romania,0.9714,0.0038,0.0248,45-14,False,,,,,,
,Georgia,Romania,0.8666,0.0127,0.1207,35-16,False,,,,,,
,Argentina,Fiji,0.8027,0.0165,0.1808,33-19,False,,,,,,
,Argentina,Canada,0.9976,0.0004,0.002,58-11,False,,,,,,
,Argentina,Spain,0.9648,0.0045,0.0307,44-14,False,,,,,,
,Fiji,Canada,0.9804,0.0027,0.0168,47-13,False,,,,,,
,Fiji,Spain,0.741,0.0194,0.2396,29-18,False,,,,,,
,Canada,Spain,0.2017,0.0176,0.7807,18-31,False,,,,,,
,Ireland,Scotland,0.668,0.0219,0.3101,29-22,False,,,,,,
,Ireland,Uruguay,0.9908,0.0014,0.0078,52-13,False,,,,,,
,Ireland,Portugal,0.9912,0.0014,0.0075,51-12,False,,,,,,
,Scotland,Uruguay,0.9731,0.0036,0.0233,44-12,False,,,,,,
,Scotland,Portugal,0.976,0.0033,0.0208,43-11,False,,,,,,
,Uruguay,Portugal,0.493,0.0244,0.4826,22-22,False,,,,,,
,France,Japan,0.9439,0.0066,0.0496,42-15,False,,,,,,
,France,Samoa,0.9903,0.0015,0.0082,51-12,False,,,,,,
,France,United States,0.9946,0.0009,0.0045,55-13,False,,,,,,
,Japan,Samoa,0.6418,0.0225,0.3356,26-19,False,,,,,,
,Japan,United States,0.6677,0.0219,0.3104,29-21,False,,,,,,
,Samoa,United States,0.7213,0.0201,0.2586,30-19,False,,,,,,
,England,Wales,0.7583,0.0186,0.2231,32-20,False,,,,,,
,England,Tonga,0.9771,0.0031,0.0198,46-12,False,,,,,,
,England,Zimbabwe,0.9941,0.0009,0.0049,46-5,False,,,,,,
,Wales,Tonga,0.8883,0.0112,0.1005,36-16,False,,,,,,
,Wales,Zimbabwe,0.9359,0.0073,0.0568,37-12,False,,,,,,
,Tonga,Zimbabwe,0.65,0.0223,0.3277,27-21,False,,,,,,
,Australia,New Zealand,0.3576,0.023,0.6193,23-29,False,,,,,,
,Australia,Chile,0.9528,0.0057,0.0415,43-15,False,,,,,,
,Australia,Hong Kong China,0.9844,0.0022,0.0133,43-7,False,,,,,,
,New Zealand,Chile,0.9929,0.0011,0.006,55-14,False,,,,,,
,New Zealand,Hong Kong China,0.9961,0.0007,0.0033,55-11,False,,,,,,
,Chile,Hong Kong China,0.5884,0.0236,0.388,26-22,False,,,,,,
,South Africa,Italy,0.97,0.0039,0.0261,43-11,False,,,,,,
,South Africa,Georgia,0.996,0.0007,0.0033,55-11,False,,,,,,
,South Africa,Romania,0.999,0.0002,0.0008,60-9,False,,,,,,
,Italy,Georgia,0.7949,0.0169,0.1882,29-15,False,,,,,,
,Italy,Romania,0.9714,0.0038,0.0248,45-14,False,,,,,,
,Georgia,Romania,0.8666,0.0127,0.1207,35-16,False,,,,,,
,Argentina,Fiji,0.8027,0.0165,0.1808,33-19,False,,,,,,
,Argentina,Canada,0.9976,0.0004,0.002,58-11,False,,,,,,
,Argentina,Spain,0.9648,0.0045,0.0307,44-14,False,,,,,,
,Fiji,Canada,0.9804,0.0027,0.0168,47-13,False,,,,,,
,Fiji,Spain,0.741,0.0194,0.2396,29-18,False,,,,,,
,Canada,Spain,0.2017,0.0176,0.7807,18-31,False,,,,,,
,Ireland,Scotland,0.668,0.0219,0.3101,29-22,False,,,,,,
,Ireland,Uruguay,0.9908,0.0014,0.0078,52-13,False,,,,,,
,Ireland,Portugal,0.9912,0.0014,0.0075,51-12,False,,,,,,
,Scotland,Uruguay,0.9731,0.0036,0.0233,44-12,False,,,,,,
,Scotland,Portugal,0.976,0.0033,0.0208,43-11,False,,,,,,
,Uruguay,Portugal,0.493,0.0244,0.4826,22-22,False,,,,,,
,France,Japan,0.9439,0.0066,0.0496,42-15,False,,,,,,
,France,Samoa,0.9903,0.0015,0.0082,51-12,False,,,,,,
,France,United States,0.9946,0.0009,0.0045,55-13,False,,,,,,
,Japan,Samoa,0.6418,0.0225,0.3356,26-19,False,,,,,,
,Japan,United States,0.6677,0.0219,0.3104,29-21,False,,,,,,
,Samoa,United States,0.7213,0.0201,0.2586,30-19,False,,,,,,
,England,Wales,0.7583,0.0186,0.2231,32-20,False,,,,,,
,England,Tonga,0.9771,0.0031,0.0198,46-12,False,,,,,,
,England,Zimbabwe,0.9941,0.0009,0.0049,46-5,False,,,,,,
,Wales,Tonga,0.8883,0.0112,0.1005,36-16,False,,,,,,
,Wales,Zimbabwe,0.9359,0.0073,0.0568,37-12,False,,,,,,
,Tonga,Zimbabwe,0.65,0.0223,0.3277,27-21,False,,,,,,
,Australia,New Zealand,0.3576,0.023,0.6193,23-29,False,,,,,,
,Australia,Chile,0.9528,0.0057,0.0415,43-15,False,,,,,,
,Australia,Hong Kong China,0.9844,0.0022,0.0133,43-7,False,,,,,,
,New Zealand,Chile,0.9929,0.0011,0.006,55-14,False,,,,,,
,New Zealand,Hong Kong China,0.9961,0.0007,0.0033,55-11,False,,,,,,
,Chile,Hong Kong China,0.5884,0.0236,0.388,26-22,False,,,,,,
,South Africa,Italy,0.97,0.0039,0.0261,43-11,False,,,,,,
,South Africa,Georgia,0.996,0.0007,0.0033,55-11,False,,,,,,
,South Africa,Romania,0.999,0.0002,0.0008,60-9,False,,,,,,
,Italy,Georgia,0.7949,0.0169,0.1882,29-15,False,,,,,,
,Italy,Romania,0.9714,0.0038,0.0248,45-14,False,,,,,,
,Georgia,Romania,0.8666,0.0127,0.1207,35-16,False,,,,,,
,Argentina,Fiji,0.8027,0.0165,0.1808,33-19,False,,,,,,
,Argentina,Canada,0.9976,0.0004,0.002,58-11,False,,,,,,
,Argentina,Spain,0.9648,0.0045,0.0307,44-14,False,,,,,,
,Fiji,Canada,0.9804,0.0027,0.0168,47-13,False,,,,,,
,Fiji,Spain,0.741,0.0194,0.2396,29-18,False,,,,,,
,Canada,Spain,0.2017,0.0176,0.7807,18-31,False,,,,,,
,Ireland,Scotland,0.668,0.0219,0.3101,29-22,False,,,,,,
,Ireland,Uruguay,0.9908,0.0014,0.0078,52-13,False,,,,,,
,Ireland,Portugal,0.9912,0.0014,0.0075,51-12,False,,,,,,
,Scotland,Uruguay,0.9731,0.0036,0.0233,44-12,False,,,,,,
,Scotland,Portugal,0.976,0.0033,0.0208,43-11,False,,,,,,
,Uruguay,Portugal,0.493,0.0244,0.4826,22-22,False,,,,,,
,France,Japan,0.9439,0.0066,0.0496,42-15,False,,,,,,
,France,Samoa,0.9903,0.0015,0.0082,51-12,False,,,,,,
,France,United States,0.9946,0.0009,0.0045,55-13,False,,,,,,
,Japan,Samoa,0.6418,0.0225,0.3356,26-19,False,,,,,,
,Japan,United States,0.6677,0.0219,0.3104,29-21,False,,,,,,
,Samoa,United States,0.7213,0.0201,0.2586,30-19,False,,,,,,
,England,Wales,0.7583,0.0186,0.2231,32-20,False,,,,,,
,England,Tonga,0.9771,0.0031,0.0198,46-12,False,,,,,,
,England,Zimbabwe,0.9941,0.0009,0.0049,46-5,False,,,,,,
,Wales,Tonga,0.8883,0.0112,0.1005,36-16,False,,,,,,
,Wales,Zimbabwe,0.9359,0.0073,0.0568,37-12,False,,,,,,
,Tonga,Zimbabwe,0.65,0.0223,0.3277,27-21,False,,,,,,
,Australia,New Zealand,0.3576,0.023,0.6193,23-29,False,,,,,,
,Australia,Chile,0.9528,0.0057,0.0415,43-15,False,,,,,,
,Australia,Hong Kong China,0.9844,0.0022,0.0133,43-7,False,,,,,,
,New Zealand,Chile,0.9929,0.0011,0.006,55-14,False,,,,,,
,New Zealand,Hong Kong China,0.9961,0.0007,0.0033,55-11,False,,,,,,
,Chile,Hong Kong China,0.5884,0.0236,0.388,26-22,False,,,,,,
,South Africa,Italy,0.97,0.0039,0.0261,43-11,False,,,,,,
,South Africa,Georgia,0.996,0.0007,0.0033,55-11,False,,,,,,
,South Africa,Romania,0.999,0.0002,0.0008,60-9,False,,,,,,
,Italy,Georgia,0.7949,0.0169,0.1882,29-15,False,,,,,,
,Italy,Romania,0.9714,0.0038,0.0248,45-14,False,,,,,,
,Georgia,Romania,0.8666,0.0127,0.1207,35-16,False,,,,,,
,Argentina,Fiji,0.8027,0.0165,0.1808,33-19,False,,,,,,
,Argentina,Canada,0.9976,0.0004,0.002,58-11,False,,,,,,
,Argentina,Spain,0.9648,0.0045,0.0307,44-14,False,,,,,,
,Fiji,Canada,0.9804,0.0027,0.0168,47-13,False,,,,,,
,Fiji,Spain,0.741,0.0194,0.2396,29-18,False,,,,,,
,Canada,Spain,0.2017,0.0176,0.7807,18-31,False,,,,,,
,Ireland,Scotland,0.668,0.0219,0.3101,29-22,False,,,,,,
,Ireland,Uruguay,0.9908,0.0014,0.0078,52-13,False,,,,,,
,Ireland,Portugal,0.9912,0.0014,0.0075,51-12,False,,,,,,
,Scotland,Uruguay,0.9731,0.0036,0.0233,44-12,False,,,,,,
,Scotland,Portugal,0.976,0.0033,0.0208,43-11,False,,,,,,
,Uruguay,Portugal,0.493,0.0244,0.4826,22-22,False,,,,,,
,France,Japan,0.9439,0.0066,0.0496,42-15,False,,,,,,
,France,Samoa,0.9903,0.0015,0.0082,51-12,False,,,,,,
,France,United States,0.9946,0.0009,0.0045,55-13,False,,,,,,
,Japan,Samoa,0.6418,0.0225,0.3356,26-19,False,,,,,,
,Japan,United States,0.6677,0.0219,0.3104,29-21,False,,,,,,
,Samoa,United States,0.7213,0.0201,0.2586,30-19,False,,,,,,
,England,Wales,0.7583,0.0186,0.2231,32-20,False,,,,,,
,England,Tonga,0.9771,0.0031,0.0198,46-12,False,,,,,,
,England,Zimbabwe,0.9941,0.0009,0.0049,46-5,False,,,,,,
,Wales,Tonga,0.8883,0.0112,0.1005,36-16,False,,,,,,
,Wales,Zimbabwe,0.9359,0.0073,0.0568,37-12,False,,,,,,
,Tonga,Zimbabwe,0.65,0.0223,0.3277,27-21,False,,,,,,
,Australia,New Zealand,0.3576,0.023,0.6193,23-29,False,,,,,,
,Australia,Chile,0.9528,0.0057,0.0415,43-15,False,,,,,,
,Australia,Hong Kong China,0.9844,0.0022,0.0133,43-7,False,,,,,,
,New Zealand,Chile,0.9929,0.0011,0.006,55-14,False,,,,,,
,New Zealand,Hong Kong China,0.9961,0.0007,0.0033,55-11,False,,,,,,
,Chile,Hong Kong China,0.5884,0.0236,0.388,26-22,False,,,,,,
,South Africa,Italy,0.97,0.0039,0.0261,43-11,False,,,,,,
,South Africa,Georgia,0.996,0.0007,0.0033,55-11,False,,,,,,
,South Africa,Romania,0.999,0.0002,0.0008,60-9,False,,,,,,
,Italy,Georgia,0.7949,0.0169,0.1882,29-15,False,,,,,,
,Italy,Romania,0.9714,0.0038,0.0248,45-14,False,,,,,,
,Georgia,Romania,0.8666,0.0127,0.1207,35-16,False,,,,,,
,Argentina,Fiji,0.8027,0.0165,0.1808,33-19,False,,,,,,
,Argentina,Canada,0.9976,0.0004,0.002,58-11,False,,,,,,
,Argentina,Spain,0.9648,0.0045,0.0307,44-14,False,,,,,,
,Fiji,Canada,0.9804,0.0027,0.0168,47-13,False,,,,,,
,Fiji,Spain,0.741,0.0194,0.2396,29-18,False,,,,,,
,Canada,Spain,0.2017,0.0176,0.7807,18-31,False,,,,,,
,Ireland,Scotland,0.668,0.0219,0.3101,29-22,False,,,,,,
,Ireland,Uruguay,0.9908,0.0014,0.0078,52-13,False,,,,,,
,Ireland,Portugal,0.9912,0.0014,0.0075,51-12,False,,,,,,
,Scotland,Uruguay,0.9731,0.0036,0.0233,44-12,False,,,,,,
,Scotland,Portugal,0.976,0.0033,0.0208,43-11,False,,,,,,
,Uruguay,Portugal,0.493,0.0244,0.4826,22-22,False,,,,,,
,France,Japan,0.9439,0.0066,0.0496,42-15,False,,,,,,
,France,Samoa,0.9903,0.0015,0.0082,51-12,False,,,,,,
,France,United States,0.9946,0.0009,0.0045,55-13,False,,,,,,
,Japan,Samoa,0.6418,0.0225,0.3356,26-19,False,,,,,,
,Japan,United States,0.6677,0.0219,0.3104,29-21,False,,,,,,
,Samoa,United States,0.7213,0.0201,0.2586,30-19,False,,,,,,
,England,Wales,0.7583,0.0186,0.2231,32-20,False,,,,,,
,England,Tonga,0.9771,0.0031,0.0198,46-12,False,,,,,,
,England,Zimbabwe,0.9941,0.0009,0.0049,46-5,False,,,,,,
,Wales,Tonga,0.8883,0.0112,0.1005,36-16,False,,,,,,
,Wales,Zimbabwe,0.9359,0.0073,0.0568,37-12,False,,,,,,
,Tonga,Zimbabwe,0.65,0.0223,0.3277,27-21,False,,,,,,
,Australia,New Zealand,0.3576,0.023,0.6193,23-29,False,,,,,,
,Australia,Chile,0.9528,0.0057,0.0415,43-15,False,,,,,,
,Australia,Hong Kong China,0.9844,0.0022,0.0133,43-7,False,,,,,,
,New Zealand,Chile,0.9929,0.0011,0.006,55-14,False,,,,,,
,New Zealand,Hong Kong China,0.9961,0.0007,0.0033,55-11,False,,,,,,
,Chile,Hong Kong China,0.5884,0.0236,0.388,26-22,False,,,,,,
,South Africa,Italy,0.97,0.0039,0.0261,43-11,False,,,,,,
,South Africa,Georgia,0.996,0.0007,0.0033,55-11,False,,,,,,
,South Africa,Romania,0.999,0.0002,0.0008,60-9,False,,,,,,
,Italy,Georgia,0.7949,0.0169,0.1882,29-15,False,,,,,,
,Italy,Romania,0.9714,0.0038,0.0248,45-14,False,,,,,,
,Georgia,Romania,0.8666,0.0127,0.1207,35-16,False,,,,,,
,Argentina,Fiji,0.8027,0.0165,0.1808,33-19,False,,,,,,
,Argentina,Canada,0.9976,0.0004,0.002,58-11,False,,,,,,
,Argentina,Spain,0.9648,0.0045,0.0307,44-14,False,,,,,,
,Fiji,Canada,0.9804,0.0027,0.0168,47-13,False,,,,,,
,Fiji,Spain,0.741,0.0194,0.2396,29-18,False,,,,,,
,Canada,Spain,0.2017,0.0176,0.7807,18-31,False,,,,,,
,Ireland,Scotland,0.668,0.0219,0.3101,29-22,False,,,,,,
,Ireland,Uruguay,0.9908,0.0014,0.0078,52-13,False,,,,,,
,Ireland,Portugal,0.9912,0.0014,0.0075,51-12,False,,,,,,
,Scotland,Uruguay,0.9731,0.0036,0.0233,44-12,False,,,,,,
,Scotland,Portugal,0.976,0.0033,0.0208,43-11,False,,,,,,
,Uruguay,Portugal,0.493,0.0244,0.4826,22-22,False,,,,,,
,France,Japan,0.9439,0.0066,0.0496,42-15,False,,,,,,
,France,Samoa,0.9903,0.0015,0.0082,51-12,False,,,,,,
,France,United States,0.9946,0.0009,0.0045,55-13,False,,,,,,
,Japan,Samoa,0.6418,0.0225,0.3356,26-19,False,,,,,,
,Japan,United States,0.6677,0.0219,0.3104,29-21,False,,,,,,
,Samoa,United States,0.7213,0.0201,0.2586,30-19,False,,,,,,
,England,Wales,0.7583,0.0186,0.2231,32-20,False,,,,,,
,England,Tonga,0.9771,0.0031,0.0198,46-12,False,,,,,,
,England,Zimbabwe,0.9941,0.0009,0.0049,46-5,False,,,,,,
,Wales,Tonga,0.8883,0.0112,0.1005,36-16,False,,,,,,
,Wales,Zimbabwe,0.9359,0.0073,0.0568,37-12,False,,,,,,
,Tonga,Zimbabwe,0.65,0.0223,0.3277,27-21,False,,,,,,
,Australia,New Zealand,0.3576,0.023,0.6193,23-29,False,,,,,,
,Australia,Chile,0.9528,0.0057,0.0415,43-15,False,,,,,,
,Australia,Hong Kong China,0.9844,0.0022,0.0133,43-7,False,,,,,,
,New Zealand,Chile,0.9929,0.0011,0.006,55-14,False,,,,,,
,New Zealand,Hong Kong China,0.9961,0.0007,0.0033,55-11,False,,,,,,
,Chile,Hong Kong China,0.5884,0.0236,0.388,26-22,False,,,,,,
,South Africa,Italy,0.97,0.0039,0.0261,43-11,False,,,,,,
,South Africa,Georgia,0.996,0.0007,0.0033,55-11,False,,,,,,
,South Africa,Romania,0.999,0.0002,0.0008,60-9,False,,,,,,
,Italy,Georgia,0.7949,0.0169,0.1882,29-15,False,,,,,,
,Italy,Romania,0.9714,0.0038,0.0248,45-14,False,,,,,,
,Georgia,Romania,0.8666,0.0127,0.1207,35-16,False,,,,,,
,Argentina,Fiji,0.8027,0.0165,0.1808,33-19,False,,,,,,
,Argentina,Canada,0.9976,0.0004,0.002,58-11,False,,,,,,
,Argentina,Spain,0.9648,0.0045,0.0307,44-14,False,,,,,,
,Fiji,Canada,0.9804,0.0027,0.0168,47-13,False,,,,,,
,Fiji,Spain,0.741,0.0194,0.2396,29-18,False,,,,,,
,Canada,Spain,0.2017,0.0176,0.7807,18-31,False,,,,,,
,Ireland,Scotland,0.668,0.0219,0.3101,29-22,False,,,,,,
,Ireland,Uruguay,0.9908,0.0014,0.0078,52-13,False,,,,,,
,Ireland,Portugal,0.9912,0.0014,0.0075,51-12,False,,,,,,
,Scotland,Uruguay,0.9731,0.0036,0.0233,44-12,False,,,,,,
,Scotland,Portugal,0.976,0.0033,0.0208,43-11,False,,,,,,
,Uruguay,Portugal,0.493,0.0244,0.4826,22-22,False,,,,,,
,France,Japan,0.9439,0.0066,0.0496,42-15,False,,,,,,
,France,Samoa,0.9903,0.0015,0.0082,51-12,False,,,,,,
,France,United States,0.9946,0.0009,0.0045,55-13,False,,,,,,
,Japan,Samoa,0.6418,0.0225,0.3356,26-19,False,,,,,,
,Japan,United States,0.6677,0.0219,0.3104,29-21,False,,,,,,
,Samoa,United States,0.7213,0.0201,0.2586,30-19,False,,,,,,
,England,Wales,0.7583,0.0186,0.2231,32-20,False,,,,,,
,England,Tonga,0.9771,0.0031,0.0198,46-12,False,,,,,,
,England,Zimbabwe,0.9941,0.0009,0.0049,46-5,False,,,,,,
,Wales,Tonga,0.8883,0.0112,0.1005,36-16,False,,,,,,
,Wales,Zimbabwe,0.9359,0.0073,0.0568,37-12,False,,,,,,
,Tonga,Zimbabwe,0.65,0.0223,0.3277,27-21,False,,,,,,
,Australia,New Zealand,0.3576,0.023,0.6193,23-29,False,,,,,,
,Australia,Chile,0.9528,0.0057,0.0415,43-15,False,,,,,,
,Australia,Hong Kong China,0.9844,0.0022,0.0133,43-7,False,,,,,,
,New Zealand,Chile,0.9929,0.0011,0.006,55-14,False,,,,,,
,New Zealand,Hong Kong China,0.9961,0.0007,0.0033,55-11,False,,,,,,
,Chile,Hong Kong China,0.5884,0.0236,0.388,26-22,False,,,,,,
,South Africa,Italy,0.97,0.0039,0.0261,43-11,False,,,,,,
,South Africa,Georgia,0.996,0.0007,0.0033,55-11,False,,,,,,
,South Africa,Romania,0.999,0.0002,0.0008,60-9,False,,,,,,
,Italy,Georgia,0.7949,0.0169,0.1882,29-15,False,,,,,,
,Italy,Romania,0.9714,0.0038,0.0248,45-14,False,,,,,,
,Georgia,Romania,0.8666,0.0127,0.1207,35-16,False,,,,,,
,Argentina,Fiji,0.8027,0.0165,0.1808,33-19,False,,,,,,
,Argentina,Canada,0.9976,0.0004,0.002,58-11,False,,,,,,
,Argentina,Spain,0.9648,0.0045,0.0307,44-14,False,,,,,,
,Fiji,Canada,0.9804,0.0027,0.0168,47-13,False,,,,,,
,Fiji,Spain,0.741,0.0194,0.2396,29-18,False,,,,,,
,Canada,Spain,0.2017,0.0176,0.7807,18-31,False,,,,,,
,Ireland,Scotland,0.668,0.0219,0.3101,29-22,False,,,,,,
,Ireland,Uruguay,0.9908,0.0014,0.0078,52-13,False,,,,,,
,Ireland,Portugal,0.9912,0.0014,0.0075,51-12,False,,,,,,
,Scotland,Uruguay,0.9731,0.0036,0.0233,44-12,False,,,,,,
,Scotland,Portugal,0.976,0.0033,0.0208,43-11,False,,,,,,
,Uruguay,Portugal,0.493,0.0244,0.4826,22-22,False,,,,,,
,France,Japan,0.9439,0.0066,0.0496,42-15,False,,,,,,
,France,Samoa,0.9903,0.0015,0.0082,51-12,False,,,,,,
,France,United States,0.9946,0.0009,0.0045,55-13,False,,,,,,
,Japan,Samoa,0.6418,0.0225,0.3356,26-19,False,,,,,,
,Japan,United States,0.6677,0.0219,0.3104,29-21,False,,,,,,
,Samoa,United States,0.7213,0.0201,0.2586,30-19,False,,,,,,
,England,Wales,0.7583,0.0186,0.2231,32-20,False,,,,,,
,England,Tonga,0.9771,0.0031,0.0198,46-12,False,,,,,,
,England,Zimbabwe,0.9941,0.0009,0.0049,46-5,False,,,,,,
,Wales,Tonga,0.8883,0.0112,0.1005,36-16,False,,,,,,
,Wales,Zimbabwe,0.9359,0.0073,0.0568,37-12,False,,,,,,
,Tonga,Zimbabwe,0.65,0.0223,0.3277,27-21,False,,,,,,
,Australia,New Zealand,0.3576,0.023,0.6193,23-29,False,,,,,,
,Australia,Chile,0.9528,0.0057,0.0415,43-15,False,,,,,,
,Australia,Hong Kong China,0.9844,0.0022,0.0133,43-7,False,,,,,,
,New Zealand,Chile,0.9929,0.0011,0.006,55-14,False,,,,,,
,New Zealand,Hong Kong China,0.9961,0.0007,0.0033,55-11,False,,,,,,
,Chile,Hong Kong China,0.5884,0.0236,0.388,26-22,False,,,,,,
,South Africa,Italy,0.97,0.0039,0.0261,43-11,False,,,,,,
,South Africa,Georgia,0.996,0.0007,0.0033,55-11,False,,,,,,
,South Africa,Romania,0.999,0.0002,0.0008,60-9,False,,,,,,
,Italy,Georgia,0.7949,0.0169,0.1882,29-15,False,,,,,,
,Italy,Romania,0.9714,0.0038,0.0248,45-14,False,,,,,,
,Georgia,Romania,0.8666,0.0127,0.1207,35-16,False,,,,,,
,Argentina,Fiji,0.8027,0.0165,0.1808,33-19,False,,,,,,
,Argentina,Canada,0.9976,0.0004,0.002,58-11,False,,,,,,
,Argentina,Spain,0.9648,0.0045,0.0307,44-14,False,,,,,,
,Fiji,Canada,0.9804,0.0027,0.0168,47-13,False,,,,,,
,Fiji,Spain,0.741,0.0194,0.2396,29-18,False,,,,,,
,Canada,Spain,0.2017,0.0176,0.7807,18-31,False,,,,,,
,Ireland,Scotland,0.668,0.0219,0.3101,29-22,False,,,,,,
,Ireland,Uruguay,0.9908,0.0014,0.0078,52-13,False,,,,,,
,Ireland,Portugal,0.9912,0.0014,0.0075,51-12,False,,,,,,
,Scotland,Uruguay,0.9731,0.0036,0.0233,44-12,False,,,,,,
,Scotland,Portugal,0.976,0.0033,0.0208,43-11,False,,,,,,
,Uruguay,Portugal,0.493,0.0244,0.4826,22-22,False,,,,,,
,France,Japan,0.9439,0.0066,0.0496,42-15,False,,,,,,
,France,Samoa,0.9903,0.0015,0.0082,51-12,False,,,,,,
,France,United States,0.9946,0.0009,0.0045,55-13,False,,,,,,
,Japan,Samoa,0.6418,0.0225,0.3356,26-19,False,,,,,,
,Japan,United States,0.6677,0.0219,0.3104,29-21,False,,,,,,
,Samoa,United States,0.7213,0.0201,0.2586,30-19,False,,,,,,
,England,Wales,0.7583,0.0186,0.2231,32-20,False,,,,,,
,England,Tonga,0.9771,0.0031,0.0198,46-12,False,,,,,,
,England,Zimbabwe,0.9941,0.0009,0.0049,46-5,False,,,,,,
,Wales,Tonga,0.8883,0.0112,0.1005,36-16,False,,,,,,
,Wales,Zimbabwe,0.9359,0.0073,0.0568,37-12,False,,,,,,
,Tonga,Zimbabwe,0.65,0.0223,0.3277,27-21,False,,,,,,
,Australia,New Zealand,0.3576,0.023,0.6193,23-29,False,,,,,,
,Australia,Chile,0.9528,0.0057,0.0415,43-15,False,,,,,,
,Australia,Hong Kong China,0.9844,0.0022,0.0133,43-7,False,,,,,,
,New Zealand,Chile,0.9929,0.0011,0.006,55-14,False,,,,,,
,New Zealand,Hong Kong China,0.9961,0.0007,0.0033,55-11,False,,,,,,
,Chile,Hong Kong China,0.5884,0.0236,0.388,26-22,False,,,,,,
,South Africa,Italy,0.97,0.0039,0.0261,43-11,False,,,,,,
,South Africa,Georgia,0.996,0.0007,0.0033,55-11,False,,,,,,
,South Africa,Romania,0.999,0.0002,0.0008,60-9,False,,,,,,
,Italy,Georgia,0.7949,0.0169,0.1882,29-15,False,,,,,,
,Italy,Romania,0.9714,0.0038,0.0248,45-14,False,,,,,,
,Georgia,Romania,0.8666,0.0127,0.1207,35-16,False,,,,,,
,Argentina,Fiji,0.8027,0.0165,0.1808,33-19,False,,,,,,
,Argentina,Canada,0.9976,0.0004,0.002,58-11,False,,,,,,
,Argentina,Spain,0.9648,0.0045,0.0307,44-14,False,,,,,,
,Fiji,Canada,0.9804,0.0027,0.0168,47-13,False,,,,,,
,Fiji,Spain,0.741,0.0194,0.2396,29-18,False,,,,,,
,Canada,Spain,0.2017,0.0176,0.7807,18-31,False,,,,,,
,Ireland,Scotland,0.668,0.0219,0.3101,29-22,False,,,,,,
,Ireland,Uruguay,0.9908,0.0014,0.0078,52-13,False,,,,,,
,Ireland,Portugal,0.9912,0.0014,0.0075,51-12,False,,,,,,
,Scotland,Uruguay,0.9731,0.0036,0.0233,44-12,False,,,,,,
,Scotland,Portugal,0.976,0.0033,0.0208,43-11,False,,,,,,
,Uruguay,Portugal,0.493,0.0244,0.4826,22-22,False,,,,,,
,France,Japan,0.9439,0.0066,0.0496,42-15,False,,,,,,
,France,Samoa,0.9903,0.0015,0.0082,51-12,False,,,,,,
,France,United States,0.9946,0.0009,0.0045,55-13,False,,,,,,
,Japan,Samoa,0.6418,0.0225,0.3356,26-19,False,,,,,,
,Japan,United States,0.6677,0.0219,0.3104,29-21,False,,,,,,
,Samoa,United States,0.7213,0.0201,0.2586,30-19,False,,,,,,
,England,Wales,0.7583,0.0186,0.2231,32-20,False,,,,,,
,England,Tonga,0.9771,0.0031,0.0198,46-12,False,,,,,,
,England,Zimbabwe,0.9941,0.0009,0.0049,46-5,False,,,,,,
,Wales,Tonga,0.8883,0.0112,0.1005,36-16,False,,,,,,
,Wales,Zimbabwe,0.9359,0.0073,0.0568,37-12,False,,,,,,
,Tonga,Zimbabwe,0.65,0.0223,0.3277,27-21,False,,,,,,
,Australia,New Zealand,0.3576,0.023,0.6193,23-29,False,,,,,,
,Australia,Chile,0.9528,0.0057,0.0415,43-15,False,,,,,,
,Australia,Hong Kong China,0.9844,0.0022,0.0133,43-7,False,,,,,,
,New Zealand,Chile,0.9929,0.0011,0.006,55-14,False,,,,,,
,New Zealand,Hong Kong China,0.9961,0.0007,0.0033,55-11,False,,,,,,
,Chile,Hong Kong China,0.5884,0.0236,0.388,26-22,False,,,,,,
,South Africa,Italy,0.97,0.0039,0.0261,43-11,False,,,,,,
,South Africa,Georgia,0.996,0.0007,0.0033,55-11,False,,,,,,
,South Africa,Romania,0.999,0.0002,0.0008,60-9,False,,,,,,
,Italy,Georgia,0.7949,0.0169,0.1882,29-15,False,,,,,,
,Italy,Romania,0.9714,0.0038,0.0248,45-14,False,,,,,,
,Georgia,Romania,0.8666,0.0127,0.1207,35-16,False,,,,,,
,Argentina,Fiji,0.8027,0.0165,0.1808,33-19,False,,,,,,
,Argentina,Canada,0.9976,0.0004,0.002,58-11,False,,,,,,
,Argentina,Spain,0.9648,0.0045,0.0307,44-14,False,,,,,,
,Fiji,Canada,0.9804,0.0027,0.0168,47-13,False,,,,,,
,Fiji,Spain,0.741,0.0194,0.2396,29-18,False,,,,,,
,Canada,Spain,0.2017,0.0176,0.7807,18-31,False,,,,,,
,Ireland,Scotland,0.668,0.0219,0.3101,29-22,False,,,,,,
,Ireland,Uruguay,0.9908,0.0014,0.0078,52-13,False,,,,,,
,Ireland,Portugal,0.9912,0.0014,0.0075,51-12,False,,,,,,
,Scotland,Uruguay,0.9731,0.0036,0.0233,44-12,False,,,,,,
,Scotland,Portugal,0.976,0.0033,0.0208,43-11,False,,,,,,
,Uruguay,Portugal,0.493,0.0244,0.4826,22-22,False,,,,,,
,France,Japan,0.9439,0.0066,0.0496,42-15,False,,,,,,
,France,Samoa,0.9903,0.0015,0.0082,51-12,False,,,,,,
,France,United States,0.9946,0.0009,0.0045,55-13,False,,,,,,
,Japan,Samoa,0.6418,0.0225,0.3356,26-19,False,,,,,,
,Japan,United States,0.6677,0.0219,0.3104,29-21,False,,,,,,
,Samoa,United States,0.7213,0.0201,0.2586,30-19,False,,,,,,
,England,Wales,0.7583,0.0186,0.2231,32-20,False,,,,,,
,England,Tonga,0.9771,0.0031,0.0198,46-12,False,,,,,,
,England,Zimbabwe,0.9941,0.0009,0.0049,46-5,False,,,,,,
,Wales,Tonga,0.8883,0.0112,0.1005,36-16,False,,,,,,
,Wales,Zimbabwe,0.9359,0.0073,0.0568,37-12,False,,,,,,
,Tonga,Zimbabwe,0.65,0.0223,0.3277,27-21,False,,,,,,
,Australia,New Zealand,0.3576,0.023,0.6193,23-29,False,,,,,,
,Australia,Chile,0.9528,0.0057,0.0415,43-15,False,,,,,,
,Australia,Hong Kong China,0.9844,0.0022,0.0133,43-7,False,,,,,,
,New Zealand,Chile,0.9929,0.0011,0.006,55-14,False,,,,,,
,New Zealand,Hong Kong China,0.9961,0.0007,0.0033,55-11,False,,,,,,
,Chile,Hong Kong China,0.5884,0.0236,0.388,26-22,False,,,,,,
,South Africa,Italy,0.97,0.0039,0.0261,43-11,False,,,,,,
,South Africa,Georgia,0.996,0.0007,0.0033,55-11,False,,,,,,
,South Africa,Romania,0.999,0.0002,0.0008,60-9,False,,,,,,
,Italy,Georgia,0.7949,0.0169,0.1882,29-15,False,,,,,,
,Italy,Romania,0.9714,0.0038,0.0248,45-14,False,,,,,,
,Georgia,Romania,0.8666,0.0127,0.1207,35-16,False,,,,,,
,Argentina,Fiji,0.8027,0.0165,0.1808,33-19,False,,,,,,
,Argentina,Canada,0.9976,0.0004,0.002,58-11,False,,,,,,
,Argentina,Spain,0.9648,0.0045,0.0307,44-14,False,,,,,,
,Fiji,Canada,0.9804,0.0027,0.0168,47-13,False,,,,,,
,Fiji,Spain,0.741,0.0194,0.2396,29-18,False,,,,,,
,Canada,Spain,0.2017,0.0176,0.7807,18-31,False,,,,,,
,Ireland,Scotland,0.668,0.0219,0.3101,29-22,False,,,,,,
,Ireland,Uruguay,0.9908,0.0014,0.0078,52-13,False,,,,,,
,Ireland,Portugal,0.9912,0.0014,0.0075,51-12,False,,,,,,
,Scotland,Uruguay,0.9731,0.0036,0.0233,44-12,False,,,,,,
,Scotland,Portugal,0.976,0.0033,0.0208,43-11,False,,,,,,
,Uruguay,Portugal,0.493,0.0244,0.4826,22-22,False,,,,,,
,France,Japan,0.9439,0.0066,0.0496,42-15,False,,,,,,
,France,Samoa,0.9903,0.0015,0.0082,51-12,False,,,,,,
,France,United States,0.9946,0.0009,0.0045,55-13,False,,,,,,
,Japan,Samoa,0.6418,0.0225,0.3356,26-19,False,,,,,,
,Japan,United States,0.6677,0.0219,0.3104,29-21,False,,,,,,
,Samoa,United States,0.7213,0.0201,0.2586,30-19,False,,,,,,
,England,Wales,0.7583,0.0186,0.2231,32-20,False,,,,,,
,England,Tonga,0.9771,0.0031,0.0198,46-12,False,,,,,,
,England,Zimbabwe,0.9941,0.0009,0.0049,46-5,False,,,,,,
,Wales,Tonga,0.8883,0.0112,0.1005,36-16,False,,,,,,
,Wales,Zimbabwe,0.9359,0.0073,0.0568,37-12,False,,,,,,
,Tonga,Zimbabwe,0.65,0.0223,0.3277,27-21,False,,,,,,
,Australia,New Zealand,0.3576,0.023,0.6193,23-29,False,,,,,,
,Australia,Chile,0.9528,0.0057,0.0415,43-15,False,,,,,,
,Australia,Hong Kong China,0.9844,0.0022,0.0133,43-7,False,,,,,,
,New Zealand,Chile,0.9929,0.0011,0.006,55-14,False,,,,,,
,New Zealand,Hong Kong China,0.9961,0.0007,0.0033,55-11,False,,,,,,
,Chile,Hong Kong China,0.5884,0.0236,0.388,26-22,False,,,,,,
,South Africa,Italy,0.97,0.0039,0.0261,43-11,False,,,,,,
,South Africa,Georgia,0.996,0.0007,0.0033,55-11,False,,,,,,
,South Africa,Romania,0.999,0.0002,0.0008,60-9,False,,,,,,
,Italy,Georgia,0.7949,0.0169,0.1882,29-15,False,,,,,,
,Italy,Romania,0.9714,0.0038,0.0248,45-14,False,,,,,,
,Georgia,Romania,0.8666,0.0127,0.1207,35-16,False,,,,,,
,Argentina,Fiji,0.8027,0.0165,0.1808,33-19,False,,,,,,
,Argentina,Canada,0.9976,0.0004,0.002,58-11,False,,,,,,
,Argentina,Spain,0.9648,0.0045,0.0307,44-14,False,,,,,,
,Fiji,Canada,0.9804,0.0027,0.0168,47-13,False,,,,,,
,Fiji,Spain,0.741,0.0194,0.2396,29-18,False,,,,,,
,Canada,Spain,0.2017,0.0176,0.7807,18-31,False,,,,,,
,Ireland,Scotland,0.668,0.0219,0.3101,29-22,False,,,,,,
,Ireland,Uruguay,0.9908,0.0014,0.0078,52-13,False,,,,,,
,Ireland,Portugal,0.9912,0.0014,0.0075,51-12,False,,,,,,
,Scotland,Uruguay,0.9731,0.0036,0.0233,44-12,False,,,,,,
,Scotland,Portugal,0.976,0.0033,0.0208,43-11,False,,,,,,
,Uruguay,Portugal,0.493,0.0244,0.4826,22-22,False,,,,,,
,France,Japan,0.9439,0.0066,0.0496,42-15,False,,,,,,
,France,Samoa,0.9903,0.0015,0.0082,51-12,False,,,,,,
,France,United States,0.9946,0.0009,0.0045,55-13,False,,,,,,
,Japan,Samoa,0.6418,0.0225,0.3356,26-19,False,,,,,,
,Japan,United States,0.6677,0.0219,0.3104,29-21,False,,,,,,
,Samoa,United States,0.7213,0.0201,0.2586,30-19,False,,,,,,
,England,Wales,0.7583,0.0186,0.2231,32-20,False,,,,,,
,England,Tonga,0.9771,0.0031,0.0198,46-12,False,,,,,,
,England,Zimbabwe,0.9941,0.0009,0.0049,46-5,False,,,,,,
,Wales,Tonga,0.8883,0.0112,0.1005,36-16,False,,,,,,
,Wales,Zimbabwe,0.9359,0.0073,0.0568,37-12,False,,,,,,
,Tonga,Zimbabwe,0.65,0.0223,0.3277,27-21,False,,,,,,
,Australia,New Zealand,0.3576,0.023,0.6193,23-29,False,,,,,,
,Australia,Chile,0.9528,0.0057,0.0415,43-15,False,,,,,,
,Australia,Hong Kong China,0.9844,0.0022,0.0133,43-7,False,,,,,,
,New Zealand,Chile,0.9929,0.0011,0.006,55-14,False,,,,,,
,New Zealand,Hong Kong China,0.9961,0.0007,0.0033,55-11,False,,,,,,
,Chile,Hong Kong China,0.5884,0.0236,0.388,26-22,False,,,,,,
,South Africa,Italy,0.97,0.0039,0.0261,43-11,False,,,,,,
,South Africa,Georgia,0.996,0.0007,0.0033,55-11,False,,,,,,
,South Africa,Romania,0.999,0.0002,0.0008,60-9,False,,,,,,
,Italy,Georgia,0.7949,0.0169,0.1882,29-15,False,,,,,,
,Italy,Romania,0.9714,0.0038,0.0248,45-14,False,,,,,,
,Georgia,Romania,0.8666,0.0127,0.1207,35-16,False,,,,,,
,Argentina,Fiji,0.8027,0.0165,0.1808,33-19,False,,,,,,
,Argentina,Canada,0.9976,0.0004,0.002,58-11,False,,,,,,
,Argentina,Spain,0.9648,0.0045,0.0307,44-14,False,,,,,,
,Fiji,Canada,0.9804,0.0027,0.0168,47-13,False,,,,,,
,Fiji,Spain,0.741,0.0194,0.2396,29-18,False,,,,,,
,Canada,Spain,0.2017,0.0176,0.7807,18-31,False,,,,,,
,Ireland,Scotland,0.668,0.0219,0.3101,29-22,False,,,,,,
,Ireland,Uruguay,0.9908,0.0014,0.0078,52-13,False,,,,,,
,Ireland,Portugal,0.9912,0.0014,0.0075,51-12,False,,,,,,
,Scotland,Uruguay,0.9731,0.0036,0.0233,44-12,False,,,,,,
,Scotland,Portugal,0.976,0.0033,0.0208,43-11,False,,,,,,
,Uruguay,Portugal,0.493,0.0244,0.4826,22-22,False,,,,,,
,France,Japan,0.9439,0.0066,0.0496,42-15,False,,,,,,
,France,Samoa,0.9903,0.0015,0.0082,51-12,False,,,,,,
,France,United States,0.9946,0.0009,0.0045,55-13,False,,,,,,
,Japan,Samoa,0.6418,0.0225,0.3356,26-19,False,,,,,,
,Japan,United States,0.6677,0.0219,0.3104,29-21,False,,,,,,
,Samoa,United States,0.7213,0.0201,0.2586,30-19,False,,,,,,
,England,Wales,0.7583,0.0186,0.2231,32-20,False,,,,,,
,England,Tonga,0.9771,0.0031,0.0198,46-12,False,,,,,,
,England,Zimbabwe,0.9941,0.0009,0.0049,46-5,False,,,,,,
,Wales,Tonga,0.8883,0.0112,0.1005,36-16,False,,,,,,
,Wales,Zimbabwe,0.9359,0.0073,0.0568,37-12,False,,,,,,
,Tonga,Zimbabwe,0.65,0.0223,0.3277,27-21,False,,,,,,
,Australia,New Zealand,0.3576,0.023,0.6193,23-29,False,,,,,,
,Australia,Chile,0.9528,0.0057,0.0415,43-15,False,,,,,,
,Australia,Hong Kong China,0.9844,0.0022,0.0133,43-7,False,,,,,,
,New Zealand,Chile,0.9929,0.0011,0.006,55-14,False,,,,,,
,New Zealand,Hong Kong China,0.9961,0.0007,0.0033,55-11,False,,,,,,
,Chile,Hong Kong China,0.5884,0.0236,0.388,26-22,False,,,,,,
,South Africa,Italy,0.97,0.0039,0.0261,43-11,False,,,,,,
,South Africa,Georgia,0.996,0.0007,0.0033,55-11,False,,,,,,
,South Africa,Romania,0.999,0.0002,0.0008,60-9,False,,,,,,
,Italy,Georgia,0.7949,0.0169,0.1882,29-15,False,,,,,,
,Italy,Romania,0.9714,0.0038,0.0248,45-14,False,,,,,,
,Georgia,Romania,0.8666,0.0127,0.1207,35-16,False,,,,,,
,Argentina,Fiji,0.8027,0.0165,0.1808,33-19,False,,,,,,
,Argentina,Canada,0.9976,0.0004,0.002,58-11,False,,,,,,
,Argentina,Spain,0.9648,0.0045,0.0307,44-14,False,,,,,,
,Fiji,Canada,0.9804,0.0027,0.0168,47-13,False,,,,,,
,Fiji,Spain,0.741,0.0194,0.2396,29-18,False,,,,,,
,Canada,Spain,0.2017,0.0176,0.7807,18-31,False,,,,,,
,Ireland,Scotland,0.668,0.0219,0.3101,29-22,False,,,,,,
,Ireland,Uruguay,0.9908,0.0014,0.0078,52-13,False,,,,,,
,Ireland,Portugal,0.9912,0.0014,0.0075,51-12,False,,,,,,
,Scotland,Uruguay,0.9731,0.0036,0.0233,44-12,False,,,,,,
,Scotland,Portugal,0.976,0.0033,0.0208,43-11,False,,,,,,
,Uruguay,Portugal,0.493,0.0244,0.4826,22-22,False,,,,,,
,France,Japan,0.9439,0.0066,0.0496,42-15,False,,,,,,
,France,Samoa,0.9903,0.0015,0.0082,51-12,False,,,,,,
,France,United States,0.9946,0.0009,0.0045,55-13,False,,,,,,
,Japan,Samoa,0.6418,0.0225,0.3356,26-19,False,,,,,,
,Japan,United States,0.6677,0.0219,0.3104,29-21,False,,,,,,
,Samoa,United States,0.7213,0.0201,0.2586,30-19,False,,,,,,
,England,Wales,0.7583,0.0186,0.2231,32-20,False,,,,,,
,England,Tonga,0.9771,0.0031,0.0198,46-12,False,,,,,,
,England,Zimbabwe,0.9941,0.0009,0.0049,46-5,False,,,,,,
,Wales,Tonga,0.8883,0.0112,0.1005,36-16,False,,,,,,
,Wales,Zimbabwe,0.9359,0.0073,0.0568,37-12,False,,,,,,
,Tonga,Zimbabwe,0.65,0.0223,0.3277,27-21,False,,,,,,
,Australia,New Zealand,0.3576,0.023,0.6193,23-29,False,,,,,,
,Australia,Chile,0.9528,0.0057,0.0415,43-15,False,,,,,,
,Australia,Hong Kong China,0.9844,0.0022,0.0133,43-7,False,,,,,,
,New Zealand,Chile,0.9929,0.0011,0.006,55-14,False,,,,,,
,New Zealand,Hong Kong China,0.9961,0.0007,0.0033,55-11,False,,,,,,
,Chile,Hong Kong China,0.5884,0.0236,0.388,26-22,False,,,,,,
,South Africa,Italy,0.97,0.0039,0.0261,43-11,False,,,,,,
,South Africa,Georgia,0.996,0.0007,0.0033,55-11,False,,,,,,
,South Africa,Romania,0.999,0.0002,0.0008,60-9,False,,,,,,
,Italy,Georgia,0.7949,0.0169,0.1882,29-15,False,,,,,,
,Italy,Romania,0.9714,0.0038,0.0248,45-14,False,,,,,,
,Georgia,Romania,0.8666,0.0127,0.1207,35-16,False,,,,,,
,Argentina,Fiji,0.8027,0.0165,0.1808,33-19,False,,,,,,
,Argentina,Canada,0.9976,0.0004,0.002,58-11,False,,,,,,
,Argentina,Spain,0.9648,0.0045,0.0307,44-14,False,,,,,,
,Fiji,Canada,0.9804,0.0027,0.0168,47-13,False,,,,,,
,Fiji,Spain,0.741,0.0194,0.2396,29-18,False,,,,,,
,Canada,Spain,0.2017,0.0176,0.7807,18-31,False,,,,,,
,Ireland,Scotland,0.668,0.0219,0.3101,29-22,False,,,,,,
,Ireland,Uruguay,0.9908,0.0014,0.0078,52-13,False,,,,,,
,Ireland,Portugal,0.9912,0.0014,0.0075,51-12,False,,,,,,
,Scotland,Uruguay,0.9731,0.0036,0.0233,44-12,False,,,,,,
,Scotland,Portugal,0.976,0.0033,0.0208,43-11,False,,,,,,
,Uruguay,Portugal,0.493,0.0244,0.4826,22-22,False,,,,,,
,France,Japan,0.9439,0.0066,0.0496,42-15,False,,,,,,
,France,Samoa,0.9903,0.0015,0.0082,51-12,False,,,,,,
,France,United States,0.9946,0.0009,0.0045,55-13,False,,,,,,
,Japan,Samoa,0.6418,0.0225,0.3356,26-19,False,,,,,,
,Japan,United States,0.6677,0.0219,0.3104,29-21,False,,,,,,
,Samoa,United States,0.7213,0.0201,0.2586,30-19,False,,,,,,
,England,Wales,0.7583,0.0186,0.2231,32-20,False,,,,,,
,England,Tonga,0.9771,0.0031,0.0198,46-12,False,,,,,,
,England,Zimbabwe,0.9941,0.0009,0.0049,46-5,False,,,,,,
,Wales,Tonga,0.8883,0.0112,0.1005,36-16,False,,,,,,
,Wales,Zimbabwe,0.9359,0.0073,0.0568,37-12,False,,,,,,
,Tonga,Zimbabwe,0.65,0.0223,0.3277,27-21,False,,,,,,
,Australia,New Zealand,0.3576,0.023,0.6193,23-29,False,,,,,,
,Australia,Chile,0.9528,0.0057,0.0415,43-15,False,,,,,,
,Australia,Hong Kong China,0.9844,0.0022,0.0133,43-7,False,,,,,,
,New Zealand,Chile,0.9929,0.0011,0.006,55-14,False,,,,,,
,New Zealand,Hong Kong China,0.9961,0.0007,0.0033,55-11,False,,,,,,
,Chile,Hong Kong China,0.5884,0.0236,0.388,26-22,False,,,,,,
,South Africa,Italy,0.97,0.0039,0.0261,43-11,False,,,,,,
,South Africa,Georgia,0.996,0.0007,0.0033,55-11,False,,,,,,
,South Africa,Romania,0.999,0.0002,0.0008,60-9,False,,,,,,
,Italy,Georgia,0.7949,0.0169,0.1882,29-15,False,,,,,,
,Italy,Romania,0.9714,0.0038,0.0248,45-14,False,,,,,,
,Georgia,Romania,0.8666,0.0127,0.1207,35-16,False,,,,,,
,Argentina,Fiji,0.8027,0.0165,0.1808,33-19,False,,,,,,
,Argentina,Canada,0.9976,0.0004,0.002,58-11,False,,,,,,
,Argentina,Spain,0.9648,0.0045,0.0307,44-14,False,,,,,,
,Fiji,Canada,0.9804,0.0027,0.0168,47-13,False,,,,,,
,Fiji,Spain,0.741,0.0194,0.2396,29-18,False,,,,,,
,Canada,Spain,0.2017,0.0176,0.7807,18-31,False,,,,,,
,Ireland,Scotland,0.668,0.0219,0.3101,29-22,False,,,,,,
,Ireland,Uruguay,0.9908,0.0014,0.0078,52-13,False,,,,,,
,Ireland,Portugal,0.9912,0.0014,0.0075,51-12,False,,,,,,
,Scotland,Uruguay,0.9731,0.0036,0.0233,44-12,False,,,,,,
,Scotland,Portugal,0.976,0.0033,0.0208,43-11,False,,,,,,
,Uruguay,Portugal,0.493,0.0244,0.4826,22-22,False,,,,,,
,France,Japan,0.9439,0.0066,0.0496,42-15,False,,,,,,
,France,Samoa,0.9903,0.0015,0.0082,51-12,False,,,,,,
,France,United States,0.9946,0.0009,0.0045,55-13,False,,,,,,
,Japan,Samoa,0.6418,0.0225,0.3356,26-19,False,,,,,,
,Japan,United States,0.6677,0.0219,0.3104,29-21,False,,,,,,
,Samoa,United States,0.7213,0.0201,0.2586,30-19,False,,,,,,
,England,Wales,0.7583,0.0186,0.2231,32-20,False,,,,,,
,England,Tonga,0.9771,0.0031,0.0198,46-12,False,,,,,,
,England,Zimbabwe,0.9941,0.0009,0.0049,46-5,False,,,,,,
,Wales,Tonga,0.8883,0.0112,0.1005,36-16,False,,,,,,
,Wales,Zimbabwe,0.9359,0.0073,0.0568,37-12,False,,,,,,
,Tonga,Zimbabwe,0.65,0.0223,0.3277,27-21,False,,,,,,
,Australia,New Zealand,0.3576,0.023,0.6193,23-29,False,,,,,,
,Australia,Chile,0.9528,0.0057,0.0415,43-15,False,,,,,,
,Australia,Hong Kong China,0.9844,0.0022,0.0133,43-7,False,,,,,,
,New Zealand,Chile,0.9929,0.0011,0.006,55-14,False,,,,,,
,New Zealand,Hong Kong China,0.9961,0.0007,0.0033,55-11,False,,,,,,
,Chile,Hong Kong China,0.5884,0.0236,0.388,26-22,False,,,,,,
,South Africa,Italy,0.97,0.0039,0.0261,43-11,False,,,,,,
,South Africa,Georgia,0.996,0.0007,0.0033,55-11,False,,,,,,
,South Africa,Romania,0.999,0.0002,0.0008,60-9,False,,,,,,
,Italy,Georgia,0.7949,0.0169,0.1882,29-15,False,,,,,,
,Italy,Romania,0.9714,0.0038,0.0248,45-14,False,,,,,,
,Georgia,Romania,0.8666,0.0127,0.1207,35-16,False,,,,,,
,Argentina,Fiji,0.8027,0.0165,0.1808,33-19,False,,,,,,
,Argentina,Canada,0.9976,0.0004,0.002,58-11,False,,,,,,
,Argentina,Spain,0.9648,0.0045,0.0307,44-14,False,,,,,,
,Fiji,Canada,0.9804,0.0027,0.0168,47-13,False,,,,,,
,Fiji,Spain,0.741,0.0194,0.2396,29-18,False,,,,,,
,Canada,Spain,0.2017,0.0176,0.7807,18-31,False,,,,,,
,Ireland,Scotland,0.668,0.0219,0.3101,29-22,False,,,,,,
,Ireland,Uruguay,0.9908,0.0014,0.0078,52-13,False,,,,,,
,Ireland,Portugal,0.9912,0.0014,0.0075,51-12,False,,,,,,
,Scotland,Uruguay,0.9731,0.0036,0.0233,44-12,False,,,,,,
,Scotland,Portugal,0.976,0.0033,0.0208,43-11,False,,,,,,
,Uruguay,Portugal,0.493,0.0244,0.4826,22-22,False,,,,,,
,France,Japan,0.9439,0.0066,0.0496,42-15,False,,,,,,
,France,Samoa,0.9903,0.0015,0.0082,51-12,False,,,,,,
,France,United States,0.9946,0.0009,0.0045,55-13,False,,,,,,
,Japan,Samoa,0.6418,0.0225,0.3356,26-19,False,,,,,,
,Japan,United States,0.6677,0.0219,0.3104,29-21,False,,,,,,
,Samoa,United States,0.7213,0.0201,0.2586,30-19,False,,,,,,
,England,Wales,0.7583,0.0186,0.2231,32-20,False,,,,,,
,England,Tonga,0.9771,0.0031,0.0198,46-12,False,,,,,,
,England,Zimbabwe,0.9941,0.0009,0.0049,46-5,False,,,,,,
,Wales,Tonga,0.8883,0.0112,0.1005,36-16,False,,,,,,
,Wales,Zimbabwe,0.9359,0.0073,0.0568,37-12,False,,,,,,
,Tonga,Zimbabwe,0.65,0.0223,0.3277,27-21,False,,,,,,
,Australia,New Zealand,0.3576,0.023,0.6193,23-29,False,,,,,,
,Australia,Chile,0.9528,0.0057,0.0415,43-15,False,,,,,,
,Australia,Hong Kong China,0.9844,0.0022,0.0133,43-7,False,,,,,,
,New Zealand,Chile,0.9929,0.0011,0.006,55-14,False,,,,,,
,New Zealand,Hong Kong China,0.9961,0.0007,0.0033,55-11,False,,,,,,
,Chile,Hong Kong China,0.5884,0.0236,0.388,26-22,False,,,,,,
,South Africa,Italy,0.97,0.0039,0.0261,43-11,False,,,,,,
,South Africa,Georgia,0.996,0.0007,0.0033,55-11,False,,,,,,
,South Africa,Romania,0.999,0.0002,0.0008,60-9,False,,,,,,
,Italy,Georgia,0.7949,0.0169,0.1882,29-15,False,,,,,,
,Italy,Romania,0.9714,0.0038,0.0248,45-14,False,,,,,,
,Georgia,Romania,0.8666,0.0127,0.1207,35-16,False,,,,,,
,Argentina,Fiji,0.8027,0.0165,0.1808,33-19,False,,,,,,
,Argentina,Canada,0.9976,0.0004,0.002,58-11,False,,,,,,
,Argentina,Spain,0.9648,0.0045,0.0307,44-14,False,,,,,,
,Fiji,Canada,0.9804,0.0027,0.0168,47-13,False,,,,,,
,Fiji,Spain,0.741,0.0194,0.2396,29-18,False,,,,,,
,Canada,Spain,0.2017,0.0176,0.7807,18-31,False,,,,,,
,Ireland,Scotland,0.668,0.0219,0.3101,29-22,False,,,,,,
,Ireland,Uruguay,0.9908,0.0014,0.0078,52-13,False,,,,,,
,Ireland,Portugal,0.9912,0.0014,0.0075,51-12,False,,,,,,
,Scotland,Uruguay,0.9731,0.0036,0.0233,44-12,False,,,,,,
,Scotland,Portugal,0.976,0.0033,0.0208,43-11,False,,,,,,
,Uruguay,Portugal,0.493,0.0244,0.4826,22-22,False,,,,,,
,France,Japan,0.9439,0.0066,0.0496,42-15,False,,,,,,
,France,Samoa,0.9903,0.0015,0.0082,51-12,False,,,,,,
,France,United States,0.9946,0.0009,0.0045,55-13,False,,,,,,
,Japan,Samoa,0.6418,0.0225,0.3356,26-19,False,,,,,,
,Japan,United States,0.6677,0.0219,0.3104,29-21,False,,,,,,
,Samoa,United States,0.7213,0.0201,0.2586,30-19,False,,,,,,
,England,Wales,0.7583,0.0186,0.2231,32-20,False,,,,,,
,England,Tonga,0.9771,0.0031,0.0198,46-12,False,,,,,,
,England,Zimbabwe,0.9941,0.0009,0.0049,46-5,False,,,,,,
,Wales,Tonga,0.8883,0.0112,0.1005,36-16,False,,,,,,
,Wales,Zimbabwe,0.9359,0.0073,0.0568,37-12,False,,,,,,
,Tonga,Zimbabwe,0.65,0.0223,0.3277,27-21,False,,,,,,
,Australia,New Zealand,0.349,0.0229,0.6281,23-29,False,,,,,,
,Australia,Chile,0.9536,0.0057,0.0408,43-15,False,,,,,,
,Australia,Hong Kong China,0.9858,0.0021,0.0121,44-8,False,,,,,,
,New Zealand,Chile,0.9954,0.0008,0.0038,56-13,False,,,,,,
,New Zealand,Hong Kong China,0.9972,0.0005,0.0023,55-10,False,,,,,,
,Chile,Hong Kong China,0.5913,0.0236,0.3851,26-22,False,,,,,,
,South Africa,Italy,0.9659,0.0044,0.0297,42-11,False,,,,,,
,South Africa,Georgia,0.9959,0.0007,0.0034,55-11,False,,,,,,
,South Africa,Romania,0.9995,0.0001,0.0004,61-7,False,,,,,,
,Italy,Georgia,0.8086,0.0163,0.1751,29-15,False,,,,,,
,Italy,Romania,0.9827,0.0025,0.0149,47-12,False,,,,,,
,Georgia,Romania,0.8707,0.0125,0.1168,36-17,False,,,,,,
,Argentina,Fiji,0.829,0.0151,0.1559,34-18,False,,,,,,
,Argentina,Canada,0.9987,0.0002,0.0011,59-9,False,,,,,,
,Argentina,Spain,0.9524,0.0058,0.0418,44-17,False,,,,,,
,Fiji,Canada,0.9876,0.0018,0.0106,47-10,False,,,,,,
,Fiji,Spain,0.7587,0.0187,0.2226,31-19,False,,,,,,
,Canada,Spain,0.1594,0.0153,0.8253,16-32,False,,,,,,
,Ireland,Scotland,0.6484,0.0225,0.3291,29-22,False,,,,,,
,Ireland,Uruguay,0.9918,0.0013,0.0069,52-12,False,,,,,,
,Ireland,Portugal,0.9942,0.0009,0.0049,53-11,False,,,,,,
,Scotland,Uruguay,0.9697,0.004,0.0263,44-13,False,,,,,,
,Scotland,Portugal,0.9708,0.0038,0.0253,43-12,False,,,,,,
,Uruguay,Portugal,0.4548,0.0244,0.5208,21-22,False,,,,,,
,France,Japan,0.9697,0.004,0.0264,44-13,False,,,,,,
,France,Samoa,0.9889,0.0017,0.0095,49-12,False,,,,,,
,France,United States,0.9952,0.0008,0.004,55-12,False,,,,,,
,Japan,Samoa,0.6029,0.0234,0.3737,25-20,False,,,,,,
,Japan,United States,0.6545,0.0223,0.3232,28-21,False,,,,,,
,Samoa,United States,0.7222,0.0202,0.2576,30-20,False,,,,,,
,England,Wales,0.718,0.0203,0.2617,32-22,False,,,,,,
,England,Tonga,0.9815,0.0026,0.0159,46-12,False,,,,,,
,England,Zimbabwe,0.9949,0.0008,0.0043,46-4,False,,,,,,
,Wales,Tonga,0.8863,0.0114,0.1023,36-16,False,,,,,,
,Wales,Zimbabwe,0.9331,0.0076,0.0593,37-12,False,,,,,,
,Tonga,Zimbabwe,0.6477,0.0225,0.3298,28-21,False,,,,,,
,Australia,New Zealand,0.3576,0.023,0.6193,23-29,False,,,,,,
,Australia,Chile,0.9528,0.0057,0.0415,43-15,False,,,,,,
,Australia,Hong Kong China,0.9844,0.0022,0.0133,43-7,False,,,,,,
,New Zealand,Chile,0.9929,0.0011,0.006,55-14,False,,,,,,
,New Zealand,Hong Kong China,0.9961,0.0007,0.0033,55-11,False,,,,,,
,Chile,Hong Kong China,0.5884,0.0236,0.388,26-22,False,,,,,,
,South Africa,Italy,0.97,0.0039,0.0261,43-11,False,,,,,,
,South Africa,Georgia,0.996,0.0007,0.0033,55-11,False,,,,,,
,South Africa,Romania,0.999,0.0002,0.0008,60-9,False,,,,,,
,Italy,Georgia,0.7949,0.0169,0.1882,29-15,False,,,,,,
,Italy,Romania,0.9714,0.0038,0.0248,45-14,False,,,,,,
,Georgia,Romania,0.8666,0.0127,0.1207,35-16,False,,,,,,
,Argentina,Fiji,0.8027,0.0165,0.1808,33-19,False,,,,,,
,Argentina,Canada,0.9976,0.0004,0.002,58-11,False,,,,,,
,Argentina,Spain,0.9648,0.0045,0.0307,44-14,False,,,,,,
,Fiji,Canada,0.9804,0.0027,0.0168,47-13,False,,,,,,
,Fiji,Spain,0.741,0.0194,0.2396,29-18,False,,,,,,
,Canada,Spain,0.2017,0.0176,0.7807,18-31,False,,,,,,
,Ireland,Scotland,0.668,0.0219,0.3101,29-22,False,,,,,,
,Ireland,Uruguay,0.9908,0.0014,0.0078,52-13,False,,,,,,
,Ireland,Portugal,0.9912,0.0014,0.0075,51-12,False,,,,,,
,Scotland,Uruguay,0.9731,0.0036,0.0233,44-12,False,,,,,,
,Scotland,Portugal,0.976,0.0033,0.0208,43-11,False,,,,,,
,Uruguay,Portugal,0.493,0.0244,0.4826,22-22,False,,,,,,
,France,Japan,0.9439,0.0066,0.0496,42-15,False,,,,,,
,France,Samoa,0.9903,0.0015,0.0082,51-12,False,,,,,,
,France,United States,0.9946,0.0009,0.0045,55-13,False,,,,,,
,Japan,Samoa,0.6418,0.0225,0.3356,26-19,False,,,,,,
,Japan,United States,0.6677,0.0219,0.3104,29-21,False,,,,,,
,Samoa,United States,0.7213,0.0201,0.2586,30-19,False,,,,,,
,England,Wales,0.7583,0.0186,0.2231,32-20,False,,,,,,
,England,Tonga,0.9771,0.0031,0.0198,46-12,False,,,,,,
,England,Zimbabwe,0.9941,0.0009,0.0049,46-5,False,,,,,,
,Wales,Tonga,0.8883,0.0112,0.1005,36-16,False,,,,,,
,Wales,Zimbabwe,0.9359,0.0073,0.0568,37-12,False,,,,,,
,Tonga,Zimbabwe,0.65,0.0223,0.3277,27-21,False,,,,,,
,Australia,New Zealand,0.3576,0.023,0.6193,23-29,False,,,,,,
,Australia,Chile,0.9528,0.0057,0.0415,43-15,False,,,,,,
,Australia,Hong Kong China,0.9844,0.0022,0.0133,43-7,False,,,,,,
,New Zealand,Chile,0.9929,0.0011,0.006,55-14,False,,,,,,
,New Zealand,Hong Kong China,0.9961,0.0007,0.0033,55-11,False,,,,,,
,Chile,Hong Kong China,0.5884,0.0236,0.388,26-22,False,,,,,,
,South Africa,Italy,0.97,0.0039,0.0261,43-11,False,,,,,,
,South Africa,Georgia,0.996,0.0007,0.0033,55-11,False,,,,,,
,South Africa,Romania,0.999,0.0002,0.0008,60-9,False,,,,,,
,Italy,Georgia,0.7949,0.0169,0.1882,29-15,False,,,,,,
,Italy,Romania,0.9714,0.0038,0.0248,45-14,False,,,,,,
,Georgia,Romania,0.8666,0.0127,0.1207,35-16,False,,,,,,
,Argentina,Fiji,0.8027,0.0165,0.1808,33-19,False,,,,,,
,Argentina,Canada,0.9976,0.0004,0.002,58-11,False,,,,,,
,Argentina,Spain,0.9648,0.0045,0.0307,44-14,False,,,,,,
,Fiji,Canada,0.9804,0.0027,0.0168,47-13,False,,,,,,
,Fiji,Spain,0.741,0.0194,0.2396,29-18,False,,,,,,
,Canada,Spain,0.2017,0.0176,0.7807,18-31,False,,,,,,
,Ireland,Scotland,0.668,0.0219,0.3101,29-22,False,,,,,,
,Ireland,Uruguay,0.9908,0.0014,0.0078,52-13,False,,,,,,
,Ireland,Portugal,0.9912,0.0014,0.0075,51-12,False,,,,,,
,Scotland,Uruguay,0.9731,0.0036,0.0233,44-12,False,,,,,,
,Scotland,Portugal,0.976,0.0033,0.0208,43-11,False,,,,,,
,Uruguay,Portugal,0.493,0.0244,0.4826,22-22,False,,,,,,
,France,Japan,0.9439,0.0066,0.0496,42-15,False,,,,,,
,France,Samoa,0.9903,0.0015,0.0082,51-12,False,,,,,,
,France,United States,0.9946,0.0009,0.0045,55-13,False,,,,,,
,Japan,Samoa,0.6418,0.0225,0.3356,26-19,False,,,,,,
,Japan,United States,0.6677,0.0219,0.3104,29-21,False,,,,,,
,Samoa,United States,0.7213,0.0201,0.2586,30-19,False,,,,,,
,England,Wales,0.7583,0.0186,0.2231,32-20,False,,,,,,
,England,Tonga,0.9771,0.0031,0.0198,46-12,False,,,,,,
,England,Zimbabwe,0.9941,0.0009,0.0049,46-5,False,,,,,,
,Wales,Tonga,0.8883,0.0112,0.1005,36-16,False,,,,,,
,Wales,Zimbabwe,0.9359,0.0073,0.0568,37-12,False,,,,,,
,Tonga,Zimbabwe,0.65,0.0223,0.3277,27-21,False,,,,,,
,Australia,New Zealand,0.3576,0.023,0.6193,23-29,False,,,,,,
,Australia,Chile,0.9528,0.0057,0.0415,43-15,False,,,,,,
,Australia,Hong Kong China,0.9844,0.0022,0.0133,43-7,False,,,,,,
,New Zealand,Chile,0.9929,0.0011,0.006,55-14,False,,,,,,
,New Zealand,Hong Kong China,0.9961,0.0007,0.0033,55-11,False,,,,,,
,Chile,Hong Kong China,0.5884,0.0236,0.388,26-22,False,,,,,,
,South Africa,Italy,0.97,0.0039,0.0261,43-11,False,,,,,,
,South Africa,Georgia,0.996,0.0007,0.0033,55-11,False,,,,,,
,South Africa,Romania,0.999,0.0002,0.0008,60-9,False,,,,,,
,Italy,Georgia,0.7949,0.0169,0.1882,29-15,False,,,,,,
,Italy,Romania,0.9714,0.0038,0.0248,45-14,False,,,,,,
,Georgia,Romania,0.8666,0.0127,0.1207,35-16,False,,,,,,
,Argentina,Fiji,0.8027,0.0165,0.1808,33-19,False,,,,,,
,Argentina,Canada,0.9976,0.0004,0.002,58-11,False,,,,,,
,Argentina,Spain,0.9648,0.0045,0.0307,44-14,False,,,,,,
,Fiji,Canada,0.9804,0.0027,0.0168,47-13,False,,,,,,
,Fiji,Spain,0.741,0.0194,0.2396,29-18,False,,,,,,
,Canada,Spain,0.2017,0.0176,0.7807,18-31,False,,,,,,
,Ireland,Scotland,0.668,0.0219,0.3101,29-22,False,,,,,,
,Ireland,Uruguay,0.9908,0.0014,0.0078,52-13,False,,,,,,
,Ireland,Portugal,0.9912,0.0014,0.0075,51-12,False,,,,,,
,Scotland,Uruguay,0.9731,0.0036,0.0233,44-12,False,,,,,,
,Scotland,Portugal,0.976,0.0033,0.0208,43-11,False,,,,,,
,Uruguay,Portugal,0.493,0.0244,0.4826,22-22,False,,,,,,
,France,Japan,0.9439,0.0066,0.0496,42-15,False,,,,,,
,France,Samoa,0.9903,0.0015,0.0082,51-12,False,,,,,,
,France,United States,0.9946,0.0009,0.0045,55-13,False,,,,,,
,Japan,Samoa,0.6418,0.0225,0.3356,26-19,False,,,,,,
,Japan,United States,0.6677,0.0219,0.3104,29-21,False,,,,,,
,Samoa,United States,0.7213,0.0201,0.2586,30-19,False,,,,,,
,England,Wales,0.7583,0.0186,0.2231,32-20,False,,,,,,
,England,Tonga,0.9771,0.0031,0.0198,46-12,False,,,,,,
,England,Zimbabwe,0.9941,0.0009,0.0049,46-5,False,,,,,,
,Wales,Tonga,0.8883,0.0112,0.1005,36-16,False,,,,,,
,Wales,Zimbabwe,0.9359,0.0073,0.0568,37-12,False,,,,,,
,Tonga,Zimbabwe,0.65,0.0223,0.3277,27-21,False,,,,,,
,Australia,New Zealand,0.3576,0.023,0.6193,23-29,False,,,,,,
,Australia,Chile,0.9528,0.0057,0.0415,43-15,False,,,,,,
,Australia,Hong Kong China,0.9844,0.0022,0.0133,43-7,False,,,,,,
,New Zealand,Chile,0.9929,0.0011,0.006,55-14,False,,,,,,
,New Zealand,Hong Kong China,0.9961,0.0007,0.0033,55-11,False,,,,,,
,Chile,Hong Kong China,0.5884,0.0236,0.388,26-22,False,,,,,,
,South Africa,Italy,0.97,0.0039,0.0261,43-11,False,,,,,,
,South Africa,Georgia,0.996,0.0007,0.0033,55-11,False,,,,,,
,South Africa,Romania,0.999,0.0002,0.0008,60-9,False,,,,,,
,Italy,Georgia,0.7949,0.0169,0.1882,29-15,False,,,,,,
,Italy,Romania,0.9714,0.0038,0.0248,45-14,False,,,,,,
,Georgia,Romania,0.8666,0.0127,0.1207,35-16,False,,,,,,
,Argentina,Fiji,0.8027,0.0165,0.1808,33-19,False,,,,,,
,Argentina,Canada,0.9976,0.0004,0.002,58-11,False,,,,,,
,Argentina,Spain,0.9648,0.0045,0.0307,44-14,False,,,,,,
,Fiji,Canada,0.9804,0.0027,0.0168,47-13,False,,,,,,
,Fiji,Spain,0.741,0.0194,0.2396,29-18,False,,,,,,
,Canada,Spain,0.2017,0.0176,0.7807,18-31,False,,,,,,
,Ireland,Scotland,0.668,0.0219,0.3101,29-22,False,,,,,,
,Ireland,Uruguay,0.9908,0.0014,0.0078,52-13,False,,,,,,
,Ireland,Portugal,0.9912,0.0014,0.0075,51-12,False,,,,,,
,Scotland,Uruguay,0.9731,0.0036,0.0233,44-12,False,,,,,,
,Scotland,Portugal,0.976,0.0033,0.0208,43-11,False,,,,,,
,Uruguay,Portugal,0.493,0.0244,0.4826,22-22,False,,,,,,
,France,Japan,0.9439,0.0066,0.0496,42-15,False,,,,,,
,France,Samoa,0.9903,0.0015,0.0082,51-12,False,,,,,,
,France,United States,0.9946,0.0009,0.0045,55-13,False,,,,,,
,Japan,Samoa,0.6418,0.0225,0.3356,26-19,False,,,,,,
,Japan,United States,0.6677,0.0219,0.3104,29-21,False,,,,,,
,Samoa,United States,0.7213,0.0201,0.2586,30-19,False,,,,,,
,England,Wales,0.7583,0.0186,0.2231,32-20,False,,,,,,
,England,Tonga,0.9771,0.0031,0.0198,46-12,False,,,,,,
,England,Zimbabwe,0.9941,0.0009,0.0049,46-5,False,,,,,,
,Wales,Tonga,0.8883,0.0112,0.1005,36-16,False,,,,,,
,Wales,Zimbabwe,0.9359,0.0073,0.0568,37-12,False,,,,,,
,Tonga,Zimbabwe,0.65,0.0223,0.3277,27-21,False,,,,,,
,Australia,New Zealand,0.3576,0.023,0.6193,23-29,False,,,,,,
,Australia,Chile,0.9528,0.0057,0.0415,43-15,False,,,,,,
,Australia,Hong Kong China,0.9844,0.0022,0.0133,43-7,False,,,,,,
,New Zealand,Chile,0.9929,0.0011,0.006,55-14,False,,,,,,
,New Zealand,Hong Kong China,0.9961,0.0007,0.0033,55-11,False,,,,,,
,Chile,Hong Kong China,0.5884,0.0236,0.388,26-22,False,,,,,,
,South Africa,Italy,0.97,0.0039,0.0261,43-11,False,,,,,,
,South Africa,Georgia,0.996,0.0007,0.0033,55-11,False,,,,,,
,South Africa,Romania,0.999,0.0002,0.0008,60-9,False,,,,,,
,Italy,Georgia,0.7949,0.0169,0.1882,29-15,False,,,,,,
,Italy,Romania,0.9714,0.0038,0.0248,45-14,False,,,,,,
,Georgia,Romania,0.8666,0.0127,0.1207,35-16,False,,,,,,
,Argentina,Fiji,0.8027,0.0165,0.1808,33-19,False,,,,,,
,Argentina,Canada,0.9976,0.0004,0.002,58-11,False,,,,,,
,Argentina,Spain,0.9648,0.0045,0.0307,44-14,False,,,,,,
,Fiji,Canada,0.9804,0.0027,0.0168,47-13,False,,,,,,
,Fiji,Spain,0.741,0.0194,0.2396,29-18,False,,,,,,
,Canada,Spain,0.2017,0.0176,0.7807,18-31,False,,,,,,
,Ireland,Scotland,0.668,0.0219,0.3101,29-22,False,,,,,,
,Ireland,Uruguay,0.9908,0.0014,0.0078,52-13,False,,,,,,
,Ireland,Portugal,0.9912,0.0014,0.0075,51-12,False,,,,,,
,Scotland,Uruguay,0.9731,0.0036,0.0233,44-12,False,,,,,,
,Scotland,Portugal,0.976,0.0033,0.0208,43-11,False,,,,,,
,Uruguay,Portugal,0.493,0.0244,0.4826,22-22,False,,,,,,
,France,Japan,0.9439,0.0066,0.0496,42-15,False,,,,,,
,France,Samoa,0.9903,0.0015,0.0082,51-12,False,,,,,,
,France,United States,0.9946,0.0009,0.0045,55-13,False,,,,,,
,Japan,Samoa,0.6418,0.0225,0.3356,26-19,False,,,,,,
,Japan,United States,0.6677,0.0219,0.3104,29-21,False,,,,,,
,Samoa,United States,0.7213,0.0201,0.2586,30-19,False,,,,,,
,England,Wales,0.7583,0.0186,0.2231,32-20,False,,,,,,
,England,Tonga,0.9771,0.0031,0.0198,46-12,False,,,,,,
,England,Zimbabwe,0.9941,0.0009,0.0049,46-5,False,,,,,,
,Wales,Tonga,0.8883,0.0112,0.1005,36-16,False,,,,,,
,Wales,Zimbabwe,0.9359,0.0073,0.0568,37-12,False,,,,,,
,Tonga,Zimbabwe,0.65,0.0223,0.3277,27-21,False,,,,,,
,Australia,New Zealand,0.3576,0.023,0.6193,23-29,False,,,,,,
,Australia,Chile,0.9528,0.0057,0.0415,43-15,False,,,,,,
,Australia,Hong Kong China,0.9844,0.0022,0.0133,43-7,False,,,,,,
,New Zealand,Chile,0.9929,0.0011,0.006,55-14,False,,,,,,
,New Zealand,Hong Kong China,0.9961,0.0007,0.0033,55-11,False,,,,,,
,Chile,Hong Kong China,0.5884,0.0236,0.388,26-22,False,,,,,,
,South Africa,Italy,0.97,0.0039,0.0261,43-11,False,,,,,,
,South Africa,Georgia,0.996,0.0007,0.0033,55-11,False,,,,,,
,South Africa,Romania,0.999,0.0002,0.0008,60-9,False,,,,,,
,Italy,Georgia,0.7949,0.0169,0.1882,29-15,False,,,,,,
,Italy,Romania,0.9714,0.0038,0.0248,45-14,False,,,,,,
,Georgia,Romania,0.8666,0.0127,0.1207,35-16,False,,,,,,
,Argentina,Fiji,0.8027,0.0165,0.1808,33-19,False,,,,,,
,Argentina,Canada,0.9976,0.0004,0.002,58-11,False,,,,,,
,Argentina,Spain,0.9648,0.0045,0.0307,44-14,False,,,,,,
,Fiji,Canada,0.9804,0.0027,0.0168,47-13,False,,,,,,
,Fiji,Spain,0.741,0.0194,0.2396,29-18,False,,,,,,
,Canada,Spain,0.2017,0.0176,0.7807,18-31,False,,,,,,
,Ireland,Scotland,0.668,0.0219,0.3101,29-22,False,,,,,,
,Ireland,Uruguay,0.9908,0.0014,0.0078,52-13,False,,,,,,
,Ireland,Portugal,0.9912,0.0014,0.0075,51-12,False,,,,,,
,Scotland,Uruguay,0.9731,0.0036,0.0233,44-12,False,,,,,,
,Scotland,Portugal,0.976,0.0033,0.0208,43-11,False,,,,,,
,Uruguay,Portugal,0.493,0.0244,0.4826,22-22,False,,,,,,
,France,Japan,0.9439,0.0066,0.0496,42-15,False,,,,,,
,France,Samoa,0.9903,0.0015,0.0082,51-12,False,,,,,,
,France,United States,0.9946,0.0009,0.0045,55-13,False,,,,,,
,Japan,Samoa,0.6418,0.0225,0.3356,26-19,False,,,,,,
,Japan,United States,0.6677,0.0219,0.3104,29-21,False,,,,,,
,Samoa,United States,0.7213,0.0201,0.2586,30-19,False,,,,,,
,England,Wales,0.7583,0.0186,0.2231,32-20,False,,,,,,
,England,Tonga,0.9771,0.0031,0.0198,46-12,False,,,,,,
,England,Zimbabwe,0.9941,0.0009,0.0049,46-5,False,,,,,,
,Wales,Tonga,0.8883,0.0112,0.1005,36-16,False,,,,,,
,Wales,Zimbabwe,0.9359,0.0073,0.0568,37-12,False,,,,,,
,Tonga,Zimbabwe,0.65,0.0223,0.3277,27-21,False,,,,,,
,Australia,New Zealand,0.3576,0.023,0.6193,23-29,False,,,,,,
,Australia,Chile,0.9528,0.0057,0.0415,43-15,False,,,,,,
,Australia,Hong Kong China,0.9844,0.0022,0.0133,43-7,False,,,,,,
,New Zealand,Chile,0.9929,0.0011,0.006,55-14,False,,,,,,
,New Zealand,Hong Kong China,0.9961,0.0007,0.0033,55-11,False,,,,,,
,Chile,Hong Kong China,0.5884,0.0236,0.388,26-22,False,,,,,,
,South Africa,Italy,0.97,0.0039,0.0261,43-11,False,,,,,,
,South Africa,Georgia,0.996,0.0007,0.0033,55-11,False,,,,,,
,South Africa,Romania,0.999,0.0002,0.0008,60-9,False,,,,,,
,Italy,Georgia,0.7949,0.0169,0.1882,29-15,False,,,,,,
,Italy,Romania,0.9714,0.0038,0.0248,45-14,False,,,,,,
,Georgia,Romania,0.8666,0.0127,0.1207,35-16,False,,,,,,
,Argentina,Fiji,0.8027,0.0165,0.1808,33-19,False,,,,,,
,Argentina,Canada,0.9976,0.0004,0.002,58-11,False,,,,,,
,Argentina,Spain,0.9648,0.0045,0.0307,44-14,False,,,,,,
,Fiji,Canada,0.9804,0.0027,0.0168,47-13,False,,,,,,
,Fiji,Spain,0.741,0.0194,0.2396,29-18,False,,,,,,
,Canada,Spain,0.2017,0.0176,0.7807,18-31,False,,,,,,
,Ireland,Scotland,0.668,0.0219,0.3101,29-22,False,,,,,,
,Ireland,Uruguay,0.9908,0.0014,0.0078,52-13,False,,,,,,
,Ireland,Portugal,0.9912,0.0014,0.0075,51-12,False,,,,,,
,Scotland,Uruguay,0.9731,0.0036,0.0233,44-12,False,,,,,,
,Scotland,Portugal,0.976,0.0033,0.0208,43-11,False,,,,,,
,Uruguay,Portugal,0.493,0.0244,0.4826,22-22,False,,,,,,
,France,Japan,0.9439,0.0066,0.0496,42-15,False,,,,,,
,France,Samoa,0.9903,0.0015,0.0082,51-12,False,,,,,,
,France,United States,0.9946,0.0009,0.0045,55-13,False,,,,,,
,Japan,Samoa,0.6418,0.0225,0.3356,26-19,False,,,,,,
,Japan,United States,0.6677,0.0219,0.3104,29-21,False,,,,,,
,Samoa,United States,0.7213,0.0201,0.2586,30-19,False,,,,,,
,England,Wales,0.7583,0.0186,0.2231,32-20,False,,,,,,
,England,Tonga,0.9771,0.0031,0.0198,46-12,False,,,,,,
,England,Zimbabwe,0.9941,0.0009,0.0049,46-5,False,,,,,,
,Wales,Tonga,0.8883,0.0112,0.1005,36-16,False,,,,,,
,Wales,Zimbabwe,0.9359,0.0073,0.0568,37-12,False,,,,,,
,Tonga,Zimbabwe,0.65,0.0223,0.3277,27-21,False,,,,,,
,Australia,New Zealand,0.3576,0.023,0.6193,23-29,False,,,,,,
,Australia,Chile,0.9528,0.0057,0.0415,43-15,False,,,,,,
,Australia,Hong Kong China,0.9844,0.0022,0.0133,43-7,False,,,,,,
,New Zealand,Chile,0.9929,0.0011,0.006,55-14,False,,,,,,
,New Zealand,Hong Kong China,0.9961,0.0007,0.0033,55-11,False,,,,,,
,Chile,Hong Kong China,0.5884,0.0236,0.388,26-22,False,,,,,,
,South Africa,Italy,0.97,0.0039,0.0261,43-11,False,,,,,,
,South Africa,Georgia,0.996,0.0007,0.0033,55-11,False,,,,,,
,South Africa,Romania,0.999,0.0002,0.0008,60-9,False,,,,,,
,Italy,Georgia,0.7949,0.0169,0.1882,29-15,False,,,,,,
,Italy,Romania,0.9714,0.0038,0.0248,45-14,False,,,,,,
,Georgia,Romania,0.8666,0.0127,0.1207,35-16,False,,,,,,
,Argentina,Fiji,0.8027,0.0165,0.1808,33-19,False,,,,,,
,Argentina,Canada,0.9976,0.0004,0.002,58-11,False,,,,,,
,Argentina,Spain,0.9648,0.0045,0.0307,44-14,False,,,,,,
,Fiji,Canada,0.9804,0.0027,0.0168,47-13,False,,,,,,
,Fiji,Spain,0.741,0.0194,0.2396,29-18,False,,,,,,
,Canada,Spain,0.2017,0.0176,0.7807,18-31,False,,,,,,
,Ireland,Scotland,0.668,0.0219,0.3101,29-22,False,,,,,,
,Ireland,Uruguay,0.9908,0.0014,0.0078,52-13,False,,,,,,
,Ireland,Portugal,0.9912,0.0014,0.0075,51-12,False,,,,,,
,Scotland,Uruguay,0.9731,0.0036,0.0233,44-12,False,,,,,,
,Scotland,Portugal,0.976,0.0033,0.0208,43-11,False,,,,,,
,Uruguay,Portugal,0.493,0.0244,0.4826,22-22,False,,,,,,
,France,Japan,0.9439,0.0066,0.0496,42-15,False,,,,,,
,France,Samoa,0.9903,0.0015,0.0082,51-12,False,,,,,,
,France,United States,0.9946,0.0009,0.0045,55-13,False,,,,,,
,Japan,Samoa,0.6418,0.0225,0.3356,26-19,False,,,,,,
,Japan,United States,0.6677,0.0219,0.3104,29-21,False,,,,,,
,Samoa,United States,0.7213,0.0201,0.2586,30-19,False,,,,,,
,England,Wales,0.7583,0.0186,0.2231,32-20,False,,,,,,
,England,Tonga,0.9771,0.0031,0.0198,46-12,False,,,,,,
,England,Zimbabwe,0.9941,0.0009,0.0049,46-5,False,,,,,,
,Wales,Tonga,0.8883,0.0112,0.1005,36-16,False,,,,,,
,Wales,Zimbabwe,0.9359,0.0073,0.0568,37-12,False,,,,,,
,Tonga,Zimbabwe,0.65,0.0223,0.3277,27-21,False,,,,,,
,Australia,New Zealand,0.348,0.0228,0.6292,21-27,False,,,,,,
,Australia,Chile,0.9455,0.0064,0.0481,43-16,False,,,,,,
,Australia,Hong Kong China,0.9714,0.0038,0.0249,40-9,False,,,,,,
,New Zealand,Chile,0.9947,0.0009,0.0044,55-12,False,,,,,,
,New Zealand,Hong Kong China,0.9946,0.0009,0.0045,54-11,False,,,,,,
,Chile,Hong Kong China,0.5385,0.0241,0.4374,25-23,False,,,,,,
,South Africa,Italy,0.9635,0.0046,0.0319,42-12,False,,,,,,
,South Africa,Georgia,0.9967,0.0006,0.0027,55-10,False,,,,,,
,South Africa,Romania,0.9986,0.0003,0.0011,59-9,False,,,,,,
,Italy,Georgia,0.7953,0.0169,0.1879,30-16,False,,,,,,
,Italy,Romania,0.9626,0.0047,0.0327,45-15,False,,,,,,
,Georgia,Romania,0.8642,0.0128,0.123,35-17,False,,,,,,
,Argentina,Fiji,0.8372,0.0145,0.1483,35-18,False,,,,,,
,Argentina,Canada,0.9969,0.0005,0.0026,57-11,False,,,,,,
,Argentina,Spain,0.9726,0.0036,0.0238,46-14,False,,,,,,
,Fiji,Canada,0.9841,0.0023,0.0137,48-12,False,,,,,,
,Fiji,Spain,0.7778,0.0177,0.2045,31-18,False,,,,,,
,Canada,Spain,0.2178,0.0184,0.7638,18-30,False,,,,,,
,Ireland,Scotland,0.6789,0.0215,0.2996,31-23,False,,,,,,
,Ireland,Uruguay,0.9881,0.0018,0.0101,50-13,False,,,,,,
,Ireland,Portugal,0.9902,0.0015,0.0083,51-12,False,,,,,,
,Scotland,Uruguay,0.967,0.0042,0.0288,43-12,False,,,,,,
,Scotland,Portugal,0.9586,0.0051,0.0363,41-12,False,,,,,,
,Uruguay,Portugal,0.5099,0.0243,0.4658,22-21,False,,,,,,
,France,Japan,0.9684,0.0041,0.0275,44-13,False,,,,,,
,France,Samoa,0.9907,0.0014,0.0079,50-11,False,,,,,,
,France,United States,0.995,0.0008,0.0042,55-12,False,,,,,,
,Japan,Samoa,0.6544,0.0222,0.3235,27-20,False,,,,,,
,Japan,United States,0.6842,0.0213,0.2945,30-21,False,,,,,,
,Samoa,United States,0.721,0.0201,0.2589,30-20,False,,,,,,
,England,Wales,0.7046,0.0207,0.2747,31-22,False,,,,,,
,England,Tonga,0.984,0.0023,0.0137,47-11,False,,,,,,
,England,Zimbabwe,0.9891,0.0016,0.0092,44-6,False,,,,,,
,Wales,Tonga,0.8507,0.0137,0.1356,35-17,False,,,,,,
,Wales,Zimbabwe,0.9125,0.0093,0.0782,35-13,False,,,,,,
,Tonga,Zimbabwe,0.6811,0.0214,0.2975,28-20,False,,,,,,
,Australia,New Zealand,0.3295,0.022,0.6485,21-28,False,,,,,,
,Australia,Chile,0.9321,0.0075,0.0604,41-16,False,,,,,,
,Australia,Hong Kong China,0.9852,0.0021,0.0127,43-6,False,,,,,,
,New Zealand,Chile,0.9948,0.0008,0.0044,57-14,False,,,,,,
,New Zealand,Hong Kong China,0.9975,0.0004,0.0021,58-11,False,,,,,,
,Chile,Hong Kong China,0.5929,0.0231,0.384,27-23,False,,,,,,
,South Africa,Italy,0.9813,0.0026,0.0161,45-10,False,,,,,,
,South Africa,Georgia,0.9942,0.0009,0.0049,55-13,False,,,,,,
,South Africa,Romania,0.9981,0.0003,0.0016,59-11,False,,,,,,
,Italy,Georgia,0.7728,0.0177,0.2095,30-17,False,,,,,,
,Italy,Romania,0.9624,0.0047,0.0329,45-14,False,,,,,,
,Georgia,Romania,0.8629,0.0127,0.1243,36-17,False,,,,,,
,Argentina,Fiji,0.7709,0.0178,0.2113,35-22,False,,,,,,
,Argentina,Canada,0.997,0.0005,0.0025,58-12,False,,,,,,
,Argentina,Spain,0.9497,0.0059,0.0444,44-16,False,,,,,,
,Fiji,Canada,0.9856,0.0021,0.0123,49-12,False,,,,,,
,Fiji,Spain,0.806,0.0161,0.1779,32-18,False,,,,,,
,Canada,Spain,0.2211,0.0182,0.7607,17-29,False,,,,,,
,Ireland,Scotland,0.6503,0.022,0.3278,29-22,False,,,,,,
,Ireland,Uruguay,0.9899,0.0015,0.0086,54-15,False,,,,,,
,Ireland,Portugal,0.9942,0.0009,0.0049,54-11,False,,,,,,
,Scotland,Uruguay,0.9692,0.004,0.0269,45-14,False,,,,,,
,Scotland,Portugal,0.9813,0.0026,0.0161,47-11,False,,,,,,
,Uruguay,Portugal,0.4428,0.0238,0.5334,20-22,False,,,,,,
,France,Japan,0.9518,0.0057,0.0425,42-13,False,,,,,,
,France,Samoa,0.99,0.0015,0.0085,52-13,False,,,,,,
,France,United States,0.9922,0.0012,0.0066,55-14,False,,,,,,
,Japan,Samoa,0.6033,0.023,0.3738,25-20,False,,,,,,
,Japan,United States,0.6628,0.0217,0.3156,29-21,False,,,,,,
,Samoa,United States,0.7293,0.0195,0.2512,30-20,False,,,,,,
,England,Wales,0.7447,0.0189,0.2364,33-21,False,,,,,,
,England,Tonga,0.9762,0.0032,0.0206,48-14,False,,,,,,
,England,Zimbabwe,0.9969,0.0005,0.0026,50-4,False,,,,,,
,Wales,Tonga,0.8573,0.0131,0.1296,35-17,False,,,,,,
,Wales,Zimbabwe,0.9229,0.0083,0.0688,38-14,False,,,,,,
,Tonga,Zimbabwe,0.7516,0.0186,0.2298,31-20,False,,,,,,
,Australia,New Zealand,0.3295,0.022,0.6485,21-28,False,,,,,,
,Australia,Chile,0.9321,0.0075,0.0604,41-16,False,,,,,,
,Australia,Hong Kong China,0.9852,0.0021,0.0127,43-6,False,,,,,,
,New Zealand,Chile,0.9948,0.0008,0.0044,57-14,False,,,,,,
,New Zealand,Hong Kong China,0.9975,0.0004,0.0021,58-11,False,,,,,,
,Chile,Hong Kong China,0.5929,0.0231,0.384,27-23,False,,,,,,
,South Africa,Italy,0.9813,0.0026,0.0161,45-10,False,,,,,,
,South Africa,Georgia,0.9942,0.0009,0.0049,55-13,False,,,,,,
,South Africa,Romania,0.9981,0.0003,0.0016,59-11,False,,,,,,
,Italy,Georgia,0.7728,0.0177,0.2095,30-17,False,,,,,,
,Italy,Romania,0.9624,0.0047,0.0329,45-14,False,,,,,,
,Georgia,Romania,0.8629,0.0127,0.1243,36-17,False,,,,,,
,Argentina,Fiji,0.7709,0.0178,0.2113,35-22,False,,,,,,
,Argentina,Canada,0.997,0.0005,0.0025,58-12,False,,,,,,
,Argentina,Spain,0.9497,0.0059,0.0444,44-16,False,,,,,,
,Fiji,Canada,0.9856,0.0021,0.0123,49-12,False,,,,,,
,Fiji,Spain,0.806,0.0161,0.1779,32-18,False,,,,,,
,Canada,Spain,0.2211,0.0182,0.7607,17-29,False,,,,,,
,Ireland,Scotland,0.6503,0.022,0.3278,29-22,False,,,,,,
,Ireland,Uruguay,0.9899,0.0015,0.0086,54-15,False,,,,,,
,Ireland,Portugal,0.9942,0.0009,0.0049,54-11,False,,,,,,
,Scotland,Uruguay,0.9692,0.004,0.0269,45-14,False,,,,,,
,Scotland,Portugal,0.9813,0.0026,0.0161,47-11,False,,,,,,
,Uruguay,Portugal,0.4428,0.0238,0.5334,20-22,False,,,,,,
,France,Japan,0.9518,0.0057,0.0425,42-13,False,,,,,,
,France,Samoa,0.99,0.0015,0.0085,52-13,False,,,,,,
,France,United States,0.9922,0.0012,0.0066,55-14,False,,,,,,
,Japan,Samoa,0.6033,0.023,0.3738,25-20,False,,,,,,
,Japan,United States,0.6628,0.0217,0.3156,29-21,False,,,,,,
,Samoa,United States,0.7293,0.0195,0.2512,30-20,False,,,,,,
,England,Wales,0.7447,0.0189,0.2364,33-21,False,,,,,,
,England,Tonga,0.9762,0.0032,0.0206,48-14,False,,,,,,
,England,Zimbabwe,0.9969,0.0005,0.0026,50-4,False,,,,,,
,Wales,Tonga,0.8573,0.0131,0.1296,35-17,False,,,,,,
,Wales,Zimbabwe,0.9229,0.0083,0.0688,38-14,False,,,,,,
,Tonga,Zimbabwe,0.7516,0.0186,0.2298,31-20,False,,,,,,
,Australia,New Zealand,0.3295,0.022,0.6485,21-28,False,,,,,,
,Australia,Chile,0.9321,0.0075,0.0604,41-16,False,,,,,,
,Australia,Hong Kong China,0.9852,0.0021,0.0127,43-6,False,,,,,,
,New Zealand,Chile,0.9948,0.0008,0.0044,57-14,False,,,,,,
,New Zealand,Hong Kong China,0.9975,0.0004,0.0021,58-11,False,,,,,,
,Chile,Hong Kong China,0.5929,0.0231,0.384,27-23,False,,,,,,
,South Africa,Italy,0.9813,0.0026,0.0161,45-10,False,,,,,,
,South Africa,Georgia,0.9942,0.0009,0.0049,55-13,False,,,,,,
,South Africa,Romania,0.9981,0.0003,0.0016,59-11,False,,,,,,
,Italy,Georgia,0.7728,0.0177,0.2095,30-17,False,,,,,,
,Italy,Romania,0.9624,0.0047,0.0329,45-14,False,,,,,,
,Georgia,Romania,0.8629,0.0127,0.1243,36-17,False,,,,,,
,Argentina,Fiji,0.7709,0.0178,0.2113,35-22,False,,,,,,
,Argentina,Canada,0.997,0.0005,0.0025,58-12,False,,,,,,
,Argentina,Spain,0.9497,0.0059,0.0444,44-16,False,,,,,,
,Fiji,Canada,0.9856,0.0021,0.0123,49-12,False,,,,,,
,Fiji,Spain,0.806,0.0161,0.1779,32-18,False,,,,,,
,Canada,Spain,0.2211,0.0182,0.7607,17-29,False,,,,,,
,Ireland,Scotland,0.6503,0.022,0.3278,29-22,False,,,,,,
,Ireland,Uruguay,0.9899,0.0015,0.0086,54-15,False,,,,,,
,Ireland,Portugal,0.9942,0.0009,0.0049,54-11,False,,,,,,
,Scotland,Uruguay,0.9692,0.004,0.0269,45-14,False,,,,,,
,Scotland,Portugal,0.9813,0.0026,0.0161,47-11,False,,,,,,
,Uruguay,Portugal,0.4428,0.0238,0.5334,20-22,False,,,,,,
,France,Japan,0.9518,0.0057,0.0425,42-13,False,,,,,,
,France,Samoa,0.99,0.0015,0.0085,52-13,False,,,,,,
,France,United States,0.9922,0.0012,0.0066,55-14,False,,,,,,
,Japan,Samoa,0.6033,0.023,0.3738,25-20,False,,,,,,
,Japan,United States,0.6628,0.0217,0.3156,29-21,False,,,,,,
,Samoa,United States,0.7293,0.0195,0.2512,30-20,False,,,,,,
,England,Wales,0.7447,0.0189,0.2364,33-21,False,,,,,,
,England,Tonga,0.9762,0.0032,0.0206,48-14,False,,,,,,
,England,Zimbabwe,0.9969,0.0005,0.0026,50-4,False,,,,,,
,Wales,Tonga,0.8573,0.0131,0.1296,35-17,False,,,,,,
,Wales,Zimbabwe,0.9229,0.0083,0.0688,38-14,False,,,,,,
,Tonga,Zimbabwe,0.7516,0.0186,0.2298,31-20,False,,,,,,
,Australia,New Zealand,0.29,0.0208,0.6892,20-29,False,,,,,,
,Australia,Chile,0.9421,0.0066,0.0513,42-15,False,,,,,,
,Australia,Hong Kong China,0.9798,0.0028,0.0175,43-8,False,,,,,,
,New Zealand,Chile,0.9925,0.0012,0.0064,53-12,False,,,,,,
,New Zealand,Hong Kong China,0.9952,0.0008,0.004,54-10,False,,,,,,
,Chile,Hong Kong China,0.6087,0.0228,0.3685,29-24,False,,,,,,
,South Africa,Italy,0.9604,0.0049,0.0347,43-13,False,,,,,,
,South Africa,Georgia,0.993,0.0011,0.0059,53-12,False,,,,,,
,South Africa,Romania,0.9976,0.0004,0.002,58-10,False,,,,,,
,Italy,Georgia,0.7686,0.0178,0.2135,31-18,False,,,,,,
,Italy,Romania,0.9551,0.0054,0.0395,44-15,False,,,,,,
,Georgia,Romania,0.8376,0.0143,0.1481,35-18,False,,,,,,
,Argentina,Fiji,0.8376,0.0143,0.1481,36-19,False,,,,,,
,Argentina,Canada,0.9972,0.0005,0.0023,57-11,False,,,,,,
,Argentina,Spain,0.978,0.003,0.019,46-12,False,,,,,,
,Fiji,Canada,0.9845,0.0022,0.0133,48-11,False,,,,,,
,Fiji,Spain,0.7866,0.017,0.1963,33-20,False,,,,,,
,Canada,Spain,0.1887,0.0166,0.7947,17-32,False,,,,,,
,Ireland,Scotland,0.6868,0.0209,0.2923,31-22,False,,,,,,
,Ireland,Uruguay,0.9882,0.0017,0.0101,51-13,False,,,,,,
,Ireland,Portugal,0.9925,0.0011,0.0063,53-12,False,,,,,,
,Scotland,Uruguay,0.9739,0.0034,0.0227,44-11,False,,,,,,
,Scotland,Portugal,0.9768,0.0031,0.0201,45-11,False,,,,,,
,Uruguay,Portugal,0.4167,0.0235,0.5598,21-24,False,,,,,,
,France,Japan,0.9668,0.0042,0.029,43-12,False,,,,,,
,France,Samoa,0.9888,0.0016,0.0095,51-13,False,,,,,,
,France,United States,0.9906,0.0014,0.008,53-13,False,,,,,,
,Japan,Samoa,0.6,0.023,0.377,26-22,False,,,,,,
,Japan,United States,0.6587,0.0217,0.3196,30-22,False,,,,,,
,Samoa,United States,0.7474,0.0188,0.2338,31-20,False,,,,,,
,England,Wales,0.8827,0.0114,0.106,38-17,False,,,,,,
,England,Tonga,0.9871,0.0019,0.011,47-10,False,,,,,,
,England,Zimbabwe,0.9953,0.0008,0.0039,55-11,False,,,,,,
,Wales,Tonga,0.8479,0.0137,0.1385,35-17,False,,,,,,
,Wales,Zimbabwe,0.8746,0.0119,0.1135,35-16,False,,,,,,
,Tonga,Zimbabwe,0.7033,0.0204,0.2763,30-21,False,,,,,,
,Australia,New Zealand,0.187,0.0167,0.7963,18-33,False,,,,,,
,Australia,Chile,0.8973,0.0104,0.0922,38-16,False,,,,,,
,Australia,Hong Kong China,0.9759,0.0032,0.0208,43-10,False,,,,,,
,New Zealand,Chile,0.9942,0.0009,0.0049,55-13,False,,,,,,
,New Zealand,Hong Kong China,0.9958,0.0007,0.0035,54-10,False,,,,,,
,Chile,Hong Kong China,0.5814,0.0235,0.3951,25-21,False,,,,,,
,South Africa,Italy,0.9711,0.0038,0.0251,44-12,False,,,,,,
,South Africa,Georgia,0.9939,0.001,0.0052,55-13,False,,,,,,
,South Africa,Romania,0.9991,0.0002,0.0007,62-10,False,,,,,,
,Italy,Georgia,0.795,0.0168,0.1883,30-16,False,,,,,,
,Italy,Romania,0.9728,0.0036,0.0236,45-13,False,,,,,,
,Georgia,Romania,0.8659,0.0127,0.1215,35-16,False,,,,,,
,Argentina,Fiji,0.7973,0.0167,0.186,33-19,False,,,,,,
,Argentina,Canada,0.9984,0.0003,0.0013,59-10,False,,,,,,
,Argentina,Spain,0.9728,0.0036,0.0236,45-13,False,,,,,,
,Fiji,Canada,0.9804,0.0027,0.0169,44-10,False,,,,,,
,Fiji,Spain,0.7019,0.0207,0.2774,29-20,False,,,,,,
,Canada,Spain,0.0992,0.011,0.8899,15-36,False,,,,,,
,Ireland,Scotland,0.6627,0.0218,0.3154,29-21,False,,,,,,
,Ireland,Uruguay,0.9893,0.0016,0.0091,49-10,False,,,,,,
,Ireland,Portugal,0.9928,0.0011,0.0061,52-11,False,,,,,,
,Scotland,Uruguay,0.9503,0.0059,0.0437,44-16,False,,,,,,
,Scotland,Portugal,0.9723,0.0036,0.0241,47-15,False,,,,,,
,Uruguay,Portugal,0.4533,0.0241,0.5226,21-23,False,,,,,,
,France,Japan,0.9729,0.0036,0.0236,45-13,False,,,,,,
,France,Samoa,0.9897,0.0015,0.0087,53-14,False,,,,,,
,France,United States,0.9932,0.0011,0.0057,55-13,False,,,,,,
,Japan,Samoa,0.6173,0.0229,0.3598,26-20,False,,,,,,
,Japan,United States,0.6784,0.0214,0.3002,30-22,False,,,,,,
,Samoa,United States,0.6246,0.0227,0.3527,29-23,False,,,,,,
,England,Wales,0.7997,0.0165,0.1837,35-21,False,,,,,,
,England,Tonga,0.9928,0.0011,0.0061,52-11,False,,,,,,
,England,Zimbabwe,0.9952,0.0008,0.004,55-12,False,,,,,,
,Wales,Tonga,0.8304,0.0149,0.1548,36-19,False,,,,,,
,Wales,Zimbabwe,0.8953,0.0106,0.0941,36-15,False,,,,,,
,Tonga,Zimbabwe,0.7329,0.0195,0.2475,30-19,False,,,,,,
,Australia,New Zealand,0.187,0.0167,0.7963,18-33,False,,,,,,
,Australia,Chile,0.8973,0.0104,0.0922,38-16,False,,,,,,
,Australia,Hong Kong China,0.9759,0.0032,0.0208,43-10,False,,,,,,
,New Zealand,Chile,0.9942,0.0009,0.0049,55-13,False,,,,,,
,New Zealand,Hong Kong China,0.9958,0.0007,0.0035,54-10,False,,,,,,
,Chile,Hong Kong China,0.5814,0.0235,0.3951,25-21,False,,,,,,
,South Africa,Italy,0.9711,0.0038,0.0251,44-12,False,,,,,,
,South Africa,Georgia,0.9939,0.001,0.0052,55-13,False,,,,,,
,South Africa,Romania,0.9991,0.0002,0.0007,62-10,False,,,,,,
,Italy,Georgia,0.795,0.0168,0.1883,30-16,False,,,,,,
,Italy,Romania,0.9728,0.0036,0.0236,45-13,False,,,,,,
,Georgia,Romania,0.8659,0.0127,0.1215,35-16,False,,,,,,
,Argentina,Fiji,0.7973,0.0167,0.186,33-19,False,,,,,,
,Argentina,Canada,0.9984,0.0003,0.0013,59-10,False,,,,,,
,Argentina,Spain,0.9728,0.0036,0.0236,45-13,False,,,,,,
,Fiji,Canada,0.9804,0.0027,0.0169,44-10,False,,,,,,
,Fiji,Spain,0.7019,0.0207,0.2774,29-20,False,,,,,,
,Canada,Spain,0.0992,0.011,0.8899,15-36,False,,,,,,
,Ireland,Scotland,0.6627,0.0218,0.3154,29-21,False,,,,,,
,Ireland,Uruguay,0.9893,0.0016,0.0091,49-10,False,,,,,,
,Ireland,Portugal,0.9928,0.0011,0.0061,52-11,False,,,,,,
,Scotland,Uruguay,0.9503,0.0059,0.0437,44-16,False,,,,,,
,Scotland,Portugal,0.9723,0.0036,0.0241,47-15,False,,,,,,
,Uruguay,Portugal,0.4533,0.0241,0.5226,21-23,False,,,,,,
,France,Japan,0.9729,0.0036,0.0236,45-13,False,,,,,,
,France,Samoa,0.9897,0.0015,0.0087,53-14,False,,,,,,
,France,United States,0.9932,0.0011,0.0057,55-13,False,,,,,,
,Japan,Samoa,0.6173,0.0229,0.3598,26-20,False,,,,,,
,Japan,United States,0.6784,0.0214,0.3002,30-22,False,,,,,,
,Samoa,United States,0.6246,0.0227,0.3527,29-23,False,,,,,,
,England,Wales,0.7997,0.0165,0.1837,35-21,False,,,,,,
,England,Tonga,0.9928,0.0011,0.0061,52-11,False,,,,,,
,England,Zimbabwe,0.9952,0.0008,0.004,55-12,False,,,,,,
,Wales,Tonga,0.8304,0.0149,0.1548,36-19,False,,,,,,
,Wales,Zimbabwe,0.8953,0.0106,0.0941,36-15,False,,,,,,
,Tonga,Zimbabwe,0.7329,0.0195,0.2475,30-19,False,,,,,,
,Australia,New Zealand,0.187,0.0167,0.7963,18-33,False,,,,,,
,Australia,Chile,0.8973,0.0104,0.0922,38-16,False,,,,,,
,Australia,Hong Kong China,0.9759,0.0032,0.0208,43-10,False,,,,,,
,New Zealand,Chile,0.9942,0.0009,0.0049,55-13,False,,,,,,
,New Zealand,Hong Kong China,0.9958,0.0007,0.0035,54-10,False,,,,,,
,Chile,Hong Kong China,0.5814,0.0235,0.3951,25-21,False,,,,,,
,South Africa,Italy,0.9711,0.0038,0.0251,44-12,False,,,,,,
,South Africa,Georgia,0.9939,0.001,0.0052,55-13,False,,,,,,
,South Africa,Romania,0.9991,0.0002,0.0007,62-10,False,,,,,,
,Italy,Georgia,0.795,0.0168,0.1883,30-16,False,,,,,,
,Italy,Romania,0.9728,0.0036,0.0236,45-13,False,,,,,,
,Georgia,Romania,0.8659,0.0127,0.1215,35-16,False,,,,,,
,Argentina,Fiji,0.7973,0.0167,0.186,33-19,False,,,,,,
,Argentina,Canada,0.9984,0.0003,0.0013,59-10,False,,,,,,
,Argentina,Spain,0.9728,0.0036,0.0236,45-13,False,,,,,,
,Fiji,Canada,0.9804,0.0027,0.0169,44-10,False,,,,,,
,Fiji,Spain,0.7019,0.0207,0.2774,29-20,False,,,,,,
,Canada,Spain,0.0992,0.011,0.8899,15-36,False,,,,,,
,Ireland,Scotland,0.6627,0.0218,0.3154,29-21,False,,,,,,
,Ireland,Uruguay,0.9893,0.0016,0.0091,49-10,False,,,,,,
,Ireland,Portugal,0.9928,0.0011,0.0061,52-11,False,,,,,,
,Scotland,Uruguay,0.9503,0.0059,0.0437,44-16,False,,,,,,
,Scotland,Portugal,0.9723,0.0036,0.0241,47-15,False,,,,,,
,Uruguay,Portugal,0.4533,0.0241,0.5226,21-23,False,,,,,,
,France,Japan,0.9729,0.0036,0.0236,45-13,False,,,,,,
,France,Samoa,0.9897,0.0015,0.0087,53-14,False,,,,,,
,France,United States,0.9932,0.0011,0.0057,55-13,False,,,,,,
,Japan,Samoa,0.6173,0.0229,0.3598,26-20,False,,,,,,
,Japan,United States,0.6784,0.0214,0.3002,30-22,False,,,,,,
,Samoa,United States,0.6246,0.0227,0.3527,29-23,False,,,,,,
,England,Wales,0.7997,0.0165,0.1837,35-21,False,,,,,,
,England,Tonga,0.9928,0.0011,0.0061,52-11,False,,,,,,
,England,Zimbabwe,0.9952,0.0008,0.004,55-12,False,,,,,,
,Wales,Tonga,0.8304,0.0149,0.1548,36-19,False,,,,,,
,Wales,Zimbabwe,0.8953,0.0106,0.0941,36-15,False,,,,,,
,Tonga,Zimbabwe,0.7329,0.0195,0.2475,30-19,False,,,,,,
,Australia,New Zealand,0.3231,0.0221,0.6548,22-29,False,,,,,,
,Australia,Chile,0.9468,0.0063,0.0469,41-14,False,,,,,,
,Australia,Hong Kong China,0.9848,0.0022,0.0131,45-9,False,,,,,,
,New Zealand,Chile,0.9976,0.0004,0.002,58-11,False,,,,,,
,New Zealand,Hong Kong China,0.9974,0.0004,0.0021,58-11,False,,,,,,
,Chile,Hong Kong China,0.5413,0.0241,0.4347,25-23,False,,,,,,
,South Africa,Italy,0.9727,0.0036,0.0237,43-11,False,,,,,,
,South Africa,Georgia,0.9963,0.0006,0.0031,56-12,False,,,,,,
,South Africa,Romania,0.9986,0.0003,0.0011,60-11,False,,,,,,
,Italy,Georgia,0.7826,0.0175,0.1999,30-17,False,,,,,,
,Italy,Romania,0.9668,0.0043,0.029,45-14,False,,,,,,
,Georgia,Romania,0.8277,0.0151,0.1572,34-18,False,,,,,,
,Argentina,Fiji,0.8787,0.0118,0.1095,35-16,False,,,,,,
,Argentina,Canada,0.9967,0.0006,0.0028,57-12,False,,,,,,
,Argentina,Spain,0.9782,0.003,0.0188,43-9,False,,,,,,
,Fiji,Canada,0.9892,0.0016,0.0092,48-10,False,,,,,,
,Fiji,Spain,0.7678,0.0182,0.214,30-18,False,,,,,,
,Canada,Spain,0.1098,0.0119,0.8783,15-35,False,,,,,,
,Ireland,Scotland,0.5893,0.0235,0.3872,30-26,False,,,,,,
,Ireland,Uruguay,0.9922,0.0012,0.0066,54-13,False,,,,,,
,Ireland,Portugal,0.9958,0.0007,0.0035,56-12,False,,,,,,
,Scotland,Uruguay,0.9719,0.0037,0.0244,44-13,False,,,,,,
,Scotland,Portugal,0.9881,0.0018,0.0101,48-10,False,,,,,,
,Uruguay,Portugal,0.5291,0.0241,0.4467,25-23,False,,,,,,
,France,Japan,0.9436,0.0066,0.0498,39-12,False,,,,,,
,France,Samoa,0.9949,0.0008,0.0043,52-10,False,,,,,,
,France,United States,0.9969,0.0005,0.0026,58-12,False,,,,,,
,Japan,Samoa,0.6481,0.0223,0.3296,26-19,False,,,,,,
,Japan,United States,0.7069,0.0206,0.2725,30-21,False,,,,,,
,Samoa,United States,0.7357,0.0195,0.2448,30-19,False,,,,,,
,England,Wales,0.8203,0.0155,0.1642,34-18,False,,,,,,
,England,Tonga,0.9857,0.0021,0.0122,46-9,False,,,,,,
,England,Zimbabwe,0.9976,0.0004,0.002,55-9,False,,,,,,
,Wales,Tonga,0.8333,0.0148,0.1519,34-18,False,,,,,,
,Wales,Zimbabwe,0.8794,0.0118,0.1088,36-16,False,,,,,,
,Tonga,Zimbabwe,0.6596,0.022,0.3184,30-22,False,,,,,,
,Australia,New Zealand,0.3231,0.0221,0.6548,22-29,False,,,,,,
,Australia,Chile,0.9468,0.0063,0.0469,41-14,False,,,,,,
,Australia,Hong Kong China,0.9848,0.0022,0.0131,45-9,False,,,,,,
,New Zealand,Chile,0.9976,0.0004,0.002,58-11,False,,,,,,
,New Zealand,Hong Kong China,0.9974,0.0004,0.0021,58-11,False,,,,,,
,Chile,Hong Kong China,0.5413,0.0241,0.4347,25-23,False,,,,,,
,South Africa,Italy,0.9727,0.0036,0.0237,43-11,False,,,,,,
,South Africa,Georgia,0.9963,0.0006,0.0031,56-12,False,,,,,,
,South Africa,Romania,0.9986,0.0003,0.0011,60-11,False,,,,,,
,Italy,Georgia,0.7826,0.0175,0.1999,30-17,False,,,,,,
,Italy,Romania,0.9668,0.0043,0.029,45-14,False,,,,,,
,Georgia,Romania,0.8277,0.0151,0.1572,34-18,False,,,,,,
,Argentina,Fiji,0.8787,0.0118,0.1095,35-16,False,,,,,,
,Argentina,Canada,0.9967,0.0006,0.0028,57-12,False,,,,,,
,Argentina,Spain,0.9782,0.003,0.0188,43-9,False,,,,,,
,Fiji,Canada,0.9892,0.0016,0.0092,48-10,False,,,,,,
,Fiji,Spain,0.7678,0.0182,0.214,30-18,False,,,,,,
,Canada,Spain,0.1098,0.0119,0.8783,15-35,False,,,,,,
,Ireland,Scotland,0.5893,0.0235,0.3872,30-26,False,,,,,,
,Ireland,Uruguay,0.9922,0.0012,0.0066,54-13,False,,,,,,
,Ireland,Portugal,0.9958,0.0007,0.0035,56-12,False,,,,,,
,Scotland,Uruguay,0.9719,0.0037,0.0244,44-13,False,,,,,,
,Scotland,Portugal,0.9881,0.0018,0.0101,48-10,False,,,,,,
,Uruguay,Portugal,0.5291,0.0241,0.4467,25-23,False,,,,,,
,France,Japan,0.9436,0.0066,0.0498,39-12,False,,,,,,
,France,Samoa,0.9949,0.0008,0.0043,52-10,False,,,,,,
,France,United States,0.9969,0.0005,0.0026,58-12,False,,,,,,
,Japan,Samoa,0.6481,0.0223,0.3296,26-19,False,,,,,,
,Japan,United States,0.7069,0.0206,0.2725,30-21,False,,,,,,
,Samoa,United States,0.7357,0.0195,0.2448,30-19,False,,,,,,
,England,Wales,0.8203,0.0155,0.1642,34-18,False,,,,,,
,England,Tonga,0.9857,0.0021,0.0122,46-9,False,,,,,,
,England,Zimbabwe,0.9976,0.0004,0.002,55-9,False,,,,,,
,Wales,Tonga,0.8333,0.0148,0.1519,34-18,False,,,,,,
,Wales,Zimbabwe,0.8794,0.0118,0.1088,36-16,False,,,,,,
,Tonga,Zimbabwe,0.6596,0.022,0.3184,30-22,False,,,,,,
,Australia,New Zealand,0.3231,0.0221,0.6548,22-29,False,,,,,,
,Australia,Chile,0.9468,0.0063,0.0469,41-14,False,,,,,,
,Australia,Hong Kong China,0.9848,0.0022,0.0131,45-9,False,,,,,,
,New Zealand,Chile,0.9976,0.0004,0.002,58-11,False,,,,,,
,New Zealand,Hong Kong China,0.9974,0.0004,0.0021,58-11,False,,,,,,
,Chile,Hong Kong China,0.5413,0.0241,0.4347,25-23,False,,,,,,
,South Africa,Italy,0.9727,0.0036,0.0237,43-11,False,,,,,,
,South Africa,Georgia,0.9963,0.0006,0.0031,56-12,False,,,,,,
,South Africa,Romania,0.9986,0.0003,0.0011,60-11,False,,,,,,
,Italy,Georgia,0.7826,0.0175,0.1999,30-17,False,,,,,,
,Italy,Romania,0.9668,0.0043,0.029,45-14,False,,,,,,
,Georgia,Romania,0.8277,0.0151,0.1572,34-18,False,,,,,,
,Argentina,Fiji,0.8787,0.0118,0.1095,35-16,False,,,,,,
,Argentina,Canada,0.9967,0.0006,0.0028,57-12,False,,,,,,
,Argentina,Spain,0.9782,0.003,0.0188,43-9,False,,,,,,
,Fiji,Canada,0.9892,0.0016,0.0092,48-10,False,,,,,,
,Fiji,Spain,0.7678,0.0182,0.214,30-18,False,,,,,,
,Canada,Spain,0.1098,0.0119,0.8783,15-35,False,,,,,,
,Ireland,Scotland,0.5893,0.0235,0.3872,30-26,False,,,,,,
,Ireland,Uruguay,0.9922,0.0012,0.0066,54-13,False,,,,,,
,Ireland,Portugal,0.9958,0.0007,0.0035,56-12,False,,,,,,
,Scotland,Uruguay,0.9719,0.0037,0.0244,44-13,False,,,,,,
,Scotland,Portugal,0.9881,0.0018,0.0101,48-10,False,,,,,,
,Uruguay,Portugal,0.5291,0.0241,0.4467,25-23,False,,,,,,
,France,Japan,0.9436,0.0066,0.0498,39-12,False,,,,,,
,France,Samoa,0.9949,0.0008,0.0043,52-10,False,,,,,,
,France,United States,0.9969,0.0005,0.0026,58-12,False,,,,,,
,Japan,Samoa,0.6481,0.0223,0.3296,26-19,False,,,,,,
,Japan,United States,0.7069,0.0206,0.2725,30-21,False,,,,,,
,Samoa,United States,0.7357,0.0195,0.2448,30-19,False,,,,,,
,England,Wales,0.8203,0.0155,0.1642,34-18,False,,,,,,
,England,Tonga,0.9857,0.0021,0.0122,46-9,False,,,,,,
,England,Zimbabwe,0.9976,0.0004,0.002,55-9,False,,,,,,
,Wales,Tonga,0.8333,0.0148,0.1519,34-18,False,,,,,,
,Wales,Zimbabwe,0.8794,0.0118,0.1088,36-16,False,,,,,,
,Tonga,Zimbabwe,0.6596,0.022,0.3184,30-22,False,,,,,,
,Australia,New Zealand,0.3231,0.0221,0.6548,22-29,False,,,,,,
,Australia,Chile,0.9468,0.0063,0.0469,41-14,False,,,,,,
,Australia,Hong Kong China,0.9848,0.0022,0.0131,45-9,False,,,,,,
,New Zealand,Chile,0.9976,0.0004,0.002,58-11,False,,,,,,
,New Zealand,Hong Kong China,0.9974,0.0004,0.0021,58-11,False,,,,,,
,Chile,Hong Kong China,0.5413,0.0241,0.4347,25-23,False,,,,,,
,South Africa,Italy,0.9727,0.0036,0.0237,43-11,False,,,,,,
,South Africa,Georgia,0.9963,0.0006,0.0031,56-12,False,,,,,,
,South Africa,Romania,0.9986,0.0003,0.0011,60-11,False,,,,,,
,Italy,Georgia,0.7826,0.0175,0.1999,30-17,False,,,,,,
,Italy,Romania,0.9668,0.0043,0.029,45-14,False,,,,,,
,Georgia,Romania,0.8277,0.0151,0.1572,34-18,False,,,,,,
,Argentina,Fiji,0.8787,0.0118,0.1095,35-16,False,,,,,,
,Argentina,Canada,0.9967,0.0006,0.0028,57-12,False,,,,,,
,Argentina,Spain,0.9782,0.003,0.0188,43-9,False,,,,,,
,Fiji,Canada,0.9892,0.0016,0.0092,48-10,False,,,,,,
,Fiji,Spain,0.7678,0.0182,0.214,30-18,False,,,,,,
,Canada,Spain,0.1098,0.0119,0.8783,15-35,False,,,,,,
,Ireland,Scotland,0.5893,0.0235,0.3872,30-26,False,,,,,,
,Ireland,Uruguay,0.9922,0.0012,0.0066,54-13,False,,,,,,
,Ireland,Portugal,0.9958,0.0007,0.0035,56-12,False,,,,,,
,Scotland,Uruguay,0.9719,0.0037,0.0244,44-13,False,,,,,,
,Scotland,Portugal,0.9881,0.0018,0.0101,48-10,False,,,,,,
,Uruguay,Portugal,0.5291,0.0241,0.4467,25-23,False,,,,,,
,France,Japan,0.9436,0.0066,0.0498,39-12,False,,,,,,
,France,Samoa,0.9949,0.0008,0.0043,52-10,False,,,,,,
,France,United States,0.9969,0.0005,0.0026,58-12,False,,,,,,
,Japan,Samoa,0.6481,0.0223,0.3296,26-19,False,,,,,,
,Japan,United States,0.7069,0.0206,0.2725,30-21,False,,,,,,
,Samoa,United States,0.7357,0.0195,0.2448,30-19,False,,,,,,
,England,Wales,0.8203,0.0155,0.1642,34-18,False,,,,,,
,England,Tonga,0.9857,0.0021,0.0122,46-9,False,,,,,,
,England,Zimbabwe,0.9976,0.0004,0.002,55-9,False,,,,,,
,Wales,Tonga,0.8333,0.0148,0.1519,34-18,False,,,,,,
,Wales,Zimbabwe,0.8794,0.0118,0.1088,36-16,False,,,,,,
,Tonga,Zimbabwe,0.6596,0.022,0.3184,30-22,False,,,,,,
,Australia,New Zealand,0.3231,0.0221,0.6548,22-29,False,,,,,,
,Australia,Chile,0.9468,0.0063,0.0469,41-14,False,,,,,,
,Australia,Hong Kong China,0.9848,0.0022,0.0131,45-9,False,,,,,,
,New Zealand,Chile,0.9976,0.0004,0.002,58-11,False,,,,,,
,New Zealand,Hong Kong China,0.9974,0.0004,0.0021,58-11,False,,,,,,
,Chile,Hong Kong China,0.5413,0.0241,0.4347,25-23,False,,,,,,
,South Africa,Italy,0.9727,0.0036,0.0237,43-11,False,,,,,,
,South Africa,Georgia,0.9963,0.0006,0.0031,56-12,False,,,,,,
,South Africa,Romania,0.9986,0.0003,0.0011,60-11,False,,,,,,
,Italy,Georgia,0.7826,0.0175,0.1999,30-17,False,,,,,,
,Italy,Romania,0.9668,0.0043,0.029,45-14,False,,,,,,
,Georgia,Romania,0.8277,0.0151,0.1572,34-18,False,,,,,,
,Argentina,Fiji,0.8787,0.0118,0.1095,35-16,False,,,,,,
,Argentina,Canada,0.9967,0.0006,0.0028,57-12,False,,,,,,
,Argentina,Spain,0.9782,0.003,0.0188,43-9,False,,,,,,
,Fiji,Canada,0.9892,0.0016,0.0092,48-10,False,,,,,,
,Fiji,Spain,0.7678,0.0182,0.214,30-18,False,,,,,,
,Canada,Spain,0.1098,0.0119,0.8783,15-35,False,,,,,,
,Ireland,Scotland,0.5893,0.0235,0.3872,30-26,False,,,,,,
,Ireland,Uruguay,0.9922,0.0012,0.0066,54-13,False,,,,,,
,Ireland,Portugal,0.9958,0.0007,0.0035,56-12,False,,,,,,
,Scotland,Uruguay,0.9719,0.0037,0.0244,44-13,False,,,,,,
,Scotland,Portugal,0.9881,0.0018,0.0101,48-10,False,,,,,,
,Uruguay,Portugal,0.5291,0.0241,0.4467,25-23,False,,,,,,
,France,Japan,0.9436,0.0066,0.0498,39-12,False,,,,,,
,France,Samoa,0.9949,0.0008,0.0043,52-10,False,,,,,,
,France,United States,0.9969,0.0005,0.0026,58-12,False,,,,,,
,Japan,Samoa,0.6481,0.0223,0.3296,26-19,False,,,,,,
,Japan,United States,0.7069,0.0206,0.2725,30-21,False,,,,,,
,Samoa,United States,0.7357,0.0195,0.2448,30-19,False,,,,,,
,England,Wales,0.8203,0.0155,0.1642,34-18,False,,,,,,
,England,Tonga,0.9857,0.0021,0.0122,46-9,False,,,,,,
,England,Zimbabwe,0.9976,0.0004,0.002,55-9,False,,,,,,
,Wales,Tonga,0.8333,0.0148,0.1519,34-18,False,,,,,,
,Wales,Zimbabwe,0.8794,0.0118,0.1088,36-16,False,,,,,,
,Tonga,Zimbabwe,0.6596,0.022,0.3184,30-22,False,,,,,,
,Australia,New Zealand,0.3231,0.0221,0.6548,22-29,False,,,,,,
,Australia,Chile,0.9468,0.0063,0.0469,41-14,False,,,,,,
,Australia,Hong Kong China,0.9848,0.0022,0.0131,45-9,False,,,,,,
,New Zealand,Chile,0.9976,0.0004,0.002,58-11,False,,,,,,
,New Zealand,Hong Kong China,0.9974,0.0004,0.0021,58-11,False,,,,,,
,Chile,Hong Kong China,0.5413,0.0241,0.4347,25-23,False,,,,,,
,South Africa,Italy,0.9727,0.0036,0.0237,43-11,False,,,,,,
,South Africa,Georgia,0.9963,0.0006,0.0031,56-12,False,,,,,,
,South Africa,Romania,0.9986,0.0003,0.0011,60-11,False,,,,,,
,Italy,Georgia,0.7826,0.0175,0.1999,30-17,False,,,,,,
,Italy,Romania,0.9668,0.0043,0.029,45-14,False,,,,,,
,Georgia,Romania,0.8277,0.0151,0.1572,34-18,False,,,,,,
,Argentina,Fiji,0.8787,0.0118,0.1095,35-16,False,,,,,,
,Argentina,Canada,0.9967,0.0006,0.0028,57-12,False,,,,,,
,Argentina,Spain,0.9782,0.003,0.0188,43-9,False,,,,,,
,Fiji,Canada,0.9892,0.0016,0.0092,48-10,False,,,,,,
,Fiji,Spain,0.7678,0.0182,0.214,30-18,False,,,,,,
,Canada,Spain,0.1098,0.0119,0.8783,15-35,False,,,,,,
,Ireland,Scotland,0.5893,0.0235,0.3872,30-26,False,,,,,,
,Ireland,Uruguay,0.9922,0.0012,0.0066,54-13,False,,,,,,
,Ireland,Portugal,0.9958,0.0007,0.0035,56-12,False,,,,,,
,Scotland,Uruguay,0.9719,0.0037,0.0244,44-13,False,,,,,,
,Scotland,Portugal,0.9881,0.0018,0.0101,48-10,False,,,,,,
,Uruguay,Portugal,0.5291,0.0241,0.4467,25-23,False,,,,,,
,France,Japan,0.9436,0.0066,0.0498,39-12,False,,,,,,
,France,Samoa,0.9949,0.0008,0.0043,52-10,False,,,,,,
,France,United States,0.9969,0.0005,0.0026,58-12,False,,,,,,
,Japan,Samoa,0.6481,0.0223,0.3296,26-19,False,,,,,,
,Japan,United States,0.7069,0.0206,0.2725,30-21,False,,,,,,
,Samoa,United States,0.7357,0.0195,0.2448,30-19,False,,,,,,
,England,Wales,0.8203,0.0155,0.1642,34-18,False,,,,,,
,England,Tonga,0.9857,0.0021,0.0122,46-9,False,,,,,,
,England,Zimbabwe,0.9976,0.0004,0.002,55-9,False,,,,,,
,Wales,Tonga,0.8333,0.0148,0.1519,34-18,False,,,,,,
,Wales,Zimbabwe,0.8794,0.0118,0.1088,36-16,False,,,,,,
,Tonga,Zimbabwe,0.6596,0.022,0.3184,30-22,False,,,,,,
,Australia,New Zealand,0.3231,0.0221,0.6548,22-29,False,,,,,,
,Australia,Chile,0.9468,0.0063,0.0469,41-14,False,,,,,,
,Australia,Hong Kong China,0.9848,0.0022,0.0131,45-9,False,,,,,,
,New Zealand,Chile,0.9976,0.0004,0.002,58-11,False,,,,,,
,New Zealand,Hong Kong China,0.9974,0.0004,0.0021,58-11,False,,,,,,
,Chile,Hong Kong China,0.5413,0.0241,0.4347,25-23,False,,,,,,
,South Africa,Italy,0.9727,0.0036,0.0237,43-11,False,,,,,,
,South Africa,Georgia,0.9963,0.0006,0.0031,56-12,False,,,,,,
,South Africa,Romania,0.9986,0.0003,0.0011,60-11,False,,,,,,
,Italy,Georgia,0.7826,0.0175,0.1999,30-17,False,,,,,,
,Italy,Romania,0.9668,0.0043,0.029,45-14,False,,,,,,
,Georgia,Romania,0.8277,0.0151,0.1572,34-18,False,,,,,,
,Argentina,Fiji,0.8787,0.0118,0.1095,35-16,False,,,,,,
,Argentina,Canada,0.9967,0.0006,0.0028,57-12,False,,,,,,
,Argentina,Spain,0.9782,0.003,0.0188,43-9,False,,,,,,
,Fiji,Canada,0.9892,0.0016,0.0092,48-10,False,,,,,,
,Fiji,Spain,0.7678,0.0182,0.214,30-18,False,,,,,,
,Canada,Spain,0.1098,0.0119,0.8783,15-35,False,,,,,,
,Ireland,Scotland,0.5893,0.0235,0.3872,30-26,False,,,,,,
,Ireland,Uruguay,0.9922,0.0012,0.0066,54-13,False,,,,,,
,Ireland,Portugal,0.9958,0.0007,0.0035,56-12,False,,,,,,
,Scotland,Uruguay,0.9719,0.0037,0.0244,44-13,False,,,,,,
,Scotland,Portugal,0.9881,0.0018,0.0101,48-10,False,,,,,,
,Uruguay,Portugal,0.5291,0.0241,0.4467,25-23,False,,,,,,
,France,Japan,0.9436,0.0066,0.0498,39-12,False,,,,,,
,France,Samoa,0.9949,0.0008,0.0043,52-10,False,,,,,,
,France,United States,0.9969,0.0005,0.0026,58-12,False,,,,,,
,Japan,Samoa,0.6481,0.0223,0.3296,26-19,False,,,,,,
,Japan,United States,0.7069,0.0206,0.2725,30-21,False,,,,,,
,Samoa,United States,0.7357,0.0195,0.2448,30-19,False,,,,,,
,England,Wales,0.8203,0.0155,0.1642,34-18,False,,,,,,
,England,Tonga,0.9857,0.0021,0.0122,46-9,False,,,,,,
,England,Zimbabwe,0.9976,0.0004,0.002,55-9,False,,,,,,
,Wales,Tonga,0.8333,0.0148,0.1519,34-18,False,,,,,,
,Wales,Zimbabwe,0.8794,0.0118,0.1088,36-16,False,,,,,,
,Tonga,Zimbabwe,0.6596,0.022,0.3184,30-22,False,,,,,,
,Australia,New Zealand,0.3231,0.0221,0.6548,22-29,False,,,,,,
,Australia,Chile,0.9468,0.0063,0.0469,41-14,False,,,,,,
,Australia,Hong Kong China,0.9848,0.0022,0.0131,45-9,False,,,,,,
,New Zealand,Chile,0.9976,0.0004,0.002,58-11,False,,,,,,
,New Zealand,Hong Kong China,0.9974,0.0004,0.0021,58-11,False,,,,,,
,Chile,Hong Kong China,0.5413,0.0241,0.4347,25-23,False,,,,,,
,South Africa,Italy,0.9727,0.0036,0.0237,43-11,False,,,,,,
,South Africa,Georgia,0.9963,0.0006,0.0031,56-12,False,,,,,,
,South Africa,Romania,0.9986,0.0003,0.0011,60-11,False,,,,,,
,Italy,Georgia,0.7826,0.0175,0.1999,30-17,False,,,,,,
,Italy,Romania,0.9668,0.0043,0.029,45-14,False,,,,,,
,Georgia,Romania,0.8277,0.0151,0.1572,34-18,False,,,,,,
,Argentina,Fiji,0.8787,0.0118,0.1095,35-16,False,,,,,,
,Argentina,Canada,0.9967,0.0006,0.0028,57-12,False,,,,,,
,Argentina,Spain,0.9782,0.003,0.0188,43-9,False,,,,,,
,Fiji,Canada,0.9892,0.0016,0.0092,48-10,False,,,,,,
,Fiji,Spain,0.7678,0.0182,0.214,30-18,False,,,,,,
,Canada,Spain,0.1098,0.0119,0.8783,15-35,False,,,,,,
,Ireland,Scotland,0.5893,0.0235,0.3872,30-26,False,,,,,,
,Ireland,Uruguay,0.9922,0.0012,0.0066,54-13,False,,,,,,
,Ireland,Portugal,0.9958,0.0007,0.0035,56-12,False,,,,,,
,Scotland,Uruguay,0.9719,0.0037,0.0244,44-13,False,,,,,,
,Scotland,Portugal,0.9881,0.0018,0.0101,48-10,False,,,,,,
,Uruguay,Portugal,0.5291,0.0241,0.4467,25-23,False,,,,,,
,France,Japan,0.9436,0.0066,0.0498,39-12,False,,,,,,
,France,Samoa,0.9949,0.0008,0.0043,52-10,False,,,,,,
,France,United States,0.9969,0.0005,0.0026,58-12,False,,,,,,
,Japan,Samoa,0.6481,0.0223,0.3296,26-19,False,,,,,,
,Japan,United States,0.7069,0.0206,0.2725,30-21,False,,,,,,
,Samoa,United States,0.7357,0.0195,0.2448,30-19,False,,,,,,
,England,Wales,0.8203,0.0155,0.1642,34-18,False,,,,,,
,England,Tonga,0.9857,0.0021,0.0122,46-9,False,,,,,,
,England,Zimbabwe,0.9976,0.0004,0.002,55-9,False,,,,,,
,Wales,Tonga,0.8333,0.0148,0.1519,34-18,False,,,,,,
,Wales,Zimbabwe,0.8794,0.0118,0.1088,36-16,False,,,,,,
,Tonga,Zimbabwe,0.6596,0.022,0.3184,30-22,False,,,,,,
,Australia,New Zealand,0.3231,0.0221,0.6548,22-29,False,,,,,,
,Australia,Chile,0.9468,0.0063,0.0469,41-14,False,,,,,,
,Australia,Hong Kong China,0.9848,0.0022,0.0131,45-9,False,,,,,,
,New Zealand,Chile,0.9976,0.0004,0.002,58-11,False,,,,,,
,New Zealand,Hong Kong China,0.9974,0.0004,0.0021,58-11,False,,,,,,
,Chile,Hong Kong China,0.5413,0.0241,0.4347,25-23,False,,,,,,
,South Africa,Italy,0.9727,0.0036,0.0237,43-11,False,,,,,,
,South Africa,Georgia,0.9963,0.0006,0.0031,56-12,False,,,,,,
,South Africa,Romania,0.9986,0.0003,0.0011,60-11,False,,,,,,
,Italy,Georgia,0.7826,0.0175,0.1999,30-17,False,,,,,,
,Italy,Romania,0.9668,0.0043,0.029,45-14,False,,,,,,
,Georgia,Romania,0.8277,0.0151,0.1572,34-18,False,,,,,,
,Argentina,Fiji,0.8787,0.0118,0.1095,35-16,False,,,,,,
,Argentina,Canada,0.9967,0.0006,0.0028,57-12,False,,,,,,
,Argentina,Spain,0.9782,0.003,0.0188,43-9,False,,,,,,
,Fiji,Canada,0.9892,0.0016,0.0092,48-10,False,,,,,,
,Fiji,Spain,0.7678,0.0182,0.214,30-18,False,,,,,,
,Canada,Spain,0.1098,0.0119,0.8783,15-35,False,,,,,,
,Ireland,Scotland,0.5893,0.0235,0.3872,30-26,False,,,,,,
,Ireland,Uruguay,0.9922,0.0012,0.0066,54-13,False,,,,,,
,Ireland,Portugal,0.9958,0.0007,0.0035,56-12,False,,,,,,
,Scotland,Uruguay,0.9719,0.0037,0.0244,44-13,False,,,,,,
,Scotland,Portugal,0.9881,0.0018,0.0101,48-10,False,,,,,,
,Uruguay,Portugal,0.5291,0.0241,0.4467,25-23,False,,,,,,
,France,Japan,0.9436,0.0066,0.0498,39-12,False,,,,,,
,France,Samoa,0.9949,0.0008,0.0043,52-10,False,,,,,,
,France,United States,0.9969,0.0005,0.0026,58-12,False,,,,,,
,Japan,Samoa,0.6481,0.0223,0.3296,26-19,False,,,,,,
,Japan,United States,0.7069,0.0206,0.2725,30-21,False,,,,,,
,Samoa,United States,0.7357,0.0195,0.2448,30-19,False,,,,,,
,England,Wales,0.8203,0.0155,0.1642,34-18,False,,,,,,
,England,Tonga,0.9857,0.0021,0.0122,46-9,False,,,,,,
,England,Zimbabwe,0.9976,0.0004,0.002,55-9,False,,,,,,
,Wales,Tonga,0.8333,0.0148,0.1519,34-18,False,,,,,,
,Wales,Zimbabwe,0.8794,0.0118,0.1088,36-16,False,,,,,,
,Tonga,Zimbabwe,0.6596,0.022,0.3184,30-22,False,,,,,,
,Australia,New Zealand,0.3231,0.0221,0.6548,22-29,False,,,,,,
,Australia,Chile,0.9468,0.0063,0.0469,41-14,False,,,,,,
,Australia,Hong Kong China,0.9848,0.0022,0.0131,45-9,False,,,,,,
,New Zealand,Chile,0.9976,0.0004,0.002,58-11,False,,,,,,
,New Zealand,Hong Kong China,0.9974,0.0004,0.0021,58-11,False,,,,,,
,Chile,Hong Kong China,0.5413,0.0241,0.4347,25-23,False,,,,,,
,South Africa,Italy,0.9727,0.0036,0.0237,43-11,False,,,,,,
,South Africa,Georgia,0.9963,0.0006,0.0031,56-12,False,,,,,,
,South Africa,Romania,0.9986,0.0003,0.0011,60-11,False,,,,,,
,Italy,Georgia,0.7826,0.0175,0.1999,30-17,False,,,,,,
,Italy,Romania,0.9668,0.0043,0.029,45-14,False,,,,,,
,Georgia,Romania,0.8277,0.0151,0.1572,34-18,False,,,,,,
,Argentina,Fiji,0.8787,0.0118,0.1095,35-16,False,,,,,,
,Argentina,Canada,0.9967,0.0006,0.0028,57-12,False,,,,,,
,Argentina,Spain,0.9782,0.003,0.0188,43-9,False,,,,,,
,Fiji,Canada,0.9892,0.0016,0.0092,48-10,False,,,,,,
,Fiji,Spain,0.7678,0.0182,0.214,30-18,False,,,,,,
,Canada,Spain,0.1098,0.0119,0.8783,15-35,False,,,,,,
,Ireland,Scotland,0.5893,0.0235,0.3872,30-26,False,,,,,,
,Ireland,Uruguay,0.9922,0.0012,0.0066,54-13,False,,,,,,
,Ireland,Portugal,0.9958,0.0007,0.0035,56-12,False,,,,,,
,Scotland,Uruguay,0.9719,0.0037,0.0244,44-13,False,,,,,,
,Scotland,Portugal,0.9881,0.0018,0.0101,48-10,False,,,,,,
,Uruguay,Portugal,0.5291,0.0241,0.4467,25-23,False,,,,,,
,France,Japan,0.9436,0.0066,0.0498,39-12,False,,,,,,
,France,Samoa,0.9949,0.0008,0.0043,52-10,False,,,,,,
,France,United States,0.9969,0.0005,0.0026,58-12,False,,,,,,
,Japan,Samoa,0.6481,0.0223,0.3296,26-19,False,,,,,,
,Japan,United States,0.7069,0.0206,0.2725,30-21,False,,,,,,
,Samoa,United States,0.7357,0.0195,0.2448,30-19,False,,,,,,
,England,Wales,0.8203,0.0155,0.1642,34-18,False,,,,,,
,England,Tonga,0.9857,0.0021,0.0122,46-9,False,,,,,,
,England,Zimbabwe,0.9976,0.0004,0.002,55-9,False,,,,,,
,Wales,Tonga,0.8333,0.0148,0.1519,34-18,False,,,,,,
,Wales,Zimbabwe,0.8794,0.0118,0.1088,36-16,False,,,,,,
,Tonga,Zimbabwe,0.6596,0.022,0.3184,30-22,False,,,,,,
,Australia,New Zealand,0.3231,0.0221,0.6548,22-29,False,,,,,,
,Australia,Chile,0.9468,0.0063,0.0469,41-14,False,,,,,,
,Australia,Hong Kong China,0.9848,0.0022,0.0131,45-9,False,,,,,,
,New Zealand,Chile,0.9976,0.0004,0.002,58-11,False,,,,,,
,New Zealand,Hong Kong China,0.9974,0.0004,0.0021,58-11,False,,,,,,
,Chile,Hong Kong China,0.5413,0.0241,0.4347,25-23,False,,,,,,
,South Africa,Italy,0.9727,0.0036,0.0237,43-11,False,,,,,,
,South Africa,Georgia,0.9963,0.0006,0.0031,56-12,False,,,,,,
,South Africa,Romania,0.9986,0.0003,0.0011,60-11,False,,,,,,
,Italy,Georgia,0.7826,0.0175,0.1999,30-17,False,,,,,,
,Italy,Romania,0.9668,0.0043,0.029,45-14,False,,,,,,
,Georgia,Romania,0.8277,0.0151,0.1572,34-18,False,,,,,,
,Argentina,Fiji,0.8787,0.0118,0.1095,35-16,False,,,,,,
,Argentina,Canada,0.9967,0.0006,0.0028,57-12,False,,,,,,
,Argentina,Spain,0.9782,0.003,0.0188,43-9,False,,,,,,
,Fiji,Canada,0.9892,0.0016,0.0092,48-10,False,,,,,,
,Fiji,Spain,0.7678,0.0182,0.214,30-18,False,,,,,,
,Canada,Spain,0.1098,0.0119,0.8783,15-35,False,,,,,,
,Ireland,Scotland,0.5893,0.0235,0.3872,30-26,False,,,,,,
,Ireland,Uruguay,0.9922,0.0012,0.0066,54-13,False,,,,,,
,Ireland,Portugal,0.9958,0.0007,0.0035,56-12,False,,,,,,
,Scotland,Uruguay,0.9719,0.0037,0.0244,44-13,False,,,,,,
,Scotland,Portugal,0.9881,0.0018,0.0101,48-10,False,,,,,,
,Uruguay,Portugal,0.5291,0.0241,0.4467,25-23,False,,,,,,
,France,Japan,0.9436,0.0066,0.0498,39-12,False,,,,,,
,France,Samoa,0.9949,0.0008,0.0043,52-10,False,,,,,,
,France,United States,0.9969,0.0005,0.0026,58-12,False,,,,,,
,Japan,Samoa,0.6481,0.0223,0.3296,26-19,False,,,,,,
,Japan,United States,0.7069,0.0206,0.2725,30-21,False,,,,,,
,Samoa,United States,0.7357,0.0195,0.2448,30-19,False,,,,,,
,England,Wales,0.8203,0.0155,0.1642,34-18,False,,,,,,
,England,Tonga,0.9857,0.0021,0.0122,46-9,False,,,,,,
,England,Zimbabwe,0.9976,0.0004,0.002,55-9,False,,,,,,
,Wales,Tonga,0.8333,0.0148,0.1519,34-18,False,,,,,,
,Wales,Zimbabwe,0.8794,0.0118,0.1088,36-16,False,,,,,,
,Tonga,Zimbabwe,0.6596,0.022,0.3184,30-22,False,,,,,,
,Australia,New Zealand,0.3231,0.0221,0.6548,22-29,False,,,,,,
,Australia,Chile,0.9468,0.0063,0.0469,41-14,False,,,,,,
,Australia,Hong Kong China,0.9848,0.0022,0.0131,45-9,False,,,,,,
,New Zealand,Chile,0.9976,0.0004,0.002,58-11,False,,,,,,
,New Zealand,Hong Kong China,0.9974,0.0004,0.0021,58-11,False,,,,,,
,Chile,Hong Kong China,0.5413,0.0241,0.4347,25-23,False,,,,,,
,South Africa,Italy,0.9727,0.0036,0.0237,43-11,False,,,,,,
,South Africa,Georgia,0.9963,0.0006,0.0031,56-12,False,,,,,,
,South Africa,Romania,0.9986,0.0003,0.0011,60-11,False,,,,,,
,Italy,Georgia,0.7826,0.0175,0.1999,30-17,False,,,,,,
,Italy,Romania,0.9668,0.0043,0.029,45-14,False,,,,,,
,Georgia,Romania,0.8277,0.0151,0.1572,34-18,False,,,,,,
,Argentina,Fiji,0.8787,0.0118,0.1095,35-16,False,,,,,,
,Argentina,Canada,0.9967,0.0006,0.0028,57-12,False,,,,,,
,Argentina,Spain,0.9782,0.003,0.0188,43-9,False,,,,,,
,Fiji,Canada,0.9892,0.0016,0.0092,48-10,False,,,,,,
,Fiji,Spain,0.7678,0.0182,0.214,30-18,False,,,,,,
,Canada,Spain,0.1098,0.0119,0.8783,15-35,False,,,,,,
,Ireland,Scotland,0.5893,0.0235,0.3872,30-26,False,,,,,,
,Ireland,Uruguay,0.9922,0.0012,0.0066,54-13,False,,,,,,
,Ireland,Portugal,0.9958,0.0007,0.0035,56-12,False,,,,,,
,Scotland,Uruguay,0.9719,0.0037,0.0244,44-13,False,,,,,,
,Scotland,Portugal,0.9881,0.0018,0.0101,48-10,False,,,,,,
,Uruguay,Portugal,0.5291,0.0241,0.4467,25-23,False,,,,,,
,France,Japan,0.9436,0.0066,0.0498,39-12,False,,,,,,
,France,Samoa,0.9949,0.0008,0.0043,52-10,False,,,,,,
,France,United States,0.9969,0.0005,0.0026,58-12,False,,,,,,
,Japan,Samoa,0.6481,0.0223,0.3296,26-19,False,,,,,,
,Japan,United States,0.7069,0.0206,0.2725,30-21,False,,,,,,
,Samoa,United States,0.7357,0.0195,0.2448,30-19,False,,,,,,
,England,Wales,0.8203,0.0155,0.1642,34-18,False,,,,,,
,England,Tonga,0.9857,0.0021,0.0122,46-9,False,,,,,,
,England,Zimbabwe,0.9976,0.0004,0.002,55-9,False,,,,,,
,Wales,Tonga,0.8333,0.0148,0.1519,34-18,False,,,,,,
,Wales,Zimbabwe,0.8794,0.0118,0.1088,36-16,False,,,,,,
,Tonga,Zimbabwe,0.6596,0.022,0.3184,30-22,False,,,,,,
,Australia,New Zealand,0.3231,0.0221,0.6548,22-29,False,,,,,,
,Australia,Chile,0.9468,0.0063,0.0469,41-14,False,,,,,,
,Australia,Hong Kong China,0.9848,0.0022,0.0131,45-9,False,,,,,,
,New Zealand,Chile,0.9976,0.0004,0.002,58-11,False,,,,,,
,New Zealand,Hong Kong China,0.9974,0.0004,0.0021,58-11,False,,,,,,
,Chile,Hong Kong China,0.5413,0.0241,0.4347,25-23,False,,,,,,
,South Africa,Italy,0.9727,0.0036,0.0237,43-11,False,,,,,,
,South Africa,Georgia,0.9963,0.0006,0.0031,56-12,False,,,,,,
,South Africa,Romania,0.9986,0.0003,0.0011,60-11,False,,,,,,
,Italy,Georgia,0.7826,0.0175,0.1999,30-17,False,,,,,,
,Italy,Romania,0.9668,0.0043,0.029,45-14,False,,,,,,
,Georgia,Romania,0.8277,0.0151,0.1572,34-18,False,,,,,,
,Argentina,Fiji,0.8787,0.0118,0.1095,35-16,False,,,,,,
,Argentina,Canada,0.9967,0.0006,0.0028,57-12,False,,,,,,
,Argentina,Spain,0.9782,0.003,0.0188,43-9,False,,,,,,
,Fiji,Canada,0.9892,0.0016,0.0092,48-10,False,,,,,,
,Fiji,Spain,0.7678,0.0182,0.214,30-18,False,,,,,,
,Canada,Spain,0.1098,0.0119,0.8783,15-35,False,,,,,,
,Ireland,Scotland,0.5893,0.0235,0.3872,30-26,False,,,,,,
,Ireland,Uruguay,0.9922,0.0012,0.0066,54-13,False,,,,,,
,Ireland,Portugal,0.9958,0.0007,0.0035,56-12,False,,,,,,
,Scotland,Uruguay,0.9719,0.0037,0.0244,44-13,False,,,,,,
,Scotland,Portugal,0.9881,0.0018,0.0101,48-10,False,,,,,,
,Uruguay,Portugal,0.5291,0.0241,0.4467,25-23,False,,,,,,
,France,Japan,0.9436,0.0066,0.0498,39-12,False,,,,,,
,France,Samoa,0.9949,0.0008,0.0043,52-10,False,,,,,,
,France,United States,0.9969,0.0005,0.0026,58-12,False,,,,,,
,Japan,Samoa,0.6481,0.0223,0.3296,26-19,False,,,,,,
,Japan,United States,0.7069,0.0206,0.2725,30-21,False,,,,,,
,Samoa,United States,0.7357,0.0195,0.2448,30-19,False,,,,,,
,England,Wales,0.8203,0.0155,0.1642,34-18,False,,,,,,
,England,Tonga,0.9857,0.0021,0.0122,46-9,False,,,,,,
,England,Zimbabwe,0.9976,0.0004,0.002,55-9,False,,,,,,
,Wales,Tonga,0.8333,0.0148,0.1519,34-18,False,,,,,,
,Wales,Zimbabwe,0.8794,0.0118,0.1088,36-16,False,,,,,,
,Tonga,Zimbabwe,0.6596,0.022,0.3184,30-22,False,,,,,,
,Australia,New Zealand,0.3231,0.0221,0.6548,22-29,False,,,,,,
,Australia,Chile,0.9468,0.0063,0.0469,41-14,False,,,,,,
,Australia,Hong Kong China,0.9848,0.0022,0.0131,45-9,False,,,,,,
,New Zealand,Chile,0.9976,0.0004,0.002,58-11,False,,,,,,
,New Zealand,Hong Kong China,0.9974,0.0004,0.0021,58-11,False,,,,,,
,Chile,Hong Kong China,0.5413,0.0241,0.4347,25-23,False,,,,,,
,South Africa,Italy,0.9727,0.0036,0.0237,43-11,False,,,,,,
,South Africa,Georgia,0.9963,0.0006,0.0031,56-12,False,,,,,,
,South Africa,Romania,0.9986,0.0003,0.0011,60-11,False,,,,,,
,Italy,Georgia,0.7826,0.0175,0.1999,30-17,False,,,,,,
,Italy,Romania,0.9668,0.0043,0.029,45-14,False,,,,,,
,Georgia,Romania,0.8277,0.0151,0.1572,34-18,False,,,,,,
,Argentina,Fiji,0.8787,0.0118,0.1095,35-16,False,,,,,,
,Argentina,Canada,0.9967,0.0006,0.0028,57-12,False,,,,,,
,Argentina,Spain,0.9782,0.003,0.0188,43-9,False,,,,,,
,Fiji,Canada,0.9892,0.0016,0.0092,48-10,False,,,,,,
,Fiji,Spain,0.7678,0.0182,0.214,30-18,False,,,,,,
,Canada,Spain,0.1098,0.0119,0.8783,15-35,False,,,,,,
,Ireland,Scotland,0.5893,0.0235,0.3872,30-26,False,,,,,,
,Ireland,Uruguay,0.9922,0.0012,0.0066,54-13,False,,,,,,
,Ireland,Portugal,0.9958,0.0007,0.0035,56-12,False,,,,,,
,Scotland,Uruguay,0.9719,0.0037,0.0244,44-13,False,,,,,,
,Scotland,Portugal,0.9881,0.0018,0.0101,48-10,False,,,,,,
,Uruguay,Portugal,0.5291,0.0241,0.4467,25-23,False,,,,,,
,France,Japan,0.9436,0.0066,0.0498,39-12,False,,,,,,
,France,Samoa,0.9949,0.0008,0.0043,52-10,False,,,,,,
,France,United States,0.9969,0.0005,0.0026,58-12,False,,,,,,
,Japan,Samoa,0.6481,0.0223,0.3296,26-19,False,,,,,,
,Japan,United States,0.7069,0.0206,0.2725,30-21,False,,,,,,
,Samoa,United States,0.7357,0.0195,0.2448,30-19,False,,,,,,
,England,Wales,0.8203,0.0155,0.1642,34-18,False,,,,,,
,England,Tonga,0.9857,0.0021,0.0122,46-9,False,,,,,,
,England,Zimbabwe,0.9976,0.0004,0.002,55-9,False,,,,,,
,Wales,Tonga,0.8333,0.0148,0.1519,34-18,False,,,,,,
,Wales,Zimbabwe,0.8794,0.0118,0.1088,36-16,False,,,,,,
,Tonga,Zimbabwe,0.6596,0.022,0.3184,30-22,False,,,,,,
,Australia,New Zealand,0.3231,0.0221,0.6548,22-29,False,,,,,,
,Australia,Chile,0.9468,0.0063,0.0469,41-14,False,,,,,,
,Australia,Hong Kong China,0.9848,0.0022,0.0131,45-9,False,,,,,,
,New Zealand,Chile,0.9976,0.0004,0.002,58-11,False,,,,,,
,New Zealand,Hong Kong China,0.9974,0.0004,0.0021,58-11,False,,,,,,
,Chile,Hong Kong China,0.5413,0.0241,0.4347,25-23,False,,,,,,
,South Africa,Italy,0.9727,0.0036,0.0237,43-11,False,,,,,,
,South Africa,Georgia,0.9963,0.0006,0.0031,56-12,False,,,,,,
,South Africa,Romania,0.9986,0.0003,0.0011,60-11,False,,,,,,
,Italy,Georgia,0.7826,0.0175,0.1999,30-17,False,,,,,,
,Italy,Romania,0.9668,0.0043,0.029,45-14,False,,,,,,
,Georgia,Romania,0.8277,0.0151,0.1572,34-18,False,,,,,,
,Argentina,Fiji,0.8787,0.0118,0.1095,35-16,False,,,,,,
,Argentina,Canada,0.9967,0.0006,0.0028,57-12,False,,,,,,
,Argentina,Spain,0.9782,0.003,0.0188,43-9,False,,,,,,
,Fiji,Canada,0.9892,0.0016,0.0092,48-10,False,,,,,,
,Fiji,Spain,0.7678,0.0182,0.214,30-18,False,,,,,,
,Canada,Spain,0.1098,0.0119,0.8783,15-35,False,,,,,,
,Ireland,Scotland,0.5893,0.0235,0.3872,30-26,False,,,,,,
,Ireland,Uruguay,0.9922,0.0012,0.0066,54-13,False,,,,,,
,Ireland,Portugal,0.9958,0.0007,0.0035,56-12,False,,,,,,
,Scotland,Uruguay,0.9719,0.0037,0.0244,44-13,False,,,,,,
,Scotland,Portugal,0.9881,0.0018,0.0101,48-10,False,,,,,,
,Uruguay,Portugal,0.5291,0.0241,0.4467,25-23,False,,,,,,
,France,Japan,0.9436,0.0066,0.0498,39-12,False,,,,,,
,France,Samoa,0.9949,0.0008,0.0043,52-10,False,,,,,,
,France,United States,0.9969,0.0005,0.0026,58-12,False,,,,,,
,Japan,Samoa,0.6481,0.0223,0.3296,26-19,False,,,,,,
,Japan,United States,0.7069,0.0206,0.2725,30-21,False,,,,,,
,Samoa,United States,0.7357,0.0195,0.2448,30-19,False,,,,,,
,England,Wales,0.8203,0.0155,0.1642,34-18,False,,,,,,
,England,Tonga,0.9857,0.0021,0.0122,46-9,False,,,,,,
,England,Zimbabwe,0.9976,0.0004,0.002,55-9,False,,,,,,
,Wales,Tonga,0.8333,0.0148,0.1519,34-18,False,,,,,,
,Wales,Zimbabwe,0.8794,0.0118,0.1088,36-16,False,,,,,,
,Tonga,Zimbabwe,0.6596,0.022,0.3184,30-22,False,,,,,,
,Australia,New Zealand,0.3231,0.0221,0.6548,22-29,False,,,,,,
,Australia,Chile,0.9468,0.0063,0.0469,41-14,False,,,,,,
,Australia,Hong Kong China,0.9848,0.0022,0.0131,45-9,False,,,,,,
,New Zealand,Chile,0.9976,0.0004,0.002,58-11,False,,,,,,
,New Zealand,Hong Kong China,0.9974,0.0004,0.0021,58-11,False,,,,,,
,Chile,Hong Kong China,0.5413,0.0241,0.4347,25-23,False,,,,,,
,South Africa,Italy,0.9727,0.0036,0.0237,43-11,False,,,,,,
,South Africa,Georgia,0.9963,0.0006,0.0031,56-12,False,,,,,,
,South Africa,Romania,0.9986,0.0003,0.0011,60-11,False,,,,,,
,Italy,Georgia,0.7826,0.0175,0.1999,30-17,False,,,,,,
,Italy,Romania,0.9668,0.0043,0.029,45-14,False,,,,,,
,Georgia,Romania,0.8277,0.0151,0.1572,34-18,False,,,,,,
,Argentina,Fiji,0.8787,0.0118,0.1095,35-16,False,,,,,,
,Argentina,Canada,0.9967,0.0006,0.0028,57-12,False,,,,,,
,Argentina,Spain,0.9782,0.003,0.0188,43-9,False,,,,,,
,Fiji,Canada,0.9892,0.0016,0.0092,48-10,False,,,,,,
,Fiji,Spain,0.7678,0.0182,0.214,30-18,False,,,,,,
,Canada,Spain,0.1098,0.0119,0.8783,15-35,False,,,,,,
,Ireland,Scotland,0.5893,0.0235,0.3872,30-26,False,,,,,,
,Ireland,Uruguay,0.9922,0.0012,0.0066,54-13,False,,,,,,
,Ireland,Portugal,0.9958,0.0007,0.0035,56-12,False,,,,,,
,Scotland,Uruguay,0.9719,0.0037,0.0244,44-13,False,,,,,,
,Scotland,Portugal,0.9881,0.0018,0.0101,48-10,False,,,,,,
,Uruguay,Portugal,0.5291,0.0241,0.4467,25-23,False,,,,,,
,France,Japan,0.9436,0.0066,0.0498,39-12,False,,,,,,
,France,Samoa,0.9949,0.0008,0.0043,52-10,False,,,,,,
,France,United States,0.9969,0.0005,0.0026,58-12,False,,,,,,
,Japan,Samoa,0.6481,0.0223,0.3296,26-19,False,,,,,,
,Japan,United States,0.7069,0.0206,0.2725,30-21,False,,,,,,
,Samoa,United States,0.7357,0.0195,0.2448,30-19,False,,,,,,
,England,Wales,0.8203,0.0155,0.1642,34-18,False,,,,,,
,England,Tonga,0.9857,0.0021,0.0122,46-9,False,,,,,,
,England,Zimbabwe,0.9976,0.0004,0.002,55-9,False,,,,,,
,Wales,Tonga,0.8333,0.0148,0.1519,34-18,False,,,,,,
,Wales,Zimbabwe,0.8794,0.0118,0.1088,36-16,False,,,,,,
,Tonga,Zimbabwe,0.6596,0.022,0.3184,30-22,False,,,,,,
,Australia,New Zealand,0.3231,0.0221,0.6548,22-29,False,,,,,,
,Australia,Chile,0.9468,0.0063,0.0469,41-14,False,,,,,,
,Australia,Hong Kong China,0.9848,0.0022,0.0131,45-9,False,,,,,,
,New Zealand,Chile,0.9976,0.0004,0.002,58-11,False,,,,,,
,New Zealand,Hong Kong China,0.9974,0.0004,0.0021,58-11,False,,,,,,
,Chile,Hong Kong China,0.5413,0.0241,0.4347,25-23,False,,,,,,
,South Africa,Italy,0.9727,0.0036,0.0237,43-11,False,,,,,,
,South Africa,Georgia,0.9963,0.0006,0.0031,56-12,False,,,,,,
,South Africa,Romania,0.9986,0.0003,0.0011,60-11,False,,,,,,
,Italy,Georgia,0.7826,0.0175,0.1999,30-17,False,,,,,,
,Italy,Romania,0.9668,0.0043,0.029,45-14,False,,,,,,
,Georgia,Romania,0.8277,0.0151,0.1572,34-18,False,,,,,,
,Argentina,Fiji,0.8787,0.0118,0.1095,35-16,False,,,,,,
,Argentina,Canada,0.9967,0.0006,0.0028,57-12,False,,,,,,
,Argentina,Spain,0.9782,0.003,0.0188,43-9,False,,,,,,
,Fiji,Canada,0.9892,0.0016,0.0092,48-10,False,,,,,,
,Fiji,Spain,0.7678,0.0182,0.214,30-18,False,,,,,,
,Canada,Spain,0.1098,0.0119,0.8783,15-35,False,,,,,,
,Ireland,Scotland,0.5893,0.0235,0.3872,30-26,False,,,,,,
,Ireland,Uruguay,0.9922,0.0012,0.0066,54-13,False,,,,,,
,Ireland,Portugal,0.9958,0.0007,0.0035,56-12,False,,,,,,
,Scotland,Uruguay,0.9719,0.0037,0.0244,44-13,False,,,,,,
,Scotland,Portugal,0.9881,0.0018,0.0101,48-10,False,,,,,,
,Uruguay,Portugal,0.5291,0.0241,0.4467,25-23,False,,,,,,
,France,Japan,0.9436,0.0066,0.0498,39-12,False,,,,,,
,France,Samoa,0.9949,0.0008,0.0043,52-10,False,,,,,,
,France,United States,0.9969,0.0005,0.0026,58-12,False,,,,,,
,Japan,Samoa,0.6481,0.0223,0.3296,26-19,False,,,,,,
,Japan,United States,0.7069,0.0206,0.2725,30-21,False,,,,,,
,Samoa,United States,0.7357,0.0195,0.2448,30-19,False,,,,,,
,England,Wales,0.8203,0.0155,0.1642,34-18,False,,,,,,
,England,Tonga,0.9857,0.0021,0.0122,46-9,False,,,,,,
,England,Zimbabwe,0.9976,0.0004,0.002,55-9,False,,,,,,
,Wales,Tonga,0.8333,0.0148,0.1519,34-18,False,,,,,,
,Wales,Zimbabwe,0.8794,0.0118,0.1088,36-16,False,,,,,,
,Tonga,Zimbabwe,0.6596,0.022,0.3184,30-22,False,,,,,,
,Australia,New Zealand,0.3231,0.0221,0.6548,22-29,False,,,,,,
,Australia,Chile,0.9468,0.0063,0.0469,41-14,False,,,,,,
,Australia,Hong Kong China,0.9848,0.0022,0.0131,45-9,False,,,,,,
,New Zealand,Chile,0.9976,0.0004,0.002,58-11,False,,,,,,
,New Zealand,Hong Kong China,0.9974,0.0004,0.0021,58-11,False,,,,,,
,Chile,Hong Kong China,0.5413,0.0241,0.4347,25-23,False,,,,,,
,South Africa,Italy,0.9727,0.0036,0.0237,43-11,False,,,,,,
,South Africa,Georgia,0.9963,0.0006,0.0031,56-12,False,,,,,,
,South Africa,Romania,0.9986,0.0003,0.0011,60-11,False,,,,,,
,Italy,Georgia,0.7826,0.0175,0.1999,30-17,False,,,,,,
,Italy,Romania,0.9668,0.0043,0.029,45-14,False,,,,,,
,Georgia,Romania,0.8277,0.0151,0.1572,34-18,False,,,,,,
,Argentina,Fiji,0.8787,0.0118,0.1095,35-16,False,,,,,,
,Argentina,Canada,0.9967,0.0006,0.0028,57-12,False,,,,,,
,Argentina,Spain,0.9782,0.003,0.0188,43-9,False,,,,,,
,Fiji,Canada,0.9892,0.0016,0.0092,48-10,False,,,,,,
,Fiji,Spain,0.7678,0.0182,0.214,30-18,False,,,,,,
,Canada,Spain,0.1098,0.0119,0.8783,15-35,False,,,,,,
,Ireland,Scotland,0.5893,0.0235,0.3872,30-26,False,,,,,,
,Ireland,Uruguay,0.9922,0.0012,0.0066,54-13,False,,,,,,
,Ireland,Portugal,0.9958,0.0007,0.0035,56-12,False,,,,,,
,Scotland,Uruguay,0.9719,0.0037,0.0244,44-13,False,,,,,,
,Scotland,Portugal,0.9881,0.0018,0.0101,48-10,False,,,,,,
,Uruguay,Portugal,0.5291,0.0241,0.4467,25-23,False,,,,,,
,France,Japan,0.9436,0.0066,0.0498,39-12,False,,,,,,
,France,Samoa,0.9949,0.0008,0.0043,52-10,False,,,,,,
,France,United States,0.9969,0.0005,0.0026,58-12,False,,,,,,
,Japan,Samoa,0.6481,0.0223,0.3296,26-19,False,,,,,,
,Japan,United States,0.7069,0.0206,0.2725,30-21,False,,,,,,
,Samoa,United States,0.7357,0.0195,0.2448,30-19,False,,,,,,
,England,Wales,0.8203,0.0155,0.1642,34-18,False,,,,,,
,England,Tonga,0.9857,0.0021,0.0122,46-9,False,,,,,,
,England,Zimbabwe,0.9976,0.0004,0.002,55-9,False,,,,,,
,Wales,Tonga,0.8333,0.0148,0.1519,34-18,False,,,,,,
,Wales,Zimbabwe,0.8794,0.0118,0.1088,36-16,False,,,,,,
,Tonga,Zimbabwe,0.6596,0.022,0.3184,30-22,False,,,,,,
,Australia,New Zealand,0.3231,0.0221,0.6548,22-29,False,,,,,,
,Australia,Chile,0.9468,0.0063,0.0469,41-14,False,,,,,,
,Australia,Hong Kong China,0.9848,0.0022,0.0131,45-9,False,,,,,,
,New Zealand,Chile,0.9976,0.0004,0.002,58-11,False,,,,,,
,New Zealand,Hong Kong China,0.9974,0.0004,0.0021,58-11,False,,,,,,
,Chile,Hong Kong China,0.5413,0.0241,0.4347,25-23,False,,,,,,
,South Africa,Italy,0.9727,0.0036,0.0237,43-11,False,,,,,,
,South Africa,Georgia,0.9963,0.0006,0.0031,56-12,False,,,,,,
,South Africa,Romania,0.9986,0.0003,0.0011,60-11,False,,,,,,
,Italy,Georgia,0.7826,0.0175,0.1999,30-17,False,,,,,,
,Italy,Romania,0.9668,0.0043,0.029,45-14,False,,,,,,
,Georgia,Romania,0.8277,0.0151,0.1572,34-18,False,,,,,,
,Argentina,Fiji,0.8787,0.0118,0.1095,35-16,False,,,,,,
,Argentina,Canada,0.9967,0.0006,0.0028,57-12,False,,,,,,
,Argentina,Spain,0.9782,0.003,0.0188,43-9,False,,,,,,
,Fiji,Canada,0.9892,0.0016,0.0092,48-10,False,,,,,,
,Fiji,Spain,0.7678,0.0182,0.214,30-18,False,,,,,,
,Canada,Spain,0.1098,0.0119,0.8783,15-35,False,,,,,,
,Ireland,Scotland,0.5893,0.0235,0.3872,30-26,False,,,,,,
,Ireland,Uruguay,0.9922,0.0012,0.0066,54-13,False,,,,,,
,Ireland,Portugal,0.9958,0.0007,0.0035,56-12,False,,,,,,
,Scotland,Uruguay,0.9719,0.0037,0.0244,44-13,False,,,,,,
,Scotland,Portugal,0.9881,0.0018,0.0101,48-10,False,,,,,,
,Uruguay,Portugal,0.5291,0.0241,0.4467,25-23,False,,,,,,
,France,Japan,0.9436,0.0066,0.0498,39-12,False,,,,,,
,France,Samoa,0.9949,0.0008,0.0043,52-10,False,,,,,,
,France,United States,0.9969,0.0005,0.0026,58-12,False,,,,,,
,Japan,Samoa,0.6481,0.0223,0.3296,26-19,False,,,,,,
,Japan,United States,0.7069,0.0206,0.2725,30-21,False,,,,,,
,Samoa,United States,0.7357,0.0195,0.2448,30-19,False,,,,,,
,England,Wales,0.8203,0.0155,0.1642,34-18,False,,,,,,
,England,Tonga,0.9857,0.0021,0.0122,46-9,False,,,,,,
,England,Zimbabwe,0.9976,0.0004,0.002,55-9,False,,,,,,
,Wales,Tonga,0.8333,0.0148,0.1519,34-18,False,,,,,,
,Wales,Zimbabwe,0.8794,0.0118,0.1088,36-16,False,,,,,,
,Tonga,Zimbabwe,0.6596,0.022,0.3184,30-22,False,,,,,,
,Australia,New Zealand,0.3231,0.0221,0.6548,22-29,False,,,,,,
,Australia,Chile,0.9468,0.0063,0.0469,41-14,False,,,,,,
,Australia,Hong Kong China,0.9848,0.0022,0.0131,45-9,False,,,,,,
,New Zealand,Chile,0.9976,0.0004,0.002,58-11,False,,,,,,
,New Zealand,Hong Kong China,0.9974,0.0004,0.0021,58-11,False,,,,,,
,Chile,Hong Kong China,0.5413,0.0241,0.4347,25-23,False,,,,,,
,South Africa,Italy,0.9727,0.0036,0.0237,43-11,False,,,,,,
,South Africa,Georgia,0.9963,0.0006,0.0031,56-12,False,,,,,,
,South Africa,Romania,0.9986,0.0003,0.0011,60-11,False,,,,,,
,Italy,Georgia,0.7826,0.0175,0.1999,30-17,False,,,,,,
,Italy,Romania,0.9668,0.0043,0.029,45-14,False,,,,,,
,Georgia,Romania,0.8277,0.0151,0.1572,34-18,False,,,,,,
,Argentina,Fiji,0.8787,0.0118,0.1095,35-16,False,,,,,,
,Argentina,Canada,0.9967,0.0006,0.0028,57-12,False,,,,,,
,Argentina,Spain,0.9782,0.003,0.0188,43-9,False,,,,,,
,Fiji,Canada,0.9892,0.0016,0.0092,48-10,False,,,,,,
,Fiji,Spain,0.7678,0.0182,0.214,30-18,False,,,,,,
,Canada,Spain,0.1098,0.0119,0.8783,15-35,False,,,,,,
,Ireland,Scotland,0.5893,0.0235,0.3872,30-26,False,,,,,,
,Ireland,Uruguay,0.9922,0.0012,0.0066,54-13,False,,,,,,
,Ireland,Portugal,0.9958,0.0007,0.0035,56-12,False,,,,,,
,Scotland,Uruguay,0.9719,0.0037,0.0244,44-13,False,,,,,,
,Scotland,Portugal,0.9881,0.0018,0.0101,48-10,False,,,,,,
,Uruguay,Portugal,0.5291,0.0241,0.4467,25-23,False,,,,,,
,France,Japan,0.9436,0.0066,0.0498,39-12,False,,,,,,
,France,Samoa,0.9949,0.0008,0.0043,52-10,False,,,,,,
,France,United States,0.9969,0.0005,0.0026,58-12,False,,,,,,
,Japan,Samoa,0.6481,0.0223,0.3296,26-19,False,,,,,,
,Japan,United States,0.7069,0.0206,0.2725,30-21,False,,,,,,
,Samoa,United States,0.7357,0.0195,0.2448,30-19,False,,,,,,
,England,Wales,0.8203,0.0155,0.1642,34-18,False,,,,,,
,England,Tonga,0.9857,0.0021,0.0122,46-9,False,,,,,,
,England,Zimbabwe,0.9976,0.0004,0.002,55-9,False,,,,,,
,Wales,Tonga,0.8333,0.0148,0.1519,34-18,False,,,,,,
,Wales,Zimbabwe,0.8794,0.0118,0.1088,36-16,False,,,,,,
,Tonga,Zimbabwe,0.6596,0.022,0.3184,30-22,False,,,,,,
,Australia,New Zealand,0.3231,0.0221,0.6548,22-29,False,,,,,,
,Australia,Chile,0.9468,0.0063,0.0469,41-14,False,,,,,,
,Australia,Hong Kong China,0.9848,0.0022,0.0131,45-9,False,,,,,,
,New Zealand,Chile,0.9976,0.0004,0.002,58-11,False,,,,,,
,New Zealand,Hong Kong China,0.9974,0.0004,0.0021,58-11,False,,,,,,
,Chile,Hong Kong China,0.5413,0.0241,0.4347,25-23,False,,,,,,
,South Africa,Italy,0.9727,0.0036,0.0237,43-11,False,,,,,,
,South Africa,Georgia,0.9963,0.0006,0.0031,56-12,False,,,,,,
,South Africa,Romania,0.9986,0.0003,0.0011,60-11,False,,,,,,
,Italy,Georgia,0.7826,0.0175,0.1999,30-17,False,,,,,,
,Italy,Romania,0.9668,0.0043,0.029,45-14,False,,,,,,
,Georgia,Romania,0.8277,0.0151,0.1572,34-18,False,,,,,,
,Argentina,Fiji,0.8787,0.0118,0.1095,35-16,False,,,,,,
,Argentina,Canada,0.9967,0.0006,0.0028,57-12,False,,,,,,
,Argentina,Spain,0.9782,0.003,0.0188,43-9,False,,,,,,
,Fiji,Canada,0.9892,0.0016,0.0092,48-10,False,,,,,,
,Fiji,Spain,0.7678,0.0182,0.214,30-18,False,,,,,,
,Canada,Spain,0.1098,0.0119,0.8783,15-35,False,,,,,,
,Ireland,Scotland,0.5893,0.0235,0.3872,30-26,False,,,,,,
,Ireland,Uruguay,0.9922,0.0012,0.0066,54-13,False,,,,,,
,Ireland,Portugal,0.9958,0.0007,0.0035,56-12,False,,,,,,
,Scotland,Uruguay,0.9719,0.0037,0.0244,44-13,False,,,,,,
,Scotland,Portugal,0.9881,0.0018,0.0101,48-10,False,,,,,,
,Uruguay,Portugal,0.5291,0.0241,0.4467,25-23,False,,,,,,
,France,Japan,0.9436,0.0066,0.0498,39-12,False,,,,,,
,France,Samoa,0.9949,0.0008,0.0043,52-10,False,,,,,,
,France,United States,0.9969,0.0005,0.0026,58-12,False,,,,,,
,Japan,Samoa,0.6481,0.0223,0.3296,26-19,False,,,,,,
,Japan,United States,0.7069,0.0206,0.2725,30-21,False,,,,,,
,Samoa,United States,0.7357,0.0195,0.2448,30-19,False,,,,,,
,England,Wales,0.8203,0.0155,0.1642,34-18,False,,,,,,
,England,Tonga,0.9857,0.0021,0.0122,46-9,False,,,,,,
,England,Zimbabwe,0.9976,0.0004,0.002,55-9,False,,,,,,
,Wales,Tonga,0.8333,0.0148,0.1519,34-18,False,,,,,,
,Wales,Zimbabwe,0.8794,0.0118,0.1088,36-16,False,,,,,,
,Tonga,Zimbabwe,0.6596,0.022,0.3184,30-22,False,,,,,,
,Australia,New Zealand,0.3231,0.0221,0.6548,22-29,False,,,,,,
,Australia,Chile,0.9468,0.0063,0.0469,41-14,False,,,,,,
,Australia,Hong Kong China,0.9848,0.0022,0.0131,45-9,False,,,,,,
,New Zealand,Chile,0.9976,0.0004,0.002,58-11,False,,,,,,
,New Zealand,Hong Kong China,0.9974,0.0004,0.0021,58-11,False,,,,,,
,Chile,Hong Kong China,0.5413,0.0241,0.4347,25-23,False,,,,,,
,South Africa,Italy,0.9727,0.0036,0.0237,43-11,False,,,,,,
,South Africa,Georgia,0.9963,0.0006,0.0031,56-12,False,,,,,,
,South Africa,Romania,0.9986,0.0003,0.0011,60-11,False,,,,,,
,Italy,Georgia,0.7826,0.0175,0.1999,30-17,False,,,,,,
,Italy,Romania,0.9668,0.0043,0.029,45-14,False,,,,,,
,Georgia,Romania,0.8277,0.0151,0.1572,34-18,False,,,,,,
,Argentina,Fiji,0.8787,0.0118,0.1095,35-16,False,,,,,,
,Argentina,Canada,0.9967,0.0006,0.0028,57-12,False,,,,,,
,Argentina,Spain,0.9782,0.003,0.0188,43-9,False,,,,,,
,Fiji,Canada,0.9892,0.0016,0.0092,48-10,False,,,,,,
,Fiji,Spain,0.7678,0.0182,0.214,30-18,False,,,,,,
,Canada,Spain,0.1098,0.0119,0.8783,15-35,False,,,,,,
,Ireland,Scotland,0.5893,0.0235,0.3872,30-26,False,,,,,,
,Ireland,Uruguay,0.9922,0.0012,0.0066,54-13,False,,,,,,
,Ireland,Portugal,0.9958,0.0007,0.0035,56-12,False,,,,,,
,Scotland,Uruguay,0.9719,0.0037,0.0244,44-13,False,,,,,,
,Scotland,Portugal,0.9881,0.0018,0.0101,48-10,False,,,,,,
,Uruguay,Portugal,0.5291,0.0241,0.4467,25-23,False,,,,,,
,France,Japan,0.9436,0.0066,0.0498,39-12,False,,,,,,
,France,Samoa,0.9949,0.0008,0.0043,52-10,False,,,,,,
,France,United States,0.9969,0.0005,0.0026,58-12,False,,,,,,
,Japan,Samoa,0.6481,0.0223,0.3296,26-19,False,,,,,,
,Japan,United States,0.7069,0.0206,0.2725,30-21,False,,,,,,
,Samoa,United States,0.7357,0.0195,0.2448,30-19,False,,,,,,
,England,Wales,0.8203,0.0155,0.1642,34-18,False,,,,,,
,England,Tonga,0.9857,0.0021,0.0122,46-9,False,,,,,,
,England,Zimbabwe,0.9976,0.0004,0.002,55-9,False,,,,,,
,Wales,Tonga,0.8333,0.0148,0.1519,34-18,False,,,,,,
,Wales,Zimbabwe,0.8794,0.0118,0.1088,36-16,False,,,,,,
,Tonga,Zimbabwe,0.6596,0.022,0.3184,30-22,False,,,,,,
,Australia,New Zealand,0.3231,0.0221,0.6548,22-29,False,,,,,,
,Australia,Chile,0.9468,0.0063,0.0469,41-14,False,,,,,,
,Australia,Hong Kong China,0.9848,0.0022,0.0131,45-9,False,,,,,,
,New Zealand,Chile,0.9976,0.0004,0.002,58-11,False,,,,,,
,New Zealand,Hong Kong China,0.9974,0.0004,0.0021,58-11,False,,,,,,
,Chile,Hong Kong China,0.5413,0.0241,0.4347,25-23,False,,,,,,
,South Africa,Italy,0.9727,0.0036,0.0237,43-11,False,,,,,,
,South Africa,Georgia,0.9963,0.0006,0.0031,56-12,False,,,,,,
,South Africa,Romania,0.9986,0.0003,0.0011,60-11,False,,,,,,
,Italy,Georgia,0.7826,0.0175,0.1999,30-17,False,,,,,,
,Italy,Romania,0.9668,0.0043,0.029,45-14,False,,,,,,
,Georgia,Romania,0.8277,0.0151,0.1572,34-18,False,,,,,,
,Argentina,Fiji,0.8787,0.0118,0.1095,35-16,False,,,,,,
,Argentina,Canada,0.9967,0.0006,0.0028,57-12,False,,,,,,
,Argentina,Spain,0.9782,0.003,0.0188,43-9,False,,,,,,
,Fiji,Canada,0.9892,0.0016,0.0092,48-10,False,,,,,,
,Fiji,Spain,0.7678,0.0182,0.214,30-18,False,,,,,,
,Canada,Spain,0.1098,0.0119,0.8783,15-35,False,,,,,,
,Ireland,Scotland,0.5893,0.0235,0.3872,30-26,False,,,,,,
,Ireland,Uruguay,0.9922,0.0012,0.0066,54-13,False,,,,,,
,Ireland,Portugal,0.9958,0.0007,0.0035,56-12,False,,,,,,
,Scotland,Uruguay,0.9719,0.0037,0.0244,44-13,False,,,,,,
,Scotland,Portugal,0.9881,0.0018,0.0101,48-10,False,,,,,,
,Uruguay,Portugal,0.5291,0.0241,0.4467,25-23,False,,,,,,
,France,Japan,0.9436,0.0066,0.0498,39-12,False,,,,,,
,France,Samoa,0.9949,0.0008,0.0043,52-10,False,,,,,,
,France,United States,0.9969,0.0005,0.0026,58-12,False,,,,,,
,Japan,Samoa,0.6481,0.0223,0.3296,26-19,False,,,,,,
,Japan,United States,0.7069,0.0206,0.2725,30-21,False,,,,,,
,Samoa,United States,0.7357,0.0195,0.2448,30-19,False,,,,,,
,England,Wales,0.8203,0.0155,0.1642,34-18,False,,,,,,
,England,Tonga,0.9857,0.0021,0.0122,46-9,False,,,,,,
,England,Zimbabwe,0.9976,0.0004,0.002,55-9,False,,,,,,
,Wales,Tonga,0.8333,0.0148,0.1519,34-18,False,,,,,,
,Wales,Zimbabwe,0.8794,0.0118,0.1088,36-16,False,,,,,,
,Tonga,Zimbabwe,0.6596,0.022,0.3184,30-22,False,,,,,,
,Australia,New Zealand,0.3231,0.0221,0.6548,22-29,False,,,,,,
,Australia,Chile,0.9468,0.0063,0.0469,41-14,False,,,,,,
,Australia,Hong Kong China,0.9848,0.0022,0.0131,45-9,False,,,,,,
,New Zealand,Chile,0.9976,0.0004,0.002,58-11,False,,,,,,
,New Zealand,Hong Kong China,0.9974,0.0004,0.0021,58-11,False,,,,,,
,Chile,Hong Kong China,0.5413,0.0241,0.4347,25-23,False,,,,,,
,South Africa,Italy,0.9727,0.0036,0.0237,43-11,False,,,,,,
,South Africa,Georgia,0.9963,0.0006,0.0031,56-12,False,,,,,,
,South Africa,Romania,0.9986,0.0003,0.0011,60-11,False,,,,,,
,Italy,Georgia,0.7826,0.0175,0.1999,30-17,False,,,,,,
,Italy,Romania,0.9668,0.0043,0.029,45-14,False,,,,,,
,Georgia,Romania,0.8277,0.0151,0.1572,34-18,False,,,,,,
,Argentina,Fiji,0.8787,0.0118,0.1095,35-16,False,,,,,,
,Argentina,Canada,0.9967,0.0006,0.0028,57-12,False,,,,,,
,Argentina,Spain,0.9782,0.003,0.0188,43-9,False,,,,,,
,Fiji,Canada,0.9892,0.0016,0.0092,48-10,False,,,,,,
,Fiji,Spain,0.7678,0.0182,0.214,30-18,False,,,,,,
,Canada,Spain,0.1098,0.0119,0.8783,15-35,False,,,,,,
,Ireland,Scotland,0.5893,0.0235,0.3872,30-26,False,,,,,,
,Ireland,Uruguay,0.9922,0.0012,0.0066,54-13,False,,,,,,
,Ireland,Portugal,0.9958,0.0007,0.0035,56-12,False,,,,,,
,Scotland,Uruguay,0.9719,0.0037,0.0244,44-13,False,,,,,,
,Scotland,Portugal,0.9881,0.0018,0.0101,48-10,False,,,,,,
,Uruguay,Portugal,0.5291,0.0241,0.4467,25-23,False,,,,,,
,France,Japan,0.9436,0.0066,0.0498,39-12,False,,,,,,
,France,Samoa,0.9949,0.0008,0.0043,52-10,False,,,,,,
,France,United States,0.9969,0.0005,0.0026,58-12,False,,,,,,
,Japan,Samoa,0.6481,0.0223,0.3296,26-19,False,,,,,,
,Japan,United States,0.7069,0.0206,0.2725,30-21,False,,,,,,
,Samoa,United States,0.7357,0.0195,0.2448,30-19,False,,,,,,
,England,Wales,0.8203,0.0155,0.1642,34-18,False,,,,,,
,England,Tonga,0.9857,0.0021,0.0122,46-9,False,,,,,,
,England,Zimbabwe,0.9976,0.0004,0.002,55-9,False,,,,,,
,Wales,Tonga,0.8333,0.0148,0.1519,34-18,False,,,,,,
,Wales,Zimbabwe,0.8794,0.0118,0.1088,36-16,False,,,,,,
,Tonga,Zimbabwe,0.6596,0.022,0.3184,30-22,False,,,,,,
,Australia,New Zealand,0.3231,0.0221,0.6548,22-29,False,,,,,,
,Australia,Chile,0.9468,0.0063,0.0469,41-14,False,,,,,,
,Australia,Hong Kong China,0.9848,0.0022,0.0131,45-9,False,,,,,,
,New Zealand,Chile,0.9976,0.0004,0.002,58-11,False,,,,,,
,New Zealand,Hong Kong China,0.9974,0.0004,0.0021,58-11,False,,,,,,
,Chile,Hong Kong China,0.5413,0.0241,0.4347,25-23,False,,,,,,
,South Africa,Italy,0.9727,0.0036,0.0237,43-11,False,,,,,,
,South Africa,Georgia,0.9963,0.0006,0.0031,56-12,False,,,,,,
,South Africa,Romania,0.9986,0.0003,0.0011,60-11,False,,,,,,
,Italy,Georgia,0.7826,0.0175,0.1999,30-17,False,,,,,,
,Italy,Romania,0.9668,0.0043,0.029,45-14,False,,,,,,
,Georgia,Romania,0.8277,0.0151,0.1572,34-18,False,,,,,,
,Argentina,Fiji,0.8787,0.0118,0.1095,35-16,False,,,,,,
,Argentina,Canada,0.9967,0.0006,0.0028,57-12,False,,,,,,
,Argentina,Spain,0.9782,0.003,0.0188,43-9,False,,,,,,
,Fiji,Canada,0.9892,0.0016,0.0092,48-10,False,,,,,,
,Fiji,Spain,0.7678,0.0182,0.214,30-18,False,,,,,,
,Canada,Spain,0.1098,0.0119,0.8783,15-35,False,,,,,,
,Ireland,Scotland,0.5893,0.0235,0.3872,30-26,False,,,,,,
,Ireland,Uruguay,0.9922,0.0012,0.0066,54-13,False,,,,,,
,Ireland,Portugal,0.9958,0.0007,0.0035,56-12,False,,,,,,
,Scotland,Uruguay,0.9719,0.0037,0.0244,44-13,False,,,,,,
,Scotland,Portugal,0.9881,0.0018,0.0101,48-10,False,,,,,,
,Uruguay,Portugal,0.5291,0.0241,0.4467,25-23,False,,,,,,
,France,Japan,0.9436,0.0066,0.0498,39-12,False,,,,,,
,France,Samoa,0.9949,0.0008,0.0043,52-10,False,,,,,,
,France,United States,0.9969,0.0005,0.0026,58-12,False,,,,,,
,Japan,Samoa,0.6481,0.0223,0.3296,26-19,False,,,,,,
,Japan,United States,0.7069,0.0206,0.2725,30-21,False,,,,,,
,Samoa,United States,0.7357,0.0195,0.2448,30-19,False,,,,,,
,England,Wales,0.8203,0.0155,0.1642,34-18,False,,,,,,
,England,Tonga,0.9857,0.0021,0.0122,46-9,False,,,,,,
,England,Zimbabwe,0.9976,0.0004,0.002,55-9,False,,,,,,
,Wales,Tonga,0.8333,0.0148,0.1519,34-18,False,,,,,,
,Wales,Zimbabwe,0.8794,0.0118,0.1088,36-16,False,,,,,,
,Tonga,Zimbabwe,0.6596,0.022,0.3184,30-22,False,,,,,,
,Australia,New Zealand,0.3231,0.0221,0.6548,22-29,False,,,,,,
,Australia,Chile,0.9468,0.0063,0.0469,41-14,False,,,,,,
,Australia,Hong Kong China,0.9848,0.0022,0.0131,45-9,False,,,,,,
,New Zealand,Chile,0.9976,0.0004,0.002,58-11,False,,,,,,
,New Zealand,Hong Kong China,0.9974,0.0004,0.0021,58-11,False,,,,,,
,Chile,Hong Kong China,0.5413,0.0241,0.4347,25-23,False,,,,,,
,South Africa,Italy,0.9727,0.0036,0.0237,43-11,False,,,,,,
,South Africa,Georgia,0.9963,0.0006,0.0031,56-12,False,,,,,,
,South Africa,Romania,0.9986,0.0003,0.0011,60-11,False,,,,,,
,Italy,Georgia,0.7826,0.0175,0.1999,30-17,False,,,,,,
,Italy,Romania,0.9668,0.0043,0.029,45-14,False,,,,,,
,Georgia,Romania,0.8277,0.0151,0.1572,34-18,False,,,,,,
,Argentina,Fiji,0.8787,0.0118,0.1095,35-16,False,,,,,,
,Argentina,Canada,0.9967,0.0006,0.0028,57-12,False,,,,,,
,Argentina,Spain,0.9782,0.003,0.0188,43-9,False,,,,,,
,Fiji,Canada,0.9892,0.0016,0.0092,48-10,False,,,,,,
,Fiji,Spain,0.7678,0.0182,0.214,30-18,False,,,,,,
,Canada,Spain,0.1098,0.0119,0.8783,15-35,False,,,,,,
,Ireland,Scotland,0.5893,0.0235,0.3872,30-26,False,,,,,,
,Ireland,Uruguay,0.9922,0.0012,0.0066,54-13,False,,,,,,
,Ireland,Portugal,0.9958,0.0007,0.0035,56-12,False,,,,,,
,Scotland,Uruguay,0.9719,0.0037,0.0244,44-13,False,,,,,,
,Scotland,Portugal,0.9881,0.0018,0.0101,48-10,False,,,,,,
,Uruguay,Portugal,0.5291,0.0241,0.4467,25-23,False,,,,,,
,France,Japan,0.9436,0.0066,0.0498,39-12,False,,,,,,
,France,Samoa,0.9949,0.0008,0.0043,52-10,False,,,,,,
,France,United States,0.9969,0.0005,0.0026,58-12,False,,,,,,
,Japan,Samoa,0.6481,0.0223,0.3296,26-19,False,,,,,,
,Japan,United States,0.7069,0.0206,0.2725,30-21,False,,,,,,
,Samoa,United States,0.7357,0.0195,0.2448,30-19,False,,,,,,
,England,Wales,0.8203,0.0155,0.1642,34-18,False,,,,,,
,England,Tonga,0.9857,0.0021,0.0122,46-9,False,,,,,,
,England,Zimbabwe,0.9976,0.0004,0.002,55-9,False,,,,,,
,Wales,Tonga,0.8333,0.0148,0.1519,34-18,False,,,,,,
,Wales,Zimbabwe,0.8794,0.0118,0.1088,36-16,False,,,,,,
,Tonga,Zimbabwe,0.6596,0.022,0.3184,30-22,False,,,,,,
,Australia,New Zealand,0.3231,0.0221,0.6548,22-29,False,,,,,,
,Australia,Chile,0.9468,0.0063,0.0469,41-14,False,,,,,,
,Australia,Hong Kong China,0.9848,0.0022,0.0131,45-9,False,,,,,,
,New Zealand,Chile,0.9976,0.0004,0.002,58-11,False,,,,,,
,New Zealand,Hong Kong China,0.9974,0.0004,0.0021,58-11,False,,,,,,
,Chile,Hong Kong China,0.5413,0.0241,0.4347,25-23,False,,,,,,
,South Africa,Italy,0.9727,0.0036,0.0237,43-11,False,,,,,,
,South Africa,Georgia,0.9963,0.0006,0.0031,56-12,False,,,,,,
,South Africa,Romania,0.9986,0.0003,0.0011,60-11,False,,,,,,
,Italy,Georgia,0.7826,0.0175,0.1999,30-17,False,,,,,,
,Italy,Romania,0.9668,0.0043,0.029,45-14,False,,,,,,
,Georgia,Romania,0.8277,0.0151,0.1572,34-18,False,,,,,,
,Argentina,Fiji,0.8787,0.0118,0.1095,35-16,False,,,,,,
,Argentina,Canada,0.9967,0.0006,0.0028,57-12,False,,,,,,
,Argentina,Spain,0.9782,0.003,0.0188,43-9,False,,,,,,
,Fiji,Canada,0.9892,0.0016,0.0092,48-10,False,,,,,,
,Fiji,Spain,0.7678,0.0182,0.214,30-18,False,,,,,,
,Canada,Spain,0.1098,0.0119,0.8783,15-35,False,,,,,,
,Ireland,Scotland,0.5893,0.0235,0.3872,30-26,False,,,,,,
,Ireland,Uruguay,0.9922,0.0012,0.0066,54-13,False,,,,,,
,Ireland,Portugal,0.9958,0.0007,0.0035,56-12,False,,,,,,
,Scotland,Uruguay,0.9719,0.0037,0.0244,44-13,False,,,,,,
,Scotland,Portugal,0.9881,0.0018,0.0101,48-10,False,,,,,,
,Uruguay,Portugal,0.5291,0.0241,0.4467,25-23,False,,,,,,
,France,Japan,0.9436,0.0066,0.0498,39-12,False,,,,,,
,France,Samoa,0.9949,0.0008,0.0043,52-10,False,,,,,,
,France,United States,0.9969,0.0005,0.0026,58-12,False,,,,,,
,Japan,Samoa,0.6481,0.0223,0.3296,26-19,False,,,,,,
,Japan,United States,0.7069,0.0206,0.2725,30-21,False,,,,,,
,Samoa,United States,0.7357,0.0195,0.2448,30-19,False,,,,,,
,England,Wales,0.8203,0.0155,0.1642,34-18,False,,,,,,
,England,Tonga,0.9857,0.0021,0.0122,46-9,False,,,,,,
,England,Zimbabwe,0.9976,0.0004,0.002,55-9,False,,,,,,
,Wales,Tonga,0.8333,0.0148,0.1519,34-18,False,,,,,,
,Wales,Zimbabwe,0.8794,0.0118,0.1088,36-16,False,,,,,,
,Tonga,Zimbabwe,0.6596,0.022,0.3184,30-22,False,,,,,,
,Australia,New Zealand,0.3231,0.0221,0.6548,22-29,False,,,,,,
,Australia,Chile,0.9468,0.0063,0.0469,41-14,False,,,,,,
,Australia,Hong Kong China,0.9848,0.0022,0.0131,45-9,False,,,,,,
,New Zealand,Chile,0.9976,0.0004,0.002,58-11,False,,,,,,
,New Zealand,Hong Kong China,0.9974,0.0004,0.0021,58-11,False,,,,,,
,Chile,Hong Kong China,0.5413,0.0241,0.4347,25-23,False,,,,,,
,South Africa,Italy,0.9727,0.0036,0.0237,43-11,False,,,,,,
,South Africa,Georgia,0.9963,0.0006,0.0031,56-12,False,,,,,,
,South Africa,Romania,0.9986,0.0003,0.0011,60-11,False,,,,,,
,Italy,Georgia,0.7826,0.0175,0.1999,30-17,False,,,,,,
,Italy,Romania,0.9668,0.0043,0.029,45-14,False,,,,,,
,Georgia,Romania,0.8277,0.0151,0.1572,34-18,False,,,,,,
,Argentina,Fiji,0.8787,0.0118,0.1095,35-16,False,,,,,,
,Argentina,Canada,0.9967,0.0006,0.0028,57-12,False,,,,,,
,Argentina,Spain,0.9782,0.003,0.0188,43-9,False,,,,,,
,Fiji,Canada,0.9892,0.0016,0.0092,48-10,False,,,,,,
,Fiji,Spain,0.7678,0.0182,0.214,30-18,False,,,,,,
,Canada,Spain,0.1098,0.0119,0.8783,15-35,False,,,,,,
,Ireland,Scotland,0.5893,0.0235,0.3872,30-26,False,,,,,,
,Ireland,Uruguay,0.9922,0.0012,0.0066,54-13,False,,,,,,
,Ireland,Portugal,0.9958,0.0007,0.0035,56-12,False,,,,,,
,Scotland,Uruguay,0.9719,0.0037,0.0244,44-13,False,,,,,,
,Scotland,Portugal,0.9881,0.0018,0.0101,48-10,False,,,,,,
,Uruguay,Portugal,0.5291,0.0241,0.4467,25-23,False,,,,,,
,France,Japan,0.9436,0.0066,0.0498,39-12,False,,,,,,
,France,Samoa,0.9949,0.0008,0.0043,52-10,False,,,,,,
,France,United States,0.9969,0.0005,0.0026,58-12,False,,,,,,
,Japan,Samoa,0.6481,0.0223,0.3296,26-19,False,,,,,,
,Japan,United States,0.7069,0.0206,0.2725,30-21,False,,,,,,
,Samoa,United States,0.7357,0.0195,0.2448,30-19,False,,,,,,
,England,Wales,0.8203,0.0155,0.1642,34-18,False,,,,,,
,England,Tonga,0.9857,0.0021,0.0122,46-9,False,,,,,,
,England,Zimbabwe,0.9976,0.0004,0.002,55-9,False,,,,,,
,Wales,Tonga,0.8333,0.0148,0.1519,34-18,False,,,,,,
,Wales,Zimbabwe,0.8794,0.0118,0.1088,36-16,False,,,,,,
,Tonga,Zimbabwe,0.6596,0.022,0.3184,30-22,False,,,,,,
,Australia,New Zealand,0.3231,0.0221,0.6548,22-29,False,,,,,,
,Australia,Chile,0.9468,0.0063,0.0469,41-14,False,,,,,,
,Australia,Hong Kong China,0.9848,0.0022,0.0131,45-9,False,,,,,,
,New Zealand,Chile,0.9976,0.0004,0.002,58-11,False,,,,,,
,New Zealand,Hong Kong China,0.9974,0.0004,0.0021,58-11,False,,,,,,
,Chile,Hong Kong China,0.5413,0.0241,0.4347,25-23,False,,,,,,
,South Africa,Italy,0.9727,0.0036,0.0237,43-11,False,,,,,,
,South Africa,Georgia,0.9963,0.0006,0.0031,56-12,False,,,,,,
,South Africa,Romania,0.9986,0.0003,0.0011,60-11,False,,,,,,
,Italy,Georgia,0.7826,0.0175,0.1999,30-17,False,,,,,,
,Italy,Romania,0.9668,0.0043,0.029,45-14,False,,,,,,
,Georgia,Romania,0.8277,0.0151,0.1572,34-18,False,,,,,,
,Argentina,Fiji,0.8787,0.0118,0.1095,35-16,False,,,,,,
,Argentina,Canada,0.9967,0.0006,0.0028,57-12,False,,,,,,
,Argentina,Spain,0.9782,0.003,0.0188,43-9,False,,,,,,
,Fiji,Canada,0.9892,0.0016,0.0092,48-10,False,,,,,,
,Fiji,Spain,0.7678,0.0182,0.214,30-18,False,,,,,,
,Canada,Spain,0.1098,0.0119,0.8783,15-35,False,,,,,,
,Ireland,Scotland,0.5893,0.0235,0.3872,30-26,False,,,,,,
,Ireland,Uruguay,0.9922,0.0012,0.0066,54-13,False,,,,,,
,Ireland,Portugal,0.9958,0.0007,0.0035,56-12,False,,,,,,
,Scotland,Uruguay,0.9719,0.0037,0.0244,44-13,False,,,,,,
,Scotland,Portugal,0.9881,0.0018,0.0101,48-10,False,,,,,,
,Uruguay,Portugal,0.5291,0.0241,0.4467,25-23,False,,,,,,
,France,Japan,0.9436,0.0066,0.0498,39-12,False,,,,,,
,France,Samoa,0.9949,0.0008,0.0043,52-10,False,,,,,,
,France,United States,0.9969,0.0005,0.0026,58-12,False,,,,,,
,Japan,Samoa,0.6481,0.0223,0.3296,26-19,False,,,,,,
,Japan,United States,0.7069,0.0206,0.2725,30-21,False,,,,,,
,Samoa,United States,0.7357,0.0195,0.2448,30-19,False,,,,,,
,England,Wales,0.8203,0.0155,0.1642,34-18,False,,,,,,
,England,Tonga,0.9857,0.0021,0.0122,46-9,False,,,,,,
,England,Zimbabwe,0.9976,0.0004,0.002,55-9,False,,,,,,
,Wales,Tonga,0.8333,0.0148,0.1519,34-18,False,,,,,,
,Wales,Zimbabwe,0.8794,0.0118,0.1088,36-16,False,,,,,,
,Tonga,Zimbabwe,0.6596,0.022,0.3184,30-22,False,,,,,,
,Australia,New Zealand,0.3231,0.0221,0.6548,22-29,False,,,,,,
,Australia,Chile,0.9468,0.0063,0.0469,41-14,False,,,,,,
,Australia,Hong Kong China,0.9848,0.0022,0.0131,45-9,False,,,,,,
,New Zealand,Chile,0.9976,0.0004,0.002,58-11,False,,,,,,
,New Zealand,Hong Kong China,0.9974,0.0004,0.0021,58-11,False,,,,,,
,Chile,Hong Kong China,0.5413,0.0241,0.4347,25-23,False,,,,,,
,South Africa,Italy,0.9727,0.0036,0.0237,43-11,False,,,,,,
,South Africa,Georgia,0.9963,0.0006,0.0031,56-12,False,,,,,,
,South Africa,Romania,0.9986,0.0003,0.0011,60-11,False,,,,,,
,Italy,Georgia,0.7826,0.0175,0.1999,30-17,False,,,,,,
,Italy,Romania,0.9668,0.0043,0.029,45-14,False,,,,,,
,Georgia,Romania,0.8277,0.0151,0.1572,34-18,False,,,,,,
,Argentina,Fiji,0.8787,0.0118,0.1095,35-16,False,,,,,,
,Argentina,Canada,0.9967,0.0006,0.0028,57-12,False,,,,,,
,Argentina,Spain,0.9782,0.003,0.0188,43-9,False,,,,,,
,Fiji,Canada,0.9892,0.0016,0.0092,48-10,False,,,,,,
,Fiji,Spain,0.7678,0.0182,0.214,30-18,False,,,,,,
,Canada,Spain,0.1098,0.0119,0.8783,15-35,False,,,,,,
,Ireland,Scotland,0.5893,0.0235,0.3872,30-26,False,,,,,,
,Ireland,Uruguay,0.9922,0.0012,0.0066,54-13,False,,,,,,
,Ireland,Portugal,0.9958,0.0007,0.0035,56-12,False,,,,,,
,Scotland,Uruguay,0.9719,0.0037,0.0244,44-13,False,,,,,,
,Scotland,Portugal,0.9881,0.0018,0.0101,48-10,False,,,,,,
,Uruguay,Portugal,0.5291,0.0241,0.4467,25-23,False,,,,,,
,France,Japan,0.9436,0.0066,0.0498,39-12,False,,,,,,
,France,Samoa,0.9949,0.0008,0.0043,52-10,False,,,,,,
,France,United States,0.9969,0.0005,0.0026,58-12,False,,,,,,
,Japan,Samoa,0.6481,0.0223,0.3296,26-19,False,,,,,,
,Japan,United States,0.7069,0.0206,0.2725,30-21,False,,,,,,
,Samoa,United States,0.7357,0.0195,0.2448,30-19,False,,,,,,
,England,Wales,0.8203,0.0155,0.1642,34-18,False,,,,,,
,England,Tonga,0.9857,0.0021,0.0122,46-9,False,,,,,,
,England,Zimbabwe,0.9976,0.0004,0.002,55-9,False,,,,,,
,Wales,Tonga,0.8333,0.0148,0.1519,34-18,False,,,,,,
,Wales,Zimbabwe,0.8794,0.0118,0.1088,36-16,False,,,,,,
,Tonga,Zimbabwe,0.6596,0.022,0.3184,30-22,False,,,,,,
,Australia,New Zealand,0.3231,0.0221,0.6548,22-29,False,,,,,,
,Australia,Chile,0.9468,0.0063,0.0469,41-14,False,,,,,,
,Australia,Hong Kong China,0.9848,0.0022,0.0131,45-9,False,,,,,,
,New Zealand,Chile,0.9976,0.0004,0.002,58-11,False,,,,,,
,New Zealand,Hong Kong China,0.9974,0.0004,0.0021,58-11,False,,,,,,
,Chile,Hong Kong China,0.5413,0.0241,0.4347,25-23,False,,,,,,
,South Africa,Italy,0.9727,0.0036,0.0237,43-11,False,,,,,,
,South Africa,Georgia,0.9963,0.0006,0.0031,56-12,False,,,,,,
,South Africa,Romania,0.9986,0.0003,0.0011,60-11,False,,,,,,
,Italy,Georgia,0.7826,0.0175,0.1999,30-17,False,,,,,,
,Italy,Romania,0.9668,0.0043,0.029,45-14,False,,,,,,
,Georgia,Romania,0.8277,0.0151,0.1572,34-18,False,,,,,,
,Argentina,Fiji,0.8787,0.0118,0.1095,35-16,False,,,,,,
,Argentina,Canada,0.9967,0.0006,0.0028,57-12,False,,,,,,
,Argentina,Spain,0.9782,0.003,0.0188,43-9,False,,,,,,
,Fiji,Canada,0.9892,0.0016,0.0092,48-10,False,,,,,,
,Fiji,Spain,0.7678,0.0182,0.214,30-18,False,,,,,,
,Canada,Spain,0.1098,0.0119,0.8783,15-35,False,,,,,,
,Ireland,Scotland,0.5893,0.0235,0.3872,30-26,False,,,,,,
,Ireland,Uruguay,0.9922,0.0012,0.0066,54-13,False,,,,,,
,Ireland,Portugal,0.9958,0.0007,0.0035,56-12,False,,,,,,
,Scotland,Uruguay,0.9719,0.0037,0.0244,44-13,False,,,,,,
,Scotland,Portugal,0.9881,0.0018,0.0101,48-10,False,,,,,,
,Uruguay,Portugal,0.5291,0.0241,0.4467,25-23,False,,,,,,
,France,Japan,0.9436,0.0066,0.0498,39-12,False,,,,,,
,France,Samoa,0.9949,0.0008,0.0043,52-10,False,,,,,,
,France,United States,0.9969,0.0005,0.0026,58-12,False,,,,,,
,Japan,Samoa,0.6481,0.0223,0.3296,26-19,False,,,,,,
,Japan,United States,0.7069,0.0206,0.2725,30-21,False,,,,,,
,Samoa,United States,0.7357,0.0195,0.2448,30-19,False,,,,,,
,England,Wales,0.8203,0.0155,0.1642,34-18,False,,,,,,
,England,Tonga,0.9857,0.0021,0.0122,46-9,False,,,,,,
,England,Zimbabwe,0.9976,0.0004,0.002,55-9,False,,,,,,
,Wales,Tonga,0.8333,0.0148,0.1519,34-18,False,,,,,,
,Wales,Zimbabwe,0.8794,0.0118,0.1088,36-16,False,,,,,,
,Tonga,Zimbabwe,0.6596,0.022,0.3184,30-22,False,,,,,,
,Australia,New Zealand,0.3231,0.0221,0.6548,22-29,False,,,,,,
,Australia,Chile,0.9468,0.0063,0.0469,41-14,False,,,,,,
,Australia,Hong Kong China,0.9848,0.0022,0.0131,45-9,False,,,,,,
,New Zealand,Chile,0.9976,0.0004,0.002,58-11,False,,,,,,
,New Zealand,Hong Kong China,0.9974,0.0004,0.0021,58-11,False,,,,,,
,Chile,Hong Kong China,0.5413,0.0241,0.4347,25-23,False,,,,,,
,South Africa,Italy,0.9727,0.0036,0.0237,43-11,False,,,,,,
,South Africa,Georgia,0.9963,0.0006,0.0031,56-12,False,,,,,,
,South Africa,Romania,0.9986,0.0003,0.0011,60-11,False,,,,,,
,Italy,Georgia,0.7826,0.0175,0.1999,30-17,False,,,,,,
,Italy,Romania,0.9668,0.0043,0.029,45-14,False,,,,,,
,Georgia,Romania,0.8277,0.0151,0.1572,34-18,False,,,,,,
,Argentina,Fiji,0.8787,0.0118,0.1095,35-16,False,,,,,,
,Argentina,Canada,0.9967,0.0006,0.0028,57-12,False,,,,,,
,Argentina,Spain,0.9782,0.003,0.0188,43-9,False,,,,,,
,Fiji,Canada,0.9892,0.0016,0.0092,48-10,False,,,,,,
,Fiji,Spain,0.7678,0.0182,0.214,30-18,False,,,,,,
,Canada,Spain,0.1098,0.0119,0.8783,15-35,False,,,,,,
,Ireland,Scotland,0.5893,0.0235,0.3872,30-26,False,,,,,,
,Ireland,Uruguay,0.9922,0.0012,0.0066,54-13,False,,,,,,
,Ireland,Portugal,0.9958,0.0007,0.0035,56-12,False,,,,,,
,Scotland,Uruguay,0.9719,0.0037,0.0244,44-13,False,,,,,,
,Scotland,Portugal,0.9881,0.0018,0.0101,48-10,False,,,,,,
,Uruguay,Portugal,0.5291,0.0241,0.4467,25-23,False,,,,,,
,France,Japan,0.9436,0.0066,0.0498,39-12,False,,,,,,
,France,Samoa,0.9949,0.0008,0.0043,52-10,False,,,,,,
,France,United States,0.9969,0.0005,0.0026,58-12,False,,,,,,
,Japan,Samoa,0.6481,0.0223,0.3296,26-19,False,,,,,,
,Japan,United States,0.7069,0.0206,0.2725,30-21,False,,,,,,
,Samoa,United States,0.7357,0.0195,0.2448,30-19,False,,,,,,
,England,Wales,0.8203,0.0155,0.1642,34-18,False,,,,,,
,England,Tonga,0.9857,0.0021,0.0122,46-9,False,,,,,,
,England,Zimbabwe,0.9976,0.0004,0.002,55-9,False,,,,,,
,Wales,Tonga,0.8333,0.0148,0.1519,34-18,False,,,,,,
,Wales,Zimbabwe,0.8794,0.0118,0.1088,36-16,False,,,,,,
,Tonga,Zimbabwe,0.6596,0.022,0.3184,30-22,False,,,,,,
,Australia,New Zealand,0.3231,0.0221,0.6548,22-29,False,,,,,,
,Australia,Chile,0.9468,0.0063,0.0469,41-14,False,,,,,,
,Australia,Hong Kong China,0.9848,0.0022,0.0131,45-9,False,,,,,,
,New Zealand,Chile,0.9976,0.0004,0.002,58-11,False,,,,,,
,New Zealand,Hong Kong China,0.9974,0.0004,0.0021,58-11,False,,,,,,
,Chile,Hong Kong China,0.5413,0.0241,0.4347,25-23,False,,,,,,
,South Africa,Italy,0.9727,0.0036,0.0237,43-11,False,,,,,,
,South Africa,Georgia,0.9963,0.0006,0.0031,56-12,False,,,,,,
,South Africa,Romania,0.9986,0.0003,0.0011,60-11,False,,,,,,
,Italy,Georgia,0.7826,0.0175,0.1999,30-17,False,,,,,,
,Italy,Romania,0.9668,0.0043,0.029,45-14,False,,,,,,
,Georgia,Romania,0.8277,0.0151,0.1572,34-18,False,,,,,,
,Argentina,Fiji,0.8787,0.0118,0.1095,35-16,False,,,,,,
,Argentina,Canada,0.9967,0.0006,0.0028,57-12,False,,,,,,
,Argentina,Spain,0.9782,0.003,0.0188,43-9,False,,,,,,
,Fiji,Canada,0.9892,0.0016,0.0092,48-10,False,,,,,,
,Fiji,Spain,0.7678,0.0182,0.214,30-18,False,,,,,,
,Canada,Spain,0.1098,0.0119,0.8783,15-35,False,,,,,,
,Ireland,Scotland,0.5893,0.0235,0.3872,30-26,False,,,,,,
,Ireland,Uruguay,0.9922,0.0012,0.0066,54-13,False,,,,,,
,Ireland,Portugal,0.9958,0.0007,0.0035,56-12,False,,,,,,
,Scotland,Uruguay,0.9719,0.0037,0.0244,44-13,False,,,,,,
,Scotland,Portugal,0.9881,0.0018,0.0101,48-10,False,,,,,,
,Uruguay,Portugal,0.5291,0.0241,0.4467,25-23,False,,,,,,
,France,Japan,0.9436,0.0066,0.0498,39-12,False,,,,,,
,France,Samoa,0.9949,0.0008,0.0043,52-10,False,,,,,,
,France,United States,0.9969,0.0005,0.0026,58-12,False,,,,,,
,Japan,Samoa,0.6481,0.0223,0.3296,26-19,False,,,,,,
,Japan,United States,0.7069,0.0206,0.2725,30-21,False,,,,,,
,Samoa,United States,0.7357,0.0195,0.2448,30-19,False,,,,,,
,England,Wales,0.8203,0.0155,0.1642,34-18,False,,,,,,
,England,Tonga,0.9857,0.0021,0.0122,46-9,False,,,,,,
,England,Zimbabwe,0.9976,0.0004,0.002,55-9,False,,,,,,
,Wales,Tonga,0.8333,0.0148,0.1519,34-18,False,,,,,,
,Wales,Zimbabwe,0.8794,0.0118,0.1088,36-16,False,,,,,,
,Tonga,Zimbabwe,0.6596,0.022,0.3184,30-22,False,,,,,,
,Australia,New Zealand,0.3231,0.0221,0.6548,22-29,False,,,,,,
,Australia,Chile,0.9468,0.0063,0.0469,41-14,False,,,,,,
,Australia,Hong Kong China,0.9848,0.0022,0.0131,45-9,False,,,,,,
,New Zealand,Chile,0.9976,0.0004,0.002,58-11,False,,,,,,
,New Zealand,Hong Kong China,0.9974,0.0004,0.0021,58-11,False,,,,,,
,Chile,Hong Kong China,0.5413,0.0241,0.4347,25-23,False,,,,,,
,South Africa,Italy,0.9727,0.0036,0.0237,43-11,False,,,,,,
,South Africa,Georgia,0.9963,0.0006,0.0031,56-12,False,,,,,,
,South Africa,Romania,0.9986,0.0003,0.0011,60-11,False,,,,,,
,Italy,Georgia,0.7826,0.0175,0.1999,30-17,False,,,,,,
,Italy,Romania,0.9668,0.0043,0.029,45-14,False,,,,,,
,Georgia,Romania,0.8277,0.0151,0.1572,34-18,False,,,,,,
,Argentina,Fiji,0.8787,0.0118,0.1095,35-16,False,,,,,,
,Argentina,Canada,0.9967,0.0006,0.0028,57-12,False,,,,,,
,Argentina,Spain,0.9782,0.003,0.0188,43-9,False,,,,,,
,Fiji,Canada,0.9892,0.0016,0.0092,48-10,False,,,,,,
,Fiji,Spain,0.7678,0.0182,0.214,30-18,False,,,,,,
,Canada,Spain,0.1098,0.0119,0.8783,15-35,False,,,,,,
,Ireland,Scotland,0.5893,0.0235,0.3872,30-26,False,,,,,,
,Ireland,Uruguay,0.9922,0.0012,0.0066,54-13,False,,,,,,
,Ireland,Portugal,0.9958,0.0007,0.0035,56-12,False,,,,,,
,Scotland,Uruguay,0.9719,0.0037,0.0244,44-13,False,,,,,,
,Scotland,Portugal,0.9881,0.0018,0.0101,48-10,False,,,,,,
,Uruguay,Portugal,0.5291,0.0241,0.4467,25-23,False,,,,,,
,France,Japan,0.9436,0.0066,0.0498,39-12,False,,,,,,
,France,Samoa,0.9949,0.0008,0.0043,52-10,False,,,,,,
,France,United States,0.9969,0.0005,0.0026,58-12,False,,,,,,
,Japan,Samoa,0.6481,0.0223,0.3296,26-19,False,,,,,,
,Japan,United States,0.7069,0.0206,0.2725,30-21,False,,,,,,
,Samoa,United States,0.7357,0.0195,0.2448,30-19,False,,,,,,
,England,Wales,0.8203,0.0155,0.1642,34-18,False,,,,,,
,England,Tonga,0.9857,0.0021,0.0122,46-9,False,,,,,,
,England,Zimbabwe,0.9976,0.0004,0.002,55-9,False,,,,,,
,Wales,Tonga,0.8333,0.0148,0.1519,34-18,False,,,,,,
,Wales,Zimbabwe,0.8794,0.0118,0.1088,36-16,False,,,,,,
,Tonga,Zimbabwe,0.6596,0.022,0.3184,30-22,False,,,,,,
,Australia,New Zealand,0.3231,0.0221,0.6548,22-29,False,,,,,,
,Australia,Chile,0.9468,0.0063,0.0469,41-14,False,,,,,,
,Australia,Hong Kong China,0.9848,0.0022,0.0131,45-9,False,,,,,,
,New Zealand,Chile,0.9976,0.0004,0.002,58-11,False,,,,,,
,New Zealand,Hong Kong China,0.9974,0.0004,0.0021,58-11,False,,,,,,
,Chile,Hong Kong China,0.5413,0.0241,0.4347,25-23,False,,,,,,
,South Africa,Italy,0.9727,0.0036,0.0237,43-11,False,,,,,,
,South Africa,Georgia,0.9963,0.0006,0.0031,56-12,False,,,,,,
,South Africa,Romania,0.9986,0.0003,0.0011,60-11,False,,,,,,
,Italy,Georgia,0.7826,0.0175,0.1999,30-17,False,,,,,,
,Italy,Romania,0.9668,0.0043,0.029,45-14,False,,,,,,
,Georgia,Romania,0.8277,0.0151,0.1572,34-18,False,,,,,,
,Argentina,Fiji,0.8787,0.0118,0.1095,35-16,False,,,,,,
,Argentina,Canada,0.9967,0.0006,0.0028,57-12,False,,,,,,
,Argentina,Spain,0.9782,0.003,0.0188,43-9,False,,,,,,
,Fiji,Canada,0.9892,0.0016,0.0092,48-10,False,,,,,,
,Fiji,Spain,0.7678,0.0182,0.214,30-18,False,,,,,,
,Canada,Spain,0.1098,0.0119,0.8783,15-35,False,,,,,,
,Ireland,Scotland,0.5893,0.0235,0.3872,30-26,False,,,,,,
,Ireland,Uruguay,0.9922,0.0012,0.0066,54-13,False,,,,,,
,Ireland,Portugal,0.9958,0.0007,0.0035,56-12,False,,,,,,
,Scotland,Uruguay,0.9719,0.0037,0.0244,44-13,False,,,,,,
,Scotland,Portugal,0.9881,0.0018,0.0101,48-10,False,,,,,,
,Uruguay,Portugal,0.5291,0.0241,0.4467,25-23,False,,,,,,
,France,Japan,0.9436,0.0066,0.0498,39-12,False,,,,,,
,France,Samoa,0.9949,0.0008,0.0043,52-10,False,,,,,,
,France,United States,0.9969,0.0005,0.0026,58-12,False,,,,,,
,Japan,Samoa,0.6481,0.0223,0.3296,26-19,False,,,,,,
,Japan,United States,0.7069,0.0206,0.2725,30-21,False,,,,,,
,Samoa,United States,0.7357,0.0195,0.2448,30-19,False,,,,,,
,England,Wales,0.8203,0.0155,0.1642,34-18,False,,,,,,
,England,Tonga,0.9857,0.0021,0.0122,46-9,False,,,,,,
,England,Zimbabwe,0.9976,0.0004,0.002,55-9,False,,,,,,
,Wales,Tonga,0.8333,0.0148,0.1519,34-18,False,,,,,,
,Wales,Zimbabwe,0.8794,0.0118,0.1088,36-16,False,,,,,,
,Tonga,Zimbabwe,0.6596,0.022,0.3184,30-22,False,,,,,,
,Australia,New Zealand,0.3231,0.0221,0.6548,22-29,False,,,,,,
,Australia,Chile,0.9468,0.0063,0.0469,41-14,False,,,,,,
,Australia,Hong Kong China,0.9848,0.0022,0.0131,45-9,False,,,,,,
,New Zealand,Chile,0.9976,0.0004,0.002,58-11,False,,,,,,
,New Zealand,Hong Kong China,0.9974,0.0004,0.0021,58-11,False,,,,,,
,Chile,Hong Kong China,0.5413,0.0241,0.4347,25-23,False,,,,,,
,South Africa,Italy,0.9727,0.0036,0.0237,43-11,False,,,,,,
,South Africa,Georgia,0.9963,0.0006,0.0031,56-12,False,,,,,,
,South Africa,Romania,0.9986,0.0003,0.0011,60-11,False,,,,,,
,Italy,Georgia,0.7826,0.0175,0.1999,30-17,False,,,,,,
,Italy,Romania,0.9668,0.0043,0.029,45-14,False,,,,,,
,Georgia,Romania,0.8277,0.0151,0.1572,34-18,False,,,,,,
,Argentina,Fiji,0.8787,0.0118,0.1095,35-16,False,,,,,,
,Argentina,Canada,0.9967,0.0006,0.0028,57-12,False,,,,,,
,Argentina,Spain,0.9782,0.003,0.0188,43-9,False,,,,,,
,Fiji,Canada,0.9892,0.0016,0.0092,48-10,False,,,,,,
,Fiji,Spain,0.7678,0.0182,0.214,30-18,False,,,,,,
,Canada,Spain,0.1098,0.0119,0.8783,15-35,False,,,,,,
,Ireland,Scotland,0.5893,0.0235,0.3872,30-26,False,,,,,,
,Ireland,Uruguay,0.9922,0.0012,0.0066,54-13,False,,,,,,
,Ireland,Portugal,0.9958,0.0007,0.0035,56-12,False,,,,,,
,Scotland,Uruguay,0.9719,0.0037,0.0244,44-13,False,,,,,,
,Scotland,Portugal,0.9881,0.0018,0.0101,48-10,False,,,,,,
,Uruguay,Portugal,0.5291,0.0241,0.4467,25-23,False,,,,,,
,France,Japan,0.9436,0.0066,0.0498,39-12,False,,,,,,
,France,Samoa,0.9949,0.0008,0.0043,52-10,False,,,,,,
,France,United States,0.9969,0.0005,0.0026,58-12,False,,,,,,
,Japan,Samoa,0.6481,0.0223,0.3296,26-19,False,,,,,,
,Japan,United States,0.7069,0.0206,0.2725,30-21,False,,,,,,
,Samoa,United States,0.7357,0.0195,0.2448,30-19,False,,,,,,
,England,Wales,0.8203,0.0155,0.1642,34-18,False,,,,,,
,England,Tonga,0.9857,0.0021,0.0122,46-9,False,,,,,,
,England,Zimbabwe,0.9976,0.0004,0.002,55-9,False,,,,,,
,Wales,Tonga,0.8333,0.0148,0.1519,34-18,False,,,,,,
,Wales,Zimbabwe,0.8794,0.0118,0.1088,36-16,False,,,,,,
,Tonga,Zimbabwe,0.6596,0.022,0.3184,30-22,False,,,,,,
,Australia,New Zealand,0.3231,0.0221,0.6548,22-29,False,,,,,,
,Australia,Chile,0.9468,0.0063,0.0469,41-14,False,,,,,,
,Australia,Hong Kong China,0.9848,0.0022,0.0131,45-9,False,,,,,,
,New Zealand,Chile,0.9976,0.0004,0.002,58-11,False,,,,,,
,New Zealand,Hong Kong China,0.9974,0.0004,0.0021,58-11,False,,,,,,
,Chile,Hong Kong China,0.5413,0.0241,0.4347,25-23,False,,,,,,
,South Africa,Italy,0.9727,0.0036,0.0237,43-11,False,,,,,,
,South Africa,Georgia,0.9963,0.0006,0.0031,56-12,False,,,,,,
,South Africa,Romania,0.9986,0.0003,0.0011,60-11,False,,,,,,
,Italy,Georgia,0.7826,0.0175,0.1999,30-17,False,,,,,,
,Italy,Romania,0.9668,0.0043,0.029,45-14,False,,,,,,
,Georgia,Romania,0.8277,0.0151,0.1572,34-18,False,,,,,,
,Argentina,Fiji,0.8787,0.0118,0.1095,35-16,False,,,,,,
,Argentina,Canada,0.9967,0.0006,0.0028,57-12,False,,,,,,
,Argentina,Spain,0.9782,0.003,0.0188,43-9,False,,,,,,
,Fiji,Canada,0.9892,0.0016,0.0092,48-10,False,,,,,,
,Fiji,Spain,0.7678,0.0182,0.214,30-18,False,,,,,,
,Canada,Spain,0.1098,0.0119,0.8783,15-35,False,,,,,,
,Ireland,Scotland,0.5893,0.0235,0.3872,30-26,False,,,,,,
,Ireland,Uruguay,0.9922,0.0012,0.0066,54-13,False,,,,,,
,Ireland,Portugal,0.9958,0.0007,0.0035,56-12,False,,,,,,
,Scotland,Uruguay,0.9719,0.0037,0.0244,44-13,False,,,,,,
,Scotland,Portugal,0.9881,0.0018,0.0101,48-10,False,,,,,,
,Uruguay,Portugal,0.5291,0.0241,0.4467,25-23,False,,,,,,
,France,Japan,0.9436,0.0066,0.0498,39-12,False,,,,,,
,France,Samoa,0.9949,0.0008,0.0043,52-10,False,,,,,,
,France,United States,0.9969,0.0005,0.0026,58-12,False,,,,,,
,Japan,Samoa,0.6481,0.0223,0.3296,26-19,False,,,,,,
,Japan,United States,0.7069,0.0206,0.2725,30-21,False,,,,,,
,Samoa,United States,0.7357,0.0195,0.2448,30-19,False,,,,,,
,England,Wales,0.8203,0.0155,0.1642,34-18,False,,,,,,
,England,Tonga,0.9857,0.0021,0.0122,46-9,False,,,,,,
,England,Zimbabwe,0.9976,0.0004,0.002,55-9,False,,,,,,
,Wales,Tonga,0.8333,0.0148,0.1519,34-18,False,,,,,,
,Wales,Zimbabwe,0.8794,0.0118,0.1088,36-16,False,,,,,,
,Tonga,Zimbabwe,0.6596,0.022,0.3184,30-22,False,,,,,,
,Australia,New Zealand,0.3231,0.0221,0.6548,22-29,False,,,,,,
,Australia,Chile,0.9468,0.0063,0.0469,41-14,False,,,,,,
,Australia,Hong Kong China,0.9848,0.0022,0.0131,45-9,False,,,,,,
,New Zealand,Chile,0.9976,0.0004,0.002,58-11,False,,,,,,
,New Zealand,Hong Kong China,0.9974,0.0004,0.0021,58-11,False,,,,,,
,Chile,Hong Kong China,0.5413,0.0241,0.4347,25-23,False,,,,,,
,South Africa,Italy,0.9727,0.0036,0.0237,43-11,False,,,,,,
,South Africa,Georgia,0.9963,0.0006,0.0031,56-12,False,,,,,,
,South Africa,Romania,0.9986,0.0003,0.0011,60-11,False,,,,,,
,Italy,Georgia,0.7826,0.0175,0.1999,30-17,False,,,,,,
,Italy,Romania,0.9668,0.0043,0.029,45-14,False,,,,,,
,Georgia,Romania,0.8277,0.0151,0.1572,34-18,False,,,,,,
,Argentina,Fiji,0.8787,0.0118,0.1095,35-16,False,,,,,,
,Argentina,Canada,0.9967,0.0006,0.0028,57-12,False,,,,,,
,Argentina,Spain,0.9782,0.003,0.0188,43-9,False,,,,,,
,Fiji,Canada,0.9892,0.0016,0.0092,48-10,False,,,,,,
,Fiji,Spain,0.7678,0.0182,0.214,30-18,False,,,,,,
,Canada,Spain,0.1098,0.0119,0.8783,15-35,False,,,,,,
,Ireland,Scotland,0.5893,0.0235,0.3872,30-26,False,,,,,,
,Ireland,Uruguay,0.9922,0.0012,0.0066,54-13,False,,,,,,
,Ireland,Portugal,0.9958,0.0007,0.0035,56-12,False,,,,,,
,Scotland,Uruguay,0.9719,0.0037,0.0244,44-13,False,,,,,,
,Scotland,Portugal,0.9881,0.0018,0.0101,48-10,False,,,,,,
,Uruguay,Portugal,0.5291,0.0241,0.4467,25-23,False,,,,,,
,France,Japan,0.9436,0.0066,0.0498,39-12,False,,,,,,
,France,Samoa,0.9949,0.0008,0.0043,52-10,False,,,,,,
,France,United States,0.9969,0.0005,0.0026,58-12,False,,,,,,
,Japan,Samoa,0.6481,0.0223,0.3296,26-19,False,,,,,,
,Japan,United States,0.7069,0.0206,0.2725,30-21,False,,,,,,
,Samoa,United States,0.7357,0.0195,0.2448,30-19,False,,,,,,
,England,Wales,0.8203,0.0155,0.1642,34-18,False,,,,,,
,England,Tonga,0.9857,0.0021,0.0122,46-9,False,,,,,,
,England,Zimbabwe,0.9976,0.0004,0.002,55-9,False,,,,,,
,Wales,Tonga,0.8333,0.0148,0.1519,34-18,False,,,,,,
,Wales,Zimbabwe,0.8794,0.0118,0.1088,36-16,False,,,,,,
,Tonga,Zimbabwe,0.6596,0.022,0.3184,30-22,False,,,,,,
,Australia,New Zealand,0.3231,0.0221,0.6548,22-29,False,,,,,,
,Australia,Chile,0.9468,0.0063,0.0469,41-14,False,,,,,,
,Australia,Hong Kong China,0.9848,0.0022,0.0131,45-9,False,,,,,,
,New Zealand,Chile,0.9976,0.0004,0.002,58-11,False,,,,,,
,New Zealand,Hong Kong China,0.9974,0.0004,0.0021,58-11,False,,,,,,
,Chile,Hong Kong China,0.5413,0.0241,0.4347,25-23,False,,,,,,
,South Africa,Italy,0.9727,0.0036,0.0237,43-11,False,,,,,,
,South Africa,Georgia,0.9963,0.0006,0.0031,56-12,False,,,,,,
,South Africa,Romania,0.9986,0.0003,0.0011,60-11,False,,,,,,
,Italy,Georgia,0.7826,0.0175,0.1999,30-17,False,,,,,,
,Italy,Romania,0.9668,0.0043,0.029,45-14,False,,,,,,
,Georgia,Romania,0.8277,0.0151,0.1572,34-18,False,,,,,,
,Argentina,Fiji,0.8787,0.0118,0.1095,35-16,False,,,,,,
,Argentina,Canada,0.9967,0.0006,0.0028,57-12,False,,,,,,
,Argentina,Spain,0.9782,0.003,0.0188,43-9,False,,,,,,
,Fiji,Canada,0.9892,0.0016,0.0092,48-10,False,,,,,,
,Fiji,Spain,0.7678,0.0182,0.214,30-18,False,,,,,,
,Canada,Spain,0.1098,0.0119,0.8783,15-35,False,,,,,,
,Ireland,Scotland,0.5893,0.0235,0.3872,30-26,False,,,,,,
,Ireland,Uruguay,0.9922,0.0012,0.0066,54-13,False,,,,,,
,Ireland,Portugal,0.9958,0.0007,0.0035,56-12,False,,,,,,
,Scotland,Uruguay,0.9719,0.0037,0.0244,44-13,False,,,,,,
,Scotland,Portugal,0.9881,0.0018,0.0101,48-10,False,,,,,,
,Uruguay,Portugal,0.5291,0.0241,0.4467,25-23,False,,,,,,
,France,Japan,0.9436,0.0066,0.0498,39-12,False,,,,,,
,France,Samoa,0.9949,0.0008,0.0043,52-10,False,,,,,,
,France,United States,0.9969,0.0005,0.0026,58-12,False,,,,,,
,Japan,Samoa,0.6481,0.0223,0.3296,26-19,False,,,,,,
,Japan,United States,0.7069,0.0206,0.2725,30-21,False,,,,,,
,Samoa,United States,0.7357,0.0195,0.2448,30-19,False,,,,,,
,England,Wales,0.8203,0.0155,0.1642,34-18,False,,,,,,
,England,Tonga,0.9857,0.0021,0.0122,46-9,False,,,,,,
,England,Zimbabwe,0.9976,0.0004,0.002,55-9,False,,,,,,
,Wales,Tonga,0.8333,0.0148,0.1519,34-18,False,,,,,,
,Wales,Zimbabwe,0.8794,0.0118,0.1088,36-16,False,,,,,,
,Tonga,Zimbabwe,0.6596,0.022,0.3184,30-22,False,,,,,,
,Australia,New Zealand,0.3231,0.0221,0.6548,22-29,False,,,,,,
,Australia,Chile,0.9468,0.0063,0.0469,41-14,False,,,,,,
,Australia,Hong Kong China,0.9848,0.0022,0.0131,45-9,False,,,,,,
,New Zealand,Chile,0.9976,0.0004,0.002,58-11,False,,,,,,
,New Zealand,Hong Kong China,0.9974,0.0004,0.0021,58-11,False,,,,,,
,Chile,Hong Kong China,0.5413,0.0241,0.4347,25-23,False,,,,,,
,South Africa,Italy,0.9727,0.0036,0.0237,43-11,False,,,,,,
,South Africa,Georgia,0.9963,0.0006,0.0031,56-12,False,,,,,,
,South Africa,Romania,0.9986,0.0003,0.0011,60-11,False,,,,,,
,Italy,Georgia,0.7826,0.0175,0.1999,30-17,False,,,,,,
,Italy,Romania,0.9668,0.0043,0.029,45-14,False,,,,,,
,Georgia,Romania,0.8277,0.0151,0.1572,34-18,False,,,,,,
,Argentina,Fiji,0.8787,0.0118,0.1095,35-16,False,,,,,,
,Argentina,Canada,0.9967,0.0006,0.0028,57-12,False,,,,,,
,Argentina,Spain,0.9782,0.003,0.0188,43-9,False,,,,,,
,Fiji,Canada,0.9892,0.0016,0.0092,48-10,False,,,,,,
,Fiji,Spain,0.7678,0.0182,0.214,30-18,False,,,,,,
,Canada,Spain,0.1098,0.0119,0.8783,15-35,False,,,,,,
,Ireland,Scotland,0.5893,0.0235,0.3872,30-26,False,,,,,,
,Ireland,Uruguay,0.9922,0.0012,0.0066,54-13,False,,,,,,
,Ireland,Portugal,0.9958,0.0007,0.0035,56-12,False,,,,,,
,Scotland,Uruguay,0.9719,0.0037,0.0244,44-13,False,,,,,,
,Scotland,Portugal,0.9881,0.0018,0.0101,48-10,False,,,,,,
,Uruguay,Portugal,0.5291,0.0241,0.4467,25-23,False,,,,,,
,France,Japan,0.9436,0.0066,0.0498,39-12,False,,,,,,
,France,Samoa,0.9949,0.0008,0.0043,52-10,False,,,,,,
,France,United States,0.9969,0.0005,0.0026,58-12,False,,,,,,
,Japan,Samoa,0.6481,0.0223,0.3296,26-19,False,,,,,,
,Japan,United States,0.7069,0.0206,0.2725,30-21,False,,,,,,
,Samoa,United States,0.7357,0.0195,0.2448,30-19,False,,,,,,
,England,Wales,0.8203,0.0155,0.1642,34-18,False,,,,,,
,England,Tonga,0.9857,0.0021,0.0122,46-9,False,,,,,,
,England,Zimbabwe,0.9976,0.0004,0.002,55-9,False,,,,,,
,Wales,Tonga,0.8333,0.0148,0.1519,34-18,False,,,,,,
,Wales,Zimbabwe,0.8794,0.0118,0.1088,36-16,False,,,,,,
,Tonga,Zimbabwe,0.6596,0.022,0.3184,30-22,False,,,,,,
,Australia,New Zealand,0.3231,0.0221,0.6548,22-29,False,,,,,,
,Australia,Chile,0.9468,0.0063,0.0469,41-14,False,,,,,,
,Australia,Hong Kong China,0.9848,0.0022,0.0131,45-9,False,,,,,,
,New Zealand,Chile,0.9976,0.0004,0.002,58-11,False,,,,,,
,New Zealand,Hong Kong China,0.9974,0.0004,0.0021,58-11,False,,,,,,
,Chile,Hong Kong China,0.5413,0.0241,0.4347,25-23,False,,,,,,
,South Africa,Italy,0.9727,0.0036,0.0237,43-11,False,,,,,,
,South Africa,Georgia,0.9963,0.0006,0.0031,56-12,False,,,,,,
,South Africa,Romania,0.9986,0.0003,0.0011,60-11,False,,,,,,
,Italy,Georgia,0.7826,0.0175,0.1999,30-17,False,,,,,,
,Italy,Romania,0.9668,0.0043,0.029,45-14,False,,,,,,
,Georgia,Romania,0.8277,0.0151,0.1572,34-18,False,,,,,,
,Argentina,Fiji,0.8787,0.0118,0.1095,35-16,False,,,,,,
,Argentina,Canada,0.9967,0.0006,0.0028,57-12,False,,,,,,
,Argentina,Spain,0.9782,0.003,0.0188,43-9,False,,,,,,
,Fiji,Canada,0.9892,0.0016,0.0092,48-10,False,,,,,,
,Fiji,Spain,0.7678,0.0182,0.214,30-18,False,,,,,,
,Canada,Spain,0.1098,0.0119,0.8783,15-35,False,,,,,,
,Ireland,Scotland,0.5893,0.0235,0.3872,30-26,False,,,,,,
,Ireland,Uruguay,0.9922,0.0012,0.0066,54-13,False,,,,,,
,Ireland,Portugal,0.9958,0.0007,0.0035,56-12,False,,,,,,
,Scotland,Uruguay,0.9719,0.0037,0.0244,44-13,False,,,,,,
,Scotland,Portugal,0.9881,0.0018,0.0101,48-10,False,,,,,,
,Uruguay,Portugal,0.5291,0.0241,0.4467,25-23,False,,,,,,
,France,Japan,0.9436,0.0066,0.0498,39-12,False,,,,,,
,France,Samoa,0.9949,0.0008,0.0043,52-10,False,,,,,,
,France,United States,0.9969,0.0005,0.0026,58-12,False,,,,,,
,Japan,Samoa,0.6481,0.0223,0.3296,26-19,False,,,,,,
,Japan,United States,0.7069,0.0206,0.2725,30-21,False,,,,,,
,Samoa,United States,0.7357,0.0195,0.2448,30-19,False,,,,,,
,England,Wales,0.8203,0.0155,0.1642,34-18,False,,,,,,
,England,Tonga,0.9857,0.0021,0.0122,46-9,False,,,,,,
,England,Zimbabwe,0.9976,0.0004,0.002,55-9,False,,,,,,
,Wales,Tonga,0.8333,0.0148,0.1519,34-18,False,,,,,,
,Wales,Zimbabwe,0.8794,0.0118,0.1088,36-16,False,,,,,,
,Tonga,Zimbabwe,0.6596,0.022,0.3184,30-22,False,,,,,,
,Australia,New Zealand,0.3231,0.0221,0.6548,22-29,False,,,,,,
,Australia,Chile,0.9468,0.0063,0.0469,41-14,False,,,,,,
,Australia,Hong Kong China,0.9848,0.0022,0.0131,45-9,False,,,,,,
,New Zealand,Chile,0.9976,0.0004,0.002,58-11,False,,,,,,
,New Zealand,Hong Kong China,0.9974,0.0004,0.0021,58-11,False,,,,,,
,Chile,Hong Kong China,0.5413,0.0241,0.4347,25-23,False,,,,,,
,South Africa,Italy,0.9727,0.0036,0.0237,43-11,False,,,,,,
,South Africa,Georgia,0.9963,0.0006,0.0031,56-12,False,,,,,,
,South Africa,Romania,0.9986,0.0003,0.0011,60-11,False,,,,,,
,Italy,Georgia,0.7826,0.0175,0.1999,30-17,False,,,,,,
,Italy,Romania,0.9668,0.0043,0.029,45-14,False,,,,,,
,Georgia,Romania,0.8277,0.0151,0.1572,34-18,False,,,,,,
,Argentina,Fiji,0.8787,0.0118,0.1095,35-16,False,,,,,,
,Argentina,Canada,0.9967,0.0006,0.0028,57-12,False,,,,,,
,Argentina,Spain,0.9782,0.003,0.0188,43-9,False,,,,,,
,Fiji,Canada,0.9892,0.0016,0.0092,48-10,False,,,,,,
,Fiji,Spain,0.7678,0.0182,0.214,30-18,False,,,,,,
,Canada,Spain,0.1098,0.0119,0.8783,15-35,False,,,,,,
,Ireland,Scotland,0.5893,0.0235,0.3872,30-26,False,,,,,,
,Ireland,Uruguay,0.9922,0.0012,0.0066,54-13,False,,,,,,
,Ireland,Portugal,0.9958,0.0007,0.0035,56-12,False,,,,,,
,Scotland,Uruguay,0.9719,0.0037,0.0244,44-13,False,,,,,,
,Scotland,Portugal,0.9881,0.0018,0.0101,48-10,False,,,,,,
,Uruguay,Portugal,0.5291,0.0241,0.4467,25-23,False,,,,,,
,France,Japan,0.9436,0.0066,0.0498,39-12,False,,,,,,
,France,Samoa,0.9949,0.0008,0.0043,52-10,False,,,,,,
,France,United States,0.9969,0.0005,0.0026,58-12,False,,,,,,
,Japan,Samoa,0.6481,0.0223,0.3296,26-19,False,,,,,,
,Japan,United States,0.7069,0.0206,0.2725,30-21,False,,,,,,
,Samoa,United States,0.7357,0.0195,0.2448,30-19,False,,,,,,
,England,Wales,0.8203,0.0155,0.1642,34-18,False,,,,,,
,England,Tonga,0.9857,0.0021,0.0122,46-9,False,,,,,,
,England,Zimbabwe,0.9976,0.0004,0.002,55-9,False,,,,,,
,Wales,Tonga,0.8333,0.0148,0.1519,34-18,False,,,,,,
,Wales,Zimbabwe,0.8794,0.0118,0.1088,36-16,False,,,,,,
,Tonga,Zimbabwe,0.6596,0.022,0.3184,30-22,False,,,,,,
,Australia,New Zealand,0.1914,0.0171,0.7915,20-34,False,,,,,,
,Australia,Chile,0.954,0.0056,0.0404,44-15,False,,,,,,
,Australia,Hong Kong China,0.9877,0.0018,0.0105,44-6,False,,,,,,
,New Zealand,Chile,0.9958,0.0007,0.0035,57-13,False,,,,,,
,New Zealand,Hong Kong China,0.9972,0.0005,0.0023,56-10,False,,,,,,
,Chile,Hong Kong China,0.5899,0.0236,0.3865,25-21,False,,,,,,
,South Africa,Italy,0.9578,0.0052,0.0369,43-14,False,,,,,,
,South Africa,Georgia,0.9915,0.0013,0.0072,52-13,False,,,,,,
,South Africa,Romania,0.9993,0.0001,0.0006,61-8,False,,,,,,
,Italy,Georgia,0.7498,0.019,0.2312,31-19,False,,,,,,
,Italy,Romania,0.978,0.003,0.019,46-13,False,,,,,,
,Georgia,Romania,0.8199,0.0156,0.1646,34-18,False,,,,,,
,Argentina,Fiji,0.7978,0.0168,0.1854,33-19,False,,,,,,
,Argentina,Canada,0.9991,0.0002,0.0008,59-8,False,,,,,,
,Argentina,Spain,0.9817,0.0026,0.0157,44-9,False,,,,,,
,Fiji,Canada,0.9863,0.002,0.0117,48-11,False,,,,,,
,Fiji,Spain,0.7235,0.0201,0.2564,30-20,False,,,,,,
,Canada,Spain,0.0931,0.0106,0.8963,12-34,False,,,,,,
,Ireland,Scotland,0.5041,0.0243,0.4716,29-28,False,,,,,,
,Ireland,Uruguay,0.9914,0.0013,0.0073,52-13,False,,,,,,
,Ireland,Portugal,0.9963,0.0006,0.0031,54-10,False,,,,,,
,Scotland,Uruguay,0.9796,0.0028,0.0176,45-11,False,,,,,,
,Scotland,Portugal,0.9859,0.0021,0.0121,45-9,False,,,,,,
,Uruguay,Portugal,0.3881,0.0236,0.5883,19-23,False,,,,,,
,France,Japan,0.965,0.0045,0.0305,42-12,False,,,,,,
,France,Samoa,0.9877,0.0018,0.0105,49-11,False,,,,,,
,France,United States,0.9967,0.0006,0.0028,55-10,False,,,,,,
,Japan,Samoa,0.555,0.024,0.421,24-22,False,,,,,,
,Japan,United States,0.6175,0.0231,0.3594,29-24,False,,,,,,
,Samoa,United States,0.747,0.0191,0.2338,33-21,False,,,,,,
,England,Wales,0.8028,0.0165,0.1807,34-19,False,,,,,,
,England,Tonga,0.9908,0.0014,0.0077,48-9,False,,,,,,
,England,Zimbabwe,0.9986,0.0003,0.0012,59-10,False,,,,,,
,Wales,Tonga,0.8622,0.013,0.1248,36-17,False,,,,,,
,Wales,Zimbabwe,0.8937,0.0108,0.0955,37-16,False,,,,,,
,Tonga,Zimbabwe,0.7313,0.0198,0.2489,32-22,False,,,,,,
,Australia,New Zealand,0.1858,0.0166,0.7976,19-34,False,,,,,,
,Australia,Chile,0.9016,0.0101,0.0883,39-17,False,,,,,,
,Australia,Hong Kong China,0.9832,0.0024,0.0144,44-8,False,,,,,,
,New Zealand,Chile,0.9965,0.0006,0.0029,55-10,False,,,,,,
,New Zealand,Hong Kong China,0.9972,0.0005,0.0023,55-9,False,,,,,,
,Chile,Hong Kong China,0.6894,0.021,0.2896,30-21,False,,,,,,
,South Africa,Italy,0.9656,0.0043,0.03,43-13,False,,,,,,
,South Africa,Georgia,0.9941,0.0009,0.005,53-11,False,,,,,,
,South Africa,Romania,0.9993,0.0001,0.0005,60-6,False,,,,,,
,Italy,Georgia,0.7112,0.0203,0.2686,29-19,False,,,,,,
,Italy,Romania,0.9682,0.0041,0.0277,45-13,False,,,,,,
,Georgia,Romania,0.8601,0.013,0.127,36-17,False,,,,,,
,Argentina,Fiji,0.7902,0.0169,0.1928,35-21,False,,,,,,
,Argentina,Canada,0.9985,0.0003,0.0012,57-8,False,,,,,,
,Argentina,Spain,0.9755,0.0033,0.0212,45-12,False,,,,,,
,Fiji,Canada,0.9751,0.0033,0.0216,45-12,False,,,,,,
,Fiji,Spain,0.723,0.0198,0.2572,31-21,False,,,,,,
,Canada,Spain,0.1953,0.0171,0.7877,17-31,False,,,,,,
,Ireland,Scotland,0.5981,0.0231,0.3787,29-25,False,,,,,,
,Ireland,Uruguay,0.9914,0.0013,0.0073,52-12,False,,,,,,
,Ireland,Portugal,0.9913,0.0013,0.0074,51-11,False,,,,,,
,Scotland,Uruguay,0.9708,0.0038,0.0254,45-13,False,,,,,,
,Scotland,Portugal,0.9686,0.004,0.0273,44-13,False,,,,,,
,Uruguay,Portugal,0.4215,0.0237,0.5548,22-25,False,,,,,,
,France,Japan,0.9439,0.0065,0.0496,41-15,False,,,,,,
,France,Samoa,0.9878,0.0018,0.0104,51-13,False,,,,,,
,France,United States,0.9942,0.0009,0.0049,53-11,False,,,,,,
,Japan,Samoa,0.7119,0.0202,0.2679,29-20,False,,,,,,
,Japan,United States,0.6864,0.0211,0.2926,30-21,False,,,,,,
,Samoa,United States,0.6913,0.0209,0.2878,28-20,False,,,,,,
,England,Wales,0.8437,0.014,0.1423,36-19,False,,,,,,
,England,Tonga,0.9858,0.002,0.0121,47-10,False,,,,,,
,England,Zimbabwe,0.999,0.0002,0.0008,58-6,False,,,,,,
,Wales,Tonga,0.855,0.0133,0.1317,34-16,False,,,,,,
,Wales,Zimbabwe,0.9372,0.0071,0.0557,38-12,False,,,,,,
,Tonga,Zimbabwe,0.8435,0.014,0.1425,35-18,False,,,,,,
,Australia,New Zealand,0.224,0.0184,0.7576,18-30,False,,,,,,
,Australia,Chile,0.9248,0.0082,0.067,41-17,False,,,,,,
,Australia,Hong Kong China,0.9769,0.0031,0.02,45-12,False,,,,,,
,New Zealand,Chile,0.9935,0.001,0.0055,52-11,False,,,,,,
,New Zealand,Hong Kong China,0.9934,0.001,0.0056,52-10,False,,,,,,
,Chile,Hong Kong China,0.502,0.024,0.474,23-23,False,,,,,,
,South Africa,Italy,0.9597,0.0049,0.0353,43-14,False,,,,,,
,South Africa,Georgia,0.9941,0.0009,0.005,54-12,False,,,,,,
,South Africa,Romania,0.9994,0.0001,0.0005,62-8,False,,,,,,
,Italy,Georgia,0.8291,0.0149,0.1561,31-15,False,,,,,,
,Italy,Romania,0.9802,0.0027,0.0171,48-13,False,,,,,,
,Georgia,Romania,0.8868,0.0111,0.1021,37-17,False,,,,,,
,Argentina,Fiji,0.7509,0.0187,0.2304,33-21,False,,,,,,
,Argentina,Canada,0.9987,0.0002,0.001,59-9,False,,,,,,
,Argentina,Spain,0.8974,0.0104,0.0922,39-17,False,,,,,,
,Fiji,Canada,0.9678,0.0041,0.0281,46-15,False,,,,,,
,Fiji,Spain,0.723,0.0198,0.2572,30-20,False,,,,,,
,Canada,Spain,0.1178,0.0123,0.8699,14-33,False,,,,,,
,Ireland,Scotland,0.5506,0.0237,0.4256,28-25,False,,,,,,
,Ireland,Uruguay,0.9839,0.0023,0.0138,48-12,False,,,,,,
,Ireland,Portugal,0.9934,0.001,0.0056,52-10,False,,,,,,
,Scotland,Uruguay,0.933,0.0075,0.0595,39-14,False,,,,,,
,Scotland,Portugal,0.9491,0.006,0.0449,41-13,False,,,,,,
,Uruguay,Portugal,0.5096,0.024,0.4664,23-22,False,,,,,,
,France,Japan,0.9034,0.0099,0.0867,38-16,False,,,,,,
,France,Samoa,0.9771,0.0031,0.0198,48-14,False,,,,,,
,France,United States,0.9922,0.0012,0.0066,53-12,False,,,,,,
,Japan,Samoa,0.5903,0.0232,0.3865,27-23,False,,,,,,
,Japan,United States,0.6717,0.0215,0.3068,31-23,False,,,,,,
,Samoa,United States,0.7193,0.0199,0.2608,31-21,False,,,,,,
,England,Wales,0.8104,0.0159,0.1737,34-18,False,,,,,,
,England,Tonga,0.9805,0.0027,0.0168,43-8,False,,,,,,
,England,Zimbabwe,0.9966,0.0006,0.0028,55-9,False,,,,,,
,Wales,Tonga,0.9004,0.0101,0.0895,36-14,False,,,,,,
,Wales,Zimbabwe,0.9404,0.0068,0.0528,38-12,False,,,,,,
,Tonga,Zimbabwe,0.7663,0.018,0.2157,31-18,False,,,,,,
,Australia,New Zealand,0.224,0.0184,0.7576,18-30,False,,,,,,
,Australia,Chile,0.9248,0.0082,0.067,41-17,False,,,,,,
,Australia,Hong Kong China,0.9769,0.0031,0.02,45-12,False,,,,,,
,New Zealand,Chile,0.9935,0.001,0.0055,52-11,False,,,,,,
,New Zealand,Hong Kong China,0.9934,0.001,0.0056,52-10,False,,,,,,
,Chile,Hong Kong China,0.502,0.024,0.474,23-23,False,,,,,,
,South Africa,Italy,0.9597,0.0049,0.0353,43-14,False,,,,,,
,South Africa,Georgia,0.9941,0.0009,0.005,54-12,False,,,,,,
,South Africa,Romania,0.9994,0.0001,0.0005,62-8,False,,,,,,
,Italy,Georgia,0.8291,0.0149,0.1561,31-15,False,,,,,,
,Italy,Romania,0.9802,0.0027,0.0171,48-13,False,,,,,,
,Georgia,Romania,0.8868,0.0111,0.1021,37-17,False,,,,,,
,Argentina,Fiji,0.7509,0.0187,0.2304,33-21,False,,,,,,
,Argentina,Canada,0.9987,0.0002,0.001,59-9,False,,,,,,
,Argentina,Spain,0.8974,0.0104,0.0922,39-17,False,,,,,,
,Fiji,Canada,0.9678,0.0041,0.0281,46-15,False,,,,,,
,Fiji,Spain,0.723,0.0198,0.2572,30-20,False,,,,,,
,Canada,Spain,0.1178,0.0123,0.8699,14-33,False,,,,,,
,Ireland,Scotland,0.5506,0.0237,0.4256,28-25,False,,,,,,
,Ireland,Uruguay,0.9839,0.0023,0.0138,48-12,False,,,,,,
,Ireland,Portugal,0.9934,0.001,0.0056,52-10,False,,,,,,
,Scotland,Uruguay,0.933,0.0075,0.0595,39-14,False,,,,,,
,Scotland,Portugal,0.9491,0.006,0.0449,41-13,False,,,,,,
,Uruguay,Portugal,0.5096,0.024,0.4664,23-22,False,,,,,,
,France,Japan,0.9034,0.0099,0.0867,38-16,False,,,,,,
,France,Samoa,0.9771,0.0031,0.0198,48-14,False,,,,,,
,France,United States,0.9922,0.0012,0.0066,53-12,False,,,,,,
,Japan,Samoa,0.5903,0.0232,0.3865,27-23,False,,,,,,
,Japan,United States,0.6717,0.0215,0.3068,31-23,False,,,,,,
,Samoa,United States,0.7193,0.0199,0.2608,31-21,False,,,,,,
,England,Wales,0.8104,0.0159,0.1737,34-18,False,,,,,,
,England,Tonga,0.9805,0.0027,0.0168,43-8,False,,,,,,
,England,Zimbabwe,0.9966,0.0006,0.0028,55-9,False,,,,,,
,Wales,Tonga,0.9004,0.0101,0.0895,36-14,False,,,,,,
,Wales,Zimbabwe,0.9404,0.0068,0.0528,38-12,False,,,,,,
,Tonga,Zimbabwe,0.7663,0.018,0.2157,31-18,False,,,,,,
,Australia,New Zealand,0.2837,0.0207,0.6955,19-28,False,,,,,,
,Australia,Chile,0.9549,0.0054,0.0397,42-13,False,,,,,,
,Australia,Hong Kong China,0.9806,0.0027,0.0168,43-9,False,,,,,,
,New Zealand,Chile,0.9975,0.0004,0.0021,59-12,False,,,,,,
,New Zealand,Hong Kong China,0.9972,0.0005,0.0023,56-10,False,,,,,,
,Chile,Hong Kong China,0.6219,0.0226,0.3554,26-20,False,,,,,,
,South Africa,Italy,0.9414,0.0067,0.0519,38-12,False,,,,,,
,South Africa,Georgia,0.9964,0.0006,0.003,57-11,False,,,,,,
,South Africa,Romania,0.9991,0.0002,0.0007,62-9,False,,,,,,
,Italy,Georgia,0.7123,0.0202,0.2675,26-16,False,,,,,,
,Italy,Romania,0.9317,0.0076,0.0607,39-14,False,,,,,,
,Georgia,Romania,0.8226,0.0152,0.1622,33-17,False,,,,,,
,Argentina,Fiji,0.8959,0.0105,0.0936,36-14,False,,,,,,
,Argentina,Canada,0.9988,0.0002,0.001,59-7,False,,,,,,
,Argentina,Spain,0.9811,0.0026,0.0163,44-9,False,,,,,,
,Fiji,Canada,0.9424,0.0066,0.051,41-15,False,,,,,,
,Fiji,Spain,0.7318,0.0194,0.2488,29-19,False,,,,,,
,Canada,Spain,0.1468,0.0143,0.839,15-32,False,,,,,,
,Ireland,Scotland,0.6073,0.0229,0.3698,33-28,False,,,,,,
,Ireland,Uruguay,0.9939,0.001,0.0051,52-10,False,,,,,,
,Ireland,Portugal,0.9958,0.0007,0.0035,54-10,False,,,,,,
,Scotland,Uruguay,0.9798,0.0028,0.0174,43-9,False,,,,,,
,Scotland,Portugal,0.9861,0.002,0.0119,45-8,False,,,,,,
,Uruguay,Portugal,0.5085,0.024,0.4675,22-21,False,,,,,,
,France,Japan,0.9563,0.0053,0.0384,40-11,False,,,,,,
,France,Samoa,0.9793,0.0028,0.0179,46-12,False,,,,,,
,France,United States,0.995,0.0008,0.0042,54-11,False,,,,,,
,Japan,Samoa,0.6266,0.0225,0.3508,26-20,False,,,,,,
,Japan,United States,0.5631,0.0236,0.4133,27-24,False,,,,,,
,Samoa,United States,0.6548,0.0219,0.3233,28-21,False,,,,,,
,England,Wales,0.8674,0.0125,0.1201,37-18,False,,,,,,
,England,Tonga,0.9913,0.0013,0.0074,49-9,False,,,,,,
,England,Zimbabwe,0.9964,0.0006,0.003,56-11,False,,,,,,
,Wales,Tonga,0.7652,0.0181,0.2167,34-21,False,,,,,,
,Wales,Zimbabwe,0.8942,0.0106,0.0952,35-14,False,,,,,,
,Tonga,Zimbabwe,0.7814,0.0173,0.2012,31-17,False,,,,,,
,Australia,New Zealand,0.2837,0.0207,0.6955,19-28,False,,,,,,
,Australia,Chile,0.9549,0.0054,0.0397,42-13,False,,,,,,
,Australia,Hong Kong China,0.9806,0.0027,0.0168,43-9,False,,,,,,
,New Zealand,Chile,0.9975,0.0004,0.0021,59-12,False,,,,,,
,New Zealand,Hong Kong China,0.9972,0.0005,0.0023,56-10,False,,,,,,
,Chile,Hong Kong China,0.6219,0.0226,0.3554,26-20,False,,,,,,
,South Africa,Italy,0.9414,0.0067,0.0519,38-12,False,,,,,,
,South Africa,Georgia,0.9964,0.0006,0.003,57-11,False,,,,,,
,South Africa,Romania,0.9991,0.0002,0.0007,62-9,False,,,,,,
,Italy,Georgia,0.7123,0.0202,0.2675,26-16,False,,,,,,
,Italy,Romania,0.9317,0.0076,0.0607,39-14,False,,,,,,
,Georgia,Romania,0.8226,0.0152,0.1622,33-17,False,,,,,,
,Argentina,Fiji,0.8959,0.0105,0.0936,36-14,False,,,,,,
,Argentina,Canada,0.9988,0.0002,0.001,59-7,False,,,,,,
,Argentina,Spain,0.9811,0.0026,0.0163,44-9,False,,,,,,
,Fiji,Canada,0.9424,0.0066,0.051,41-15,False,,,,,,
,Fiji,Spain,0.7318,0.0194,0.2488,29-19,False,,,,,,
,Canada,Spain,0.1468,0.0143,0.839,15-32,False,,,,,,
,Ireland,Scotland,0.6073,0.0229,0.3698,33-28,False,,,,,,
,Ireland,Uruguay,0.9939,0.001,0.0051,52-10,False,,,,,,
,Ireland,Portugal,0.9958,0.0007,0.0035,54-10,False,,,,,,
,Scotland,Uruguay,0.9798,0.0028,0.0174,43-9,False,,,,,,
,Scotland,Portugal,0.9861,0.002,0.0119,45-8,False,,,,,,
,Uruguay,Portugal,0.5085,0.024,0.4675,22-21,False,,,,,,
,France,Japan,0.9563,0.0053,0.0384,40-11,False,,,,,,
,France,Samoa,0.9793,0.0028,0.0179,46-12,False,,,,,,
,France,United States,0.995,0.0008,0.0042,54-11,False,,,,,,
,Japan,Samoa,0.6266,0.0225,0.3508,26-20,False,,,,,,
,Japan,United States,0.5631,0.0236,0.4133,27-24,False,,,,,,
,Samoa,United States,0.6548,0.0219,0.3233,28-21,False,,,,,,
,England,Wales,0.8674,0.0125,0.1201,37-18,False,,,,,,
,England,Tonga,0.9913,0.0013,0.0074,49-9,False,,,,,,
,England,Zimbabwe,0.9964,0.0006,0.003,56-11,False,,,,,,
,Wales,Tonga,0.7652,0.0181,0.2167,34-21,False,,,,,,
,Wales,Zimbabwe,0.8942,0.0106,0.0952,35-14,False,,,,,,
,Tonga,Zimbabwe,0.7814,0.0173,0.2012,31-17,False,,,,,,
,Australia,New Zealand,0.2787,0.0208,0.7005,20-29,False,,,,,,
,Australia,Chile,0.9564,0.0053,0.0383,42-13,False,,,,,,
,Australia,Hong Kong China,0.9775,0.0031,0.0195,45-12,False,,,,,,
,New Zealand,Chile,0.9984,0.0003,0.0013,59-10,False,,,,,,
,New Zealand,Hong Kong China,0.9961,0.0006,0.0032,54-10,False,,,,,,
,Chile,Hong Kong China,0.4498,0.0241,0.5261,22-24,False,,,,,,
,South Africa,Italy,0.9723,0.0037,0.0241,40-8,False,,,,,,
,South Africa,Georgia,0.9984,0.0003,0.0013,58-8,False,,,,,,
,South Africa,Romania,0.9993,0.0001,0.0005,61-8,False,,,,,,
,Italy,Georgia,0.7248,0.0199,0.2553,28-17,False,,,,,,
,Italy,Romania,0.93,0.0078,0.0622,41-17,False,,,,,,
,Georgia,Romania,0.7615,0.0184,0.2201,32-19,False,,,,,,
,Argentina,Fiji,0.8825,0.0115,0.1059,37-17,False,,,,,,
,Argentina,Canada,0.9985,0.0003,0.0012,58-9,False,,,,,,
,Argentina,Spain,0.9888,0.0017,0.0095,48-10,False,,,,,,
,Fiji,Canada,0.963,0.0047,0.0323,44-14,False,,,,,,
,Fiji,Spain,0.7314,0.0197,0.2489,30-20,False,,,,,,
,Canada,Spain,0.1604,0.0153,0.8244,17-33,False,,,,,,
,Ireland,Scotland,0.5994,0.0233,0.3773,27-23,False,,,,,,
,Ireland,Uruguay,0.9897,0.0015,0.0087,52-13,False,,,,,,
,Ireland,Portugal,0.9936,0.001,0.0053,52-10,False,,,,,,
,Scotland,Uruguay,0.9767,0.0031,0.0201,44-11,False,,,,,,
,Scotland,Portugal,0.984,0.0023,0.0138,45-10,False,,,,,,
,Uruguay,Portugal,0.4761,0.0242,0.4997,23-23,False,,,,,,
,France,Japan,0.9455,0.0064,0.0481,41-14,False,,,,,,
,France,Samoa,0.9959,0.0007,0.0034,54-10,False,,,,,,
,France,United States,0.9965,0.0006,0.0029,56-11,False,,,,,,
,Japan,Samoa,0.614,0.023,0.363,25-20,False,,,,,,
,Japan,United States,0.6901,0.0211,0.2888,29-21,False,,,,,,
,Samoa,United States,0.6962,0.0209,0.2828,29-20,False,,,,,,
,England,Wales,0.8045,0.0163,0.1792,34-19,False,,,,,,
,England,Tonga,0.9909,0.0014,0.0077,50-11,False,,,,,,
,England,Zimbabwe,0.995,0.0008,0.0042,54-11,False,,,,,,
,Wales,Tonga,0.8452,0.014,0.1408,34-17,False,,,,,,
,Wales,Zimbabwe,0.8478,0.0139,0.1383,33-16,False,,,,,,
,Tonga,Zimbabwe,0.7148,0.0203,0.2649,29-20,False,,,,,,
,Australia,New Zealand,0.2787,0.0208,0.7005,20-29,False,,,,,,
,Australia,Chile,0.9564,0.0053,0.0383,42-13,False,,,,,,
,Australia,Hong Kong China,0.9775,0.0031,0.0195,45-12,False,,,,,,
,New Zealand,Chile,0.9984,0.0003,0.0013,59-10,False,,,,,,
,New Zealand,Hong Kong China,0.9961,0.0006,0.0032,54-10,False,,,,,,
,Chile,Hong Kong China,0.4498,0.0241,0.5261,22-24,False,,,,,,
,South Africa,Italy,0.9723,0.0037,0.0241,40-8,False,,,,,,
,South Africa,Georgia,0.9984,0.0003,0.0013,58-8,False,,,,,,
,South Africa,Romania,0.9993,0.0001,0.0005,61-8,False,,,,,,
,Italy,Georgia,0.7248,0.0199,0.2553,28-17,False,,,,,,
,Italy,Romania,0.93,0.0078,0.0622,41-17,False,,,,,,
,Georgia,Romania,0.7615,0.0184,0.2201,32-19,False,,,,,,
,Argentina,Fiji,0.8825,0.0115,0.1059,37-17,False,,,,,,
,Argentina,Canada,0.9985,0.0003,0.0012,58-9,False,,,,,,
,Argentina,Spain,0.9888,0.0017,0.0095,48-10,False,,,,,,
,Fiji,Canada,0.963,0.0047,0.0323,44-14,False,,,,,,
,Fiji,Spain,0.7314,0.0197,0.2489,30-20,False,,,,,,
,Canada,Spain,0.1604,0.0153,0.8244,17-33,False,,,,,,
,Ireland,Scotland,0.5994,0.0233,0.3773,27-23,False,,,,,,
,Ireland,Uruguay,0.9897,0.0015,0.0087,52-13,False,,,,,,
,Ireland,Portugal,0.9936,0.001,0.0053,52-10,False,,,,,,
,Scotland,Uruguay,0.9767,0.0031,0.0201,44-11,False,,,,,,
,Scotland,Portugal,0.984,0.0023,0.0138,45-10,False,,,,,,
,Uruguay,Portugal,0.4761,0.0242,0.4997,23-23,False,,,,,,
,France,Japan,0.9455,0.0064,0.0481,41-14,False,,,,,,
,France,Samoa,0.9959,0.0007,0.0034,54-10,False,,,,,,
,France,United States,0.9965,0.0006,0.0029,56-11,False,,,,,,
,Japan,Samoa,0.614,0.023,0.363,25-20,False,,,,,,
,Japan,United States,0.6901,0.0211,0.2888,29-21,False,,,,,,
,Samoa,United States,0.6962,0.0209,0.2828,29-20,False,,,,,,
,England,Wales,0.8045,0.0163,0.1792,34-19,False,,,,,,
,England,Tonga,0.9909,0.0014,0.0077,50-11,False,,,,,,
,England,Zimbabwe,0.995,0.0008,0.0042,54-11,False,,,,,,
,Wales,Tonga,0.8452,0.014,0.1408,34-17,False,,,,,,
,Wales,Zimbabwe,0.8478,0.0139,0.1383,33-16,False,,,,,,
,Tonga,Zimbabwe,0.7148,0.0203,0.2649,29-20,False,,,,,,
,Australia,New Zealand,0.3654,0.0228,0.6119,24-29,False,,,,,,
,Australia,Chile,0.917,0.0088,0.0742,40-16,False,,,,,,
,Australia,Hong Kong China,0.9808,0.0026,0.0165,45-10,False,,,,,,
,New Zealand,Chile,0.995,0.0008,0.0042,54-10,False,,,,,,
,New Zealand,Hong Kong China,0.9952,0.0008,0.004,51-7,False,,,,,,
,Chile,Hong Kong China,0.3932,0.0232,0.5835,21-25,False,,,,,,
,South Africa,Italy,0.9721,0.0036,0.0243,42-9,False,,,,,,
,South Africa,Georgia,0.9912,0.0013,0.0075,51-11,False,,,,,,
,South Africa,Romania,0.9989,0.0002,0.0009,59-8,False,,,,,,
,Italy,Georgia,0.7441,0.0189,0.237,28-17,False,,,,,,
,Italy,Romania,0.9661,0.0043,0.0296,45-14,False,,,,,,
,Georgia,Romania,0.8661,0.0125,0.1214,35-16,False,,,,,,
,Argentina,Fiji,0.8055,0.0161,0.1784,34-19,False,,,,,,
,Argentina,Canada,0.9984,0.0003,0.0013,57-7,False,,,,,,
,Argentina,Spain,0.9185,0.0087,0.0728,39-15,False,,,,,,
,Fiji,Canada,0.948,0.0061,0.0459,43-15,False,,,,,,
,Fiji,Spain,0.7748,0.0176,0.2077,31-18,False,,,,,,
,Canada,Spain,0.1939,0.0169,0.7892,17-31,False,,,,,,
,Ireland,Scotland,0.6999,0.0205,0.2795,31-22,False,,,,,,
,Ireland,Uruguay,0.9918,0.0012,0.0069,52-12,False,,,,,,
,Ireland,Portugal,0.9965,0.0006,0.0029,55-9,False,,,,,,
,Scotland,Uruguay,0.9641,0.0045,0.0315,43-12,False,,,,,,
,Scotland,Portugal,0.9833,0.0023,0.0144,46-10,False,,,,,,
,Uruguay,Portugal,0.5141,0.0239,0.462,23-22,False,,,,,,
,France,Japan,0.94,0.0068,0.0532,41-14,False,,,,,,
,France,Samoa,0.983,0.0024,0.0146,49-13,False,,,,,,
,France,United States,0.996,0.0007,0.0034,54-9,False,,,,,,
,Japan,Samoa,0.552,0.0236,0.4243,24-22,False,,,,,,
,Japan,United States,0.6995,0.0205,0.28,30-21,False,,,,,,
,Samoa,United States,0.7471,0.0188,0.2341,31-20,False,,,,,,
,England,Wales,0.894,0.0106,0.0954,37-16,False,,,,,,
,England,Tonga,0.9949,0.0008,0.0043,53-9,False,,,,,,
,England,Zimbabwe,0.9958,0.0007,0.0035,53-8,False,,,,,,
,Wales,Tonga,0.9082,0.0095,0.0823,37-14,False,,,,,,
,Wales,Zimbabwe,0.8247,0.015,0.1603,32-16,False,,,,,,
,Tonga,Zimbabwe,0.455,0.0238,0.5211,23-24,False,,,,,,
,Australia,New Zealand,0.3654,0.0228,0.6119,24-29,False,,,,,,
,Australia,Chile,0.917,0.0088,0.0742,40-16,False,,,,,,
,Australia,Hong Kong China,0.9808,0.0026,0.0165,45-10,False,,,,,,
,New Zealand,Chile,0.995,0.0008,0.0042,54-10,False,,,,,,
,New Zealand,Hong Kong China,0.9952,0.0008,0.004,51-7,False,,,,,,
,Chile,Hong Kong China,0.3932,0.0232,0.5835,21-25,False,,,,,,
,South Africa,Italy,0.9721,0.0036,0.0243,42-9,False,,,,,,
,South Africa,Georgia,0.9912,0.0013,0.0075,51-11,False,,,,,,
,South Africa,Romania,0.9989,0.0002,0.0009,59-8,False,,,,,,
,Italy,Georgia,0.7441,0.0189,0.237,28-17,False,,,,,,
,Italy,Romania,0.9661,0.0043,0.0296,45-14,False,,,,,,
,Georgia,Romania,0.8661,0.0125,0.1214,35-16,False,,,,,,
,Argentina,Fiji,0.8055,0.0161,0.1784,34-19,False,,,,,,
,Argentina,Canada,0.9984,0.0003,0.0013,57-7,False,,,,,,
,Argentina,Spain,0.9185,0.0087,0.0728,39-15,False,,,,,,
,Fiji,Canada,0.948,0.0061,0.0459,43-15,False,,,,,,
,Fiji,Spain,0.7748,0.0176,0.2077,31-18,False,,,,,,
,Canada,Spain,0.1939,0.0169,0.7892,17-31,False,,,,,,
,Ireland,Scotland,0.6999,0.0205,0.2795,31-22,False,,,,,,
,Ireland,Uruguay,0.9918,0.0012,0.0069,52-12,False,,,,,,
,Ireland,Portugal,0.9965,0.0006,0.0029,55-9,False,,,,,,
,Scotland,Uruguay,0.9641,0.0045,0.0315,43-12,False,,,,,,
,Scotland,Portugal,0.9833,0.0023,0.0144,46-10,False,,,,,,
,Uruguay,Portugal,0.5141,0.0239,0.462,23-22,False,,,,,,
,France,Japan,0.94,0.0068,0.0532,41-14,False,,,,,,
,France,Samoa,0.983,0.0024,0.0146,49-13,False,,,,,,
,France,United States,0.996,0.0007,0.0034,54-9,False,,,,,,
,Japan,Samoa,0.552,0.0236,0.4243,24-22,False,,,,,,
,Japan,United States,0.6995,0.0205,0.28,30-21,False,,,,,,
,Samoa,United States,0.7471,0.0188,0.2341,31-20,False,,,,,,
,England,Wales,0.894,0.0106,0.0954,37-16,False,,,,,,
,England,Tonga,0.9949,0.0008,0.0043,53-9,False,,,,,,
,England,Zimbabwe,0.9958,0.0007,0.0035,53-8,False,,,,,,
,Wales,Tonga,0.9082,0.0095,0.0823,37-14,False,,,,,,
,Wales,Zimbabwe,0.8247,0.015,0.1603,32-16,False,,,,,,
,Tonga,Zimbabwe,0.455,0.0238,0.5211,23-24,False,,,,,,
,Australia,New Zealand,0.3654,0.0228,0.6119,24-29,False,,,,,,
,Australia,Chile,0.917,0.0088,0.0742,40-16,False,,,,,,
,Australia,Hong Kong China,0.9808,0.0026,0.0165,45-10,False,,,,,,
,New Zealand,Chile,0.995,0.0008,0.0042,54-10,False,,,,,,
,New Zealand,Hong Kong China,0.9952,0.0008,0.004,51-7,False,,,,,,
,Chile,Hong Kong China,0.3932,0.0232,0.5835,21-25,False,,,,,,
,South Africa,Italy,0.9721,0.0036,0.0243,42-9,False,,,,,,
,South Africa,Georgia,0.9912,0.0013,0.0075,51-11,False,,,,,,
,South Africa,Romania,0.9989,0.0002,0.0009,59-8,False,,,,,,
,Italy,Georgia,0.7441,0.0189,0.237,28-17,False,,,,,,
,Italy,Romania,0.9661,0.0043,0.0296,45-14,False,,,,,,
,Georgia,Romania,0.8661,0.0125,0.1214,35-16,False,,,,,,
,Argentina,Fiji,0.8055,0.0161,0.1784,34-19,False,,,,,,
,Argentina,Canada,0.9984,0.0003,0.0013,57-7,False,,,,,,
,Argentina,Spain,0.9185,0.0087,0.0728,39-15,False,,,,,,
,Fiji,Canada,0.948,0.0061,0.0459,43-15,False,,,,,,
,Fiji,Spain,0.7748,0.0176,0.2077,31-18,False,,,,,,
,Canada,Spain,0.1939,0.0169,0.7892,17-31,False,,,,,,
,Ireland,Scotland,0.6999,0.0205,0.2795,31-22,False,,,,,,
,Ireland,Uruguay,0.9918,0.0012,0.0069,52-12,False,,,,,,
,Ireland,Portugal,0.9965,0.0006,0.0029,55-9,False,,,,,,
,Scotland,Uruguay,0.9641,0.0045,0.0315,43-12,False,,,,,,
,Scotland,Portugal,0.9833,0.0023,0.0144,46-10,False,,,,,,
,Uruguay,Portugal,0.5141,0.0239,0.462,23-22,False,,,,,,
,France,Japan,0.94,0.0068,0.0532,41-14,False,,,,,,
,France,Samoa,0.983,0.0024,0.0146,49-13,False,,,,,,
,France,United States,0.996,0.0007,0.0034,54-9,False,,,,,,
,Japan,Samoa,0.552,0.0236,0.4243,24-22,False,,,,,,
,Japan,United States,0.6995,0.0205,0.28,30-21,False,,,,,,
,Samoa,United States,0.7471,0.0188,0.2341,31-20,False,,,,,,
,England,Wales,0.894,0.0106,0.0954,37-16,False,,,,,,
,England,Tonga,0.9949,0.0008,0.0043,53-9,False,,,,,,
,England,Zimbabwe,0.9958,0.0007,0.0035,53-8,False,,,,,,
,Wales,Tonga,0.9082,0.0095,0.0823,37-14,False,,,,,,
,Wales,Zimbabwe,0.8247,0.015,0.1603,32-16,False,,,,,,
,Tonga,Zimbabwe,0.455,0.0238,0.5211,23-24,False,,,,,,
,Australia,New Zealand,0.3654,0.0228,0.6119,24-29,False,,,,,,
,Australia,Chile,0.917,0.0088,0.0742,40-16,False,,,,,,
,Australia,Hong Kong China,0.9808,0.0026,0.0165,45-10,False,,,,,,
,New Zealand,Chile,0.995,0.0008,0.0042,54-10,False,,,,,,
,New Zealand,Hong Kong China,0.9952,0.0008,0.004,51-7,False,,,,,,
,Chile,Hong Kong China,0.3932,0.0232,0.5835,21-25,False,,,,,,
,South Africa,Italy,0.9721,0.0036,0.0243,42-9,False,,,,,,
,South Africa,Georgia,0.9912,0.0013,0.0075,51-11,False,,,,,,
,South Africa,Romania,0.9989,0.0002,0.0009,59-8,False,,,,,,
,Italy,Georgia,0.7441,0.0189,0.237,28-17,False,,,,,,
,Italy,Romania,0.9661,0.0043,0.0296,45-14,False,,,,,,
,Georgia,Romania,0.8661,0.0125,0.1214,35-16,False,,,,,,
,Argentina,Fiji,0.8055,0.0161,0.1784,34-19,False,,,,,,
,Argentina,Canada,0.9984,0.0003,0.0013,57-7,False,,,,,,
,Argentina,Spain,0.9185,0.0087,0.0728,39-15,False,,,,,,
,Fiji,Canada,0.948,0.0061,0.0459,43-15,False,,,,,,
,Fiji,Spain,0.7748,0.0176,0.2077,31-18,False,,,,,,
,Canada,Spain,0.1939,0.0169,0.7892,17-31,False,,,,,,
,Ireland,Scotland,0.6999,0.0205,0.2795,31-22,False,,,,,,
,Ireland,Uruguay,0.9918,0.0012,0.0069,52-12,False,,,,,,
,Ireland,Portugal,0.9965,0.0006,0.0029,55-9,False,,,,,,
,Scotland,Uruguay,0.9641,0.0045,0.0315,43-12,False,,,,,,
,Scotland,Portugal,0.9833,0.0023,0.0144,46-10,False,,,,,,
,Uruguay,Portugal,0.5141,0.0239,0.462,23-22,False,,,,,,
,France,Japan,0.94,0.0068,0.0532,41-14,False,,,,,,
,France,Samoa,0.983,0.0024,0.0146,49-13,False,,,,,,
,France,United States,0.996,0.0007,0.0034,54-9,False,,,,,,
,Japan,Samoa,0.552,0.0236,0.4243,24-22,False,,,,,,
,Japan,United States,0.6995,0.0205,0.28,30-21,False,,,,,,
,Samoa,United States,0.7471,0.0188,0.2341,31-20,False,,,,,,
,England,Wales,0.894,0.0106,0.0954,37-16,False,,,,,,
,England,Tonga,0.9949,0.0008,0.0043,53-9,False,,,,,,
,England,Zimbabwe,0.9958,0.0007,0.0035,53-8,False,,,,,,
,Wales,Tonga,0.9082,0.0095,0.0823,37-14,False,,,,,,
,Wales,Zimbabwe,0.8247,0.015,0.1603,32-16,False,,,,,,
,Tonga,Zimbabwe,0.455,0.0238,0.5211,23-24,False,,,,,,
,Australia,New Zealand,0.3654,0.0228,0.6119,24-29,False,,,,,,
,Australia,Chile,0.917,0.0088,0.0742,40-16,False,,,,,,
,Australia,Hong Kong China,0.9808,0.0026,0.0165,45-10,False,,,,,,
,New Zealand,Chile,0.995,0.0008,0.0042,54-10,False,,,,,,
,New Zealand,Hong Kong China,0.9952,0.0008,0.004,51-7,False,,,,,,
,Chile,Hong Kong China,0.3932,0.0232,0.5835,21-25,False,,,,,,
,South Africa,Italy,0.9721,0.0036,0.0243,42-9,False,,,,,,
,South Africa,Georgia,0.9912,0.0013,0.0075,51-11,False,,,,,,
,South Africa,Romania,0.9989,0.0002,0.0009,59-8,False,,,,,,
,Italy,Georgia,0.7441,0.0189,0.237,28-17,False,,,,,,
,Italy,Romania,0.9661,0.0043,0.0296,45-14,False,,,,,,
,Georgia,Romania,0.8661,0.0125,0.1214,35-16,False,,,,,,
,Argentina,Fiji,0.8055,0.0161,0.1784,34-19,False,,,,,,
,Argentina,Canada,0.9984,0.0003,0.0013,57-7,False,,,,,,
,Argentina,Spain,0.9185,0.0087,0.0728,39-15,False,,,,,,
,Fiji,Canada,0.948,0.0061,0.0459,43-15,False,,,,,,
,Fiji,Spain,0.7748,0.0176,0.2077,31-18,False,,,,,,
,Canada,Spain,0.1939,0.0169,0.7892,17-31,False,,,,,,
,Ireland,Scotland,0.6999,0.0205,0.2795,31-22,False,,,,,,
,Ireland,Uruguay,0.9918,0.0012,0.0069,52-12,False,,,,,,
,Ireland,Portugal,0.9965,0.0006,0.0029,55-9,False,,,,,,
,Scotland,Uruguay,0.9641,0.0045,0.0315,43-12,False,,,,,,
,Scotland,Portugal,0.9833,0.0023,0.0144,46-10,False,,,,,,
,Uruguay,Portugal,0.5141,0.0239,0.462,23-22,False,,,,,,
,France,Japan,0.94,0.0068,0.0532,41-14,False,,,,,,
,France,Samoa,0.983,0.0024,0.0146,49-13,False,,,,,,
,France,United States,0.996,0.0007,0.0034,54-9,False,,,,,,
,Japan,Samoa,0.552,0.0236,0.4243,24-22,False,,,,,,
,Japan,United States,0.6995,0.0205,0.28,30-21,False,,,,,,
,Samoa,United States,0.7471,0.0188,0.2341,31-20,False,,,,,,
,England,Wales,0.894,0.0106,0.0954,37-16,False,,,,,,
,England,Tonga,0.9949,0.0008,0.0043,53-9,False,,,,,,
,England,Zimbabwe,0.9958,0.0007,0.0035,53-8,False,,,,,,
,Wales,Tonga,0.9082,0.0095,0.0823,37-14,False,,,,,,
,Wales,Zimbabwe,0.8247,0.015,0.1603,32-16,False,,,,,,
,Tonga,Zimbabwe,0.455,0.0238,0.5211,23-24,False,,,,,,
,Australia,New Zealand,0.3654,0.0228,0.6119,24-29,False,,,,,,
,Australia,Chile,0.917,0.0088,0.0742,40-16,False,,,,,,
,Australia,Hong Kong China,0.9808,0.0026,0.0165,45-10,False,,,,,,
,New Zealand,Chile,0.995,0.0008,0.0042,54-10,False,,,,,,
,New Zealand,Hong Kong China,0.9952,0.0008,0.004,51-7,False,,,,,,
,Chile,Hong Kong China,0.3932,0.0232,0.5835,21-25,False,,,,,,
,South Africa,Italy,0.9721,0.0036,0.0243,42-9,False,,,,,,
,South Africa,Georgia,0.9912,0.0013,0.0075,51-11,False,,,,,,
,South Africa,Romania,0.9989,0.0002,0.0009,59-8,False,,,,,,
,Italy,Georgia,0.7441,0.0189,0.237,28-17,False,,,,,,
,Italy,Romania,0.9661,0.0043,0.0296,45-14,False,,,,,,
,Georgia,Romania,0.8661,0.0125,0.1214,35-16,False,,,,,,
,Argentina,Fiji,0.8055,0.0161,0.1784,34-19,False,,,,,,
,Argentina,Canada,0.9984,0.0003,0.0013,57-7,False,,,,,,
,Argentina,Spain,0.9185,0.0087,0.0728,39-15,False,,,,,,
,Fiji,Canada,0.948,0.0061,0.0459,43-15,False,,,,,,
,Fiji,Spain,0.7748,0.0176,0.2077,31-18,False,,,,,,
,Canada,Spain,0.1939,0.0169,0.7892,17-31,False,,,,,,
,Ireland,Scotland,0.6999,0.0205,0.2795,31-22,False,,,,,,
,Ireland,Uruguay,0.9918,0.0012,0.0069,52-12,False,,,,,,
,Ireland,Portugal,0.9965,0.0006,0.0029,55-9,False,,,,,,
,Scotland,Uruguay,0.9641,0.0045,0.0315,43-12,False,,,,,,
,Scotland,Portugal,0.9833,0.0023,0.0144,46-10,False,,,,,,
,Uruguay,Portugal,0.5141,0.0239,0.462,23-22,False,,,,,,
,France,Japan,0.94,0.0068,0.0532,41-14,False,,,,,,
,France,Samoa,0.983,0.0024,0.0146,49-13,False,,,,,,
,France,United States,0.996,0.0007,0.0034,54-9,False,,,,,,
,Japan,Samoa,0.552,0.0236,0.4243,24-22,False,,,,,,
,Japan,United States,0.6995,0.0205,0.28,30-21,False,,,,,,
,Samoa,United States,0.7471,0.0188,0.2341,31-20,False,,,,,,
,England,Wales,0.894,0.0106,0.0954,37-16,False,,,,,,
,England,Tonga,0.9949,0.0008,0.0043,53-9,False,,,,,,
,England,Zimbabwe,0.9958,0.0007,0.0035,53-8,False,,,,,,
,Wales,Tonga,0.9082,0.0095,0.0823,37-14,False,,,,,,
,Wales,Zimbabwe,0.8247,0.015,0.1603,32-16,False,,,,,,
,Tonga,Zimbabwe,0.455,0.0238,0.5211,23-24,False,,,,,,
,Australia,New Zealand,0.3654,0.0228,0.6119,24-29,False,,,,,,
,Australia,Chile,0.917,0.0088,0.0742,40-16,False,,,,,,
,Australia,Hong Kong China,0.9808,0.0026,0.0165,45-10,False,,,,,,
,New Zealand,Chile,0.995,0.0008,0.0042,54-10,False,,,,,,
,New Zealand,Hong Kong China,0.9952,0.0008,0.004,51-7,False,,,,,,
,Chile,Hong Kong China,0.3932,0.0232,0.5835,21-25,False,,,,,,
,South Africa,Italy,0.9721,0.0036,0.0243,42-9,False,,,,,,
,South Africa,Georgia,0.9912,0.0013,0.0075,51-11,False,,,,,,
,South Africa,Romania,0.9989,0.0002,0.0009,59-8,False,,,,,,
,Italy,Georgia,0.7441,0.0189,0.237,28-17,False,,,,,,
,Italy,Romania,0.9661,0.0043,0.0296,45-14,False,,,,,,
,Georgia,Romania,0.8661,0.0125,0.1214,35-16,False,,,,,,
,Argentina,Fiji,0.8055,0.0161,0.1784,34-19,False,,,,,,
,Argentina,Canada,0.9984,0.0003,0.0013,57-7,False,,,,,,
,Argentina,Spain,0.9185,0.0087,0.0728,39-15,False,,,,,,
,Fiji,Canada,0.948,0.0061,0.0459,43-15,False,,,,,,
,Fiji,Spain,0.7748,0.0176,0.2077,31-18,False,,,,,,
,Canada,Spain,0.1939,0.0169,0.7892,17-31,False,,,,,,
,Ireland,Scotland,0.6999,0.0205,0.2795,31-22,False,,,,,,
,Ireland,Uruguay,0.9918,0.0012,0.0069,52-12,False,,,,,,
,Ireland,Portugal,0.9965,0.0006,0.0029,55-9,False,,,,,,
,Scotland,Uruguay,0.9641,0.0045,0.0315,43-12,False,,,,,,
,Scotland,Portugal,0.9833,0.0023,0.0144,46-10,False,,,,,,
,Uruguay,Portugal,0.5141,0.0239,0.462,23-22,False,,,,,,
,France,Japan,0.94,0.0068,0.0532,41-14,False,,,,,,
,France,Samoa,0.983,0.0024,0.0146,49-13,False,,,,,,
,France,United States,0.996,0.0007,0.0034,54-9,False,,,,,,
,Japan,Samoa,0.552,0.0236,0.4243,24-22,False,,,,,,
,Japan,United States,0.6995,0.0205,0.28,30-21,False,,,,,,
,Samoa,United States,0.7471,0.0188,0.2341,31-20,False,,,,,,
,England,Wales,0.894,0.0106,0.0954,37-16,False,,,,,,
,England,Tonga,0.9949,0.0008,0.0043,53-9,False,,,,,,
,England,Zimbabwe,0.9958,0.0007,0.0035,53-8,False,,,,,,
,Wales,Tonga,0.9082,0.0095,0.0823,37-14,False,,,,,,
,Wales,Zimbabwe,0.8247,0.015,0.1603,32-16,False,,,,,,
,Tonga,Zimbabwe,0.455,0.0238,0.5211,23-24,False,,,,,,
,Australia,New Zealand,0.3654,0.0228,0.6119,24-29,False,,,,,,
,Australia,Chile,0.917,0.0088,0.0742,40-16,False,,,,,,
,Australia,Hong Kong China,0.9808,0.0026,0.0165,45-10,False,,,,,,
,New Zealand,Chile,0.995,0.0008,0.0042,54-10,False,,,,,,
,New Zealand,Hong Kong China,0.9952,0.0008,0.004,51-7,False,,,,,,
,Chile,Hong Kong China,0.3932,0.0232,0.5835,21-25,False,,,,,,
,South Africa,Italy,0.9721,0.0036,0.0243,42-9,False,,,,,,
,South Africa,Georgia,0.9912,0.0013,0.0075,51-11,False,,,,,,
,South Africa,Romania,0.9989,0.0002,0.0009,59-8,False,,,,,,
,Italy,Georgia,0.7441,0.0189,0.237,28-17,False,,,,,,
,Italy,Romania,0.9661,0.0043,0.0296,45-14,False,,,,,,
,Georgia,Romania,0.8661,0.0125,0.1214,35-16,False,,,,,,
,Argentina,Fiji,0.8055,0.0161,0.1784,34-19,False,,,,,,
,Argentina,Canada,0.9984,0.0003,0.0013,57-7,False,,,,,,
,Argentina,Spain,0.9185,0.0087,0.0728,39-15,False,,,,,,
,Fiji,Canada,0.948,0.0061,0.0459,43-15,False,,,,,,
,Fiji,Spain,0.7748,0.0176,0.2077,31-18,False,,,,,,
,Canada,Spain,0.1939,0.0169,0.7892,17-31,False,,,,,,
,Ireland,Scotland,0.6999,0.0205,0.2795,31-22,False,,,,,,
,Ireland,Uruguay,0.9918,0.0012,0.0069,52-12,False,,,,,,
,Ireland,Portugal,0.9965,0.0006,0.0029,55-9,False,,,,,,
,Scotland,Uruguay,0.9641,0.0045,0.0315,43-12,False,,,,,,
,Scotland,Portugal,0.9833,0.0023,0.0144,46-10,False,,,,,,
,Uruguay,Portugal,0.5141,0.0239,0.462,23-22,False,,,,,,
,France,Japan,0.94,0.0068,0.0532,41-14,False,,,,,,
,France,Samoa,0.983,0.0024,0.0146,49-13,False,,,,,,
,France,United States,0.996,0.0007,0.0034,54-9,False,,,,,,
,Japan,Samoa,0.552,0.0236,0.4243,24-22,False,,,,,,
,Japan,United States,0.6995,0.0205,0.28,30-21,False,,,,,,
,Samoa,United States,0.7471,0.0188,0.2341,31-20,False,,,,,,
,England,Wales,0.894,0.0106,0.0954,37-16,False,,,,,,
,England,Tonga,0.9949,0.0008,0.0043,53-9,False,,,,,,
,England,Zimbabwe,0.9958,0.0007,0.0035,53-8,False,,,,,,
,Wales,Tonga,0.9082,0.0095,0.0823,37-14,False,,,,,,
,Wales,Zimbabwe,0.8247,0.015,0.1603,32-16,False,,,,,,
,Tonga,Zimbabwe,0.455,0.0238,0.5211,23-24,False,,,,,,
,Australia,New Zealand,0.3654,0.0228,0.6119,24-29,False,,,,,,
,Australia,Chile,0.917,0.0088,0.0742,40-16,False,,,,,,
,Australia,Hong Kong China,0.9808,0.0026,0.0165,45-10,False,,,,,,
,New Zealand,Chile,0.995,0.0008,0.0042,54-10,False,,,,,,
,New Zealand,Hong Kong China,0.9952,0.0008,0.004,51-7,False,,,,,,
,Chile,Hong Kong China,0.3932,0.0232,0.5835,21-25,False,,,,,,
,South Africa,Italy,0.9721,0.0036,0.0243,42-9,False,,,,,,
,South Africa,Georgia,0.9912,0.0013,0.0075,51-11,False,,,,,,
,South Africa,Romania,0.9989,0.0002,0.0009,59-8,False,,,,,,
,Italy,Georgia,0.7441,0.0189,0.237,28-17,False,,,,,,
,Italy,Romania,0.9661,0.0043,0.0296,45-14,False,,,,,,
,Georgia,Romania,0.8661,0.0125,0.1214,35-16,False,,,,,,
,Argentina,Fiji,0.8055,0.0161,0.1784,34-19,False,,,,,,
,Argentina,Canada,0.9984,0.0003,0.0013,57-7,False,,,,,,
,Argentina,Spain,0.9185,0.0087,0.0728,39-15,False,,,,,,
,Fiji,Canada,0.948,0.0061,0.0459,43-15,False,,,,,,
,Fiji,Spain,0.7748,0.0176,0.2077,31-18,False,,,,,,
,Canada,Spain,0.1939,0.0169,0.7892,17-31,False,,,,,,
,Ireland,Scotland,0.6999,0.0205,0.2795,31-22,False,,,,,,
,Ireland,Uruguay,0.9918,0.0012,0.0069,52-12,False,,,,,,
,Ireland,Portugal,0.9965,0.0006,0.0029,55-9,False,,,,,,
,Scotland,Uruguay,0.9641,0.0045,0.0315,43-12,False,,,,,,
,Scotland,Portugal,0.9833,0.0023,0.0144,46-10,False,,,,,,
,Uruguay,Portugal,0.5141,0.0239,0.462,23-22,False,,,,,,
,France,Japan,0.94,0.0068,0.0532,41-14,False,,,,,,
,France,Samoa,0.983,0.0024,0.0146,49-13,False,,,,,,
,France,United States,0.996,0.0007,0.0034,54-9,False,,,,,,
,Japan,Samoa,0.552,0.0236,0.4243,24-22,False,,,,,,
,Japan,United States,0.6995,0.0205,0.28,30-21,False,,,,,,
,Samoa,United States,0.7471,0.0188,0.2341,31-20,False,,,,,,
,England,Wales,0.894,0.0106,0.0954,37-16,False,,,,,,
,England,Tonga,0.9949,0.0008,0.0043,53-9,False,,,,,,
,England,Zimbabwe,0.9958,0.0007,0.0035,53-8,False,,,,,,
,Wales,Tonga,0.9082,0.0095,0.0823,37-14,False,,,,,,
,Wales,Zimbabwe,0.8247,0.015,0.1603,32-16,False,,,,,,
,Tonga,Zimbabwe,0.455,0.0238,0.5211,23-24,False,,,,,,
,Australia,New Zealand,0.3654,0.0228,0.6119,24-29,False,,,,,,
,Australia,Chile,0.917,0.0088,0.0742,40-16,False,,,,,,
,Australia,Hong Kong China,0.9808,0.0026,0.0165,45-10,False,,,,,,
,New Zealand,Chile,0.995,0.0008,0.0042,54-10,False,,,,,,
,New Zealand,Hong Kong China,0.9952,0.0008,0.004,51-7,False,,,,,,
,Chile,Hong Kong China,0.3932,0.0232,0.5835,21-25,False,,,,,,
,South Africa,Italy,0.9721,0.0036,0.0243,42-9,False,,,,,,
,South Africa,Georgia,0.9912,0.0013,0.0075,51-11,False,,,,,,
,South Africa,Romania,0.9989,0.0002,0.0009,59-8,False,,,,,,
,Italy,Georgia,0.7441,0.0189,0.237,28-17,False,,,,,,
,Italy,Romania,0.9661,0.0043,0.0296,45-14,False,,,,,,
,Georgia,Romania,0.8661,0.0125,0.1214,35-16,False,,,,,,
,Argentina,Fiji,0.8055,0.0161,0.1784,34-19,False,,,,,,
,Argentina,Canada,0.9984,0.0003,0.0013,57-7,False,,,,,,
,Argentina,Spain,0.9185,0.0087,0.0728,39-15,False,,,,,,
,Fiji,Canada,0.948,0.0061,0.0459,43-15,False,,,,,,
,Fiji,Spain,0.7748,0.0176,0.2077,31-18,False,,,,,,
,Canada,Spain,0.1939,0.0169,0.7892,17-31,False,,,,,,
,Ireland,Scotland,0.6999,0.0205,0.2795,31-22,False,,,,,,
,Ireland,Uruguay,0.9918,0.0012,0.0069,52-12,False,,,,,,
,Ireland,Portugal,0.9965,0.0006,0.0029,55-9,False,,,,,,
,Scotland,Uruguay,0.9641,0.0045,0.0315,43-12,False,,,,,,
,Scotland,Portugal,0.9833,0.0023,0.0144,46-10,False,,,,,,
,Uruguay,Portugal,0.5141,0.0239,0.462,23-22,False,,,,,,
,France,Japan,0.94,0.0068,0.0532,41-14,False,,,,,,
,France,Samoa,0.983,0.0024,0.0146,49-13,False,,,,,,
,France,United States,0.996,0.0007,0.0034,54-9,False,,,,,,
,Japan,Samoa,0.552,0.0236,0.4243,24-22,False,,,,,,
,Japan,United States,0.6995,0.0205,0.28,30-21,False,,,,,,
,Samoa,United States,0.7471,0.0188,0.2341,31-20,False,,,,,,
,England,Wales,0.894,0.0106,0.0954,37-16,False,,,,,,
,England,Tonga,0.9949,0.0008,0.0043,53-9,False,,,,,,
,England,Zimbabwe,0.9958,0.0007,0.0035,53-8,False,,,,,,
,Wales,Tonga,0.9082,0.0095,0.0823,37-14,False,,,,,,
,Wales,Zimbabwe,0.8247,0.015,0.1603,32-16,False,,,,,,
,Tonga,Zimbabwe,0.455,0.0238,0.5211,23-24,False,,,,,,
,Australia,New Zealand,0.3654,0.0228,0.6119,24-29,False,,,,,,
,Australia,Chile,0.917,0.0088,0.0742,40-16,False,,,,,,
,Australia,Hong Kong China,0.9808,0.0026,0.0165,45-10,False,,,,,,
,New Zealand,Chile,0.995,0.0008,0.0042,54-10,False,,,,,,
,New Zealand,Hong Kong China,0.9952,0.0008,0.004,51-7,False,,,,,,
,Chile,Hong Kong China,0.3932,0.0232,0.5835,21-25,False,,,,,,
,South Africa,Italy,0.9721,0.0036,0.0243,42-9,False,,,,,,
,South Africa,Georgia,0.9912,0.0013,0.0075,51-11,False,,,,,,
,South Africa,Romania,0.9989,0.0002,0.0009,59-8,False,,,,,,
,Italy,Georgia,0.7441,0.0189,0.237,28-17,False,,,,,,
,Italy,Romania,0.9661,0.0043,0.0296,45-14,False,,,,,,
,Georgia,Romania,0.8661,0.0125,0.1214,35-16,False,,,,,,
,Argentina,Fiji,0.8055,0.0161,0.1784,34-19,False,,,,,,
,Argentina,Canada,0.9984,0.0003,0.0013,57-7,False,,,,,,
,Argentina,Spain,0.9185,0.0087,0.0728,39-15,False,,,,,,
,Fiji,Canada,0.948,0.0061,0.0459,43-15,False,,,,,,
,Fiji,Spain,0.7748,0.0176,0.2077,31-18,False,,,,,,
,Canada,Spain,0.1939,0.0169,0.7892,17-31,False,,,,,,
,Ireland,Scotland,0.6999,0.0205,0.2795,31-22,False,,,,,,
,Ireland,Uruguay,0.9918,0.0012,0.0069,52-12,False,,,,,,
,Ireland,Portugal,0.9965,0.0006,0.0029,55-9,False,,,,,,
,Scotland,Uruguay,0.9641,0.0045,0.0315,43-12,False,,,,,,
,Scotland,Portugal,0.9833,0.0023,0.0144,46-10,False,,,,,,
,Uruguay,Portugal,0.5141,0.0239,0.462,23-22,False,,,,,,
,France,Japan,0.94,0.0068,0.0532,41-14,False,,,,,,
,France,Samoa,0.983,0.0024,0.0146,49-13,False,,,,,,
,France,United States,0.996,0.0007,0.0034,54-9,False,,,,,,
,Japan,Samoa,0.552,0.0236,0.4243,24-22,False,,,,,,
,Japan,United States,0.6995,0.0205,0.28,30-21,False,,,,,,
,Samoa,United States,0.7471,0.0188,0.2341,31-20,False,,,,,,
,England,Wales,0.894,0.0106,0.0954,37-16,False,,,,,,
,England,Tonga,0.9949,0.0008,0.0043,53-9,False,,,,,,
,England,Zimbabwe,0.9958,0.0007,0.0035,53-8,False,,,,,,
,Wales,Tonga,0.9082,0.0095,0.0823,37-14,False,,,,,,
,Wales,Zimbabwe,0.8247,0.015,0.1603,32-16,False,,,,,,
,Tonga,Zimbabwe,0.455,0.0238,0.5211,23-24,False,,,,,,
,Australia,New Zealand,0.3654,0.0228,0.6119,24-29,False,,,,,,
,Australia,Chile,0.917,0.0088,0.0742,40-16,False,,,,,,
,Australia,Hong Kong China,0.9808,0.0026,0.0165,45-10,False,,,,,,
,New Zealand,Chile,0.995,0.0008,0.0042,54-10,False,,,,,,
,New Zealand,Hong Kong China,0.9952,0.0008,0.004,51-7,False,,,,,,
,Chile,Hong Kong China,0.3932,0.0232,0.5835,21-25,False,,,,,,
,South Africa,Italy,0.9721,0.0036,0.0243,42-9,False,,,,,,
,South Africa,Georgia,0.9912,0.0013,0.0075,51-11,False,,,,,,
,South Africa,Romania,0.9989,0.0002,0.0009,59-8,False,,,,,,
,Italy,Georgia,0.7441,0.0189,0.237,28-17,False,,,,,,
,Italy,Romania,0.9661,0.0043,0.0296,45-14,False,,,,,,
,Georgia,Romania,0.8661,0.0125,0.1214,35-16,False,,,,,,
,Argentina,Fiji,0.8055,0.0161,0.1784,34-19,False,,,,,,
,Argentina,Canada,0.9984,0.0003,0.0013,57-7,False,,,,,,
,Argentina,Spain,0.9185,0.0087,0.0728,39-15,False,,,,,,
,Fiji,Canada,0.948,0.0061,0.0459,43-15,False,,,,,,
,Fiji,Spain,0.7748,0.0176,0.2077,31-18,False,,,,,,
,Canada,Spain,0.1939,0.0169,0.7892,17-31,False,,,,,,
,Ireland,Scotland,0.6999,0.0205,0.2795,31-22,False,,,,,,
,Ireland,Uruguay,0.9918,0.0012,0.0069,52-12,False,,,,,,
,Ireland,Portugal,0.9965,0.0006,0.0029,55-9,False,,,,,,
,Scotland,Uruguay,0.9641,0.0045,0.0315,43-12,False,,,,,,
,Scotland,Portugal,0.9833,0.0023,0.0144,46-10,False,,,,,,
,Uruguay,Portugal,0.5141,0.0239,0.462,23-22,False,,,,,,
,France,Japan,0.94,0.0068,0.0532,41-14,False,,,,,,
,France,Samoa,0.983,0.0024,0.0146,49-13,False,,,,,,
,France,United States,0.996,0.0007,0.0034,54-9,False,,,,,,
,Japan,Samoa,0.552,0.0236,0.4243,24-22,False,,,,,,
,Japan,United States,0.6995,0.0205,0.28,30-21,False,,,,,,
,Samoa,United States,0.7471,0.0188,0.2341,31-20,False,,,,,,
,England,Wales,0.894,0.0106,0.0954,37-16,False,,,,,,
,England,Tonga,0.9949,0.0008,0.0043,53-9,False,,,,,,
,England,Zimbabwe,0.9958,0.0007,0.0035,53-8,False,,,,,,
,Wales,Tonga,0.9082,0.0095,0.0823,37-14,False,,,,,,
,Wales,Zimbabwe,0.8247,0.015,0.1603,32-16,False,,,,,,
,Tonga,Zimbabwe,0.455,0.0238,0.5211,23-24,False,,,,,,
,Australia,New Zealand,0.3654,0.0228,0.6119,24-29,False,,,,,,
,Australia,Chile,0.917,0.0088,0.0742,40-16,False,,,,,,
,Australia,Hong Kong China,0.9808,0.0026,0.0165,45-10,False,,,,,,
,New Zealand,Chile,0.995,0.0008,0.0042,54-10,False,,,,,,
,New Zealand,Hong Kong China,0.9952,0.0008,0.004,51-7,False,,,,,,
,Chile,Hong Kong China,0.3932,0.0232,0.5835,21-25,False,,,,,,
,South Africa,Italy,0.9721,0.0036,0.0243,42-9,False,,,,,,
,South Africa,Georgia,0.9912,0.0013,0.0075,51-11,False,,,,,,
,South Africa,Romania,0.9989,0.0002,0.0009,59-8,False,,,,,,
,Italy,Georgia,0.7441,0.0189,0.237,28-17,False,,,,,,
,Italy,Romania,0.9661,0.0043,0.0296,45-14,False,,,,,,
,Georgia,Romania,0.8661,0.0125,0.1214,35-16,False,,,,,,
,Argentina,Fiji,0.8055,0.0161,0.1784,34-19,False,,,,,,
,Argentina,Canada,0.9984,0.0003,0.0013,57-7,False,,,,,,
,Argentina,Spain,0.9185,0.0087,0.0728,39-15,False,,,,,,
,Fiji,Canada,0.948,0.0061,0.0459,43-15,False,,,,,,
,Fiji,Spain,0.7748,0.0176,0.2077,31-18,False,,,,,,
,Canada,Spain,0.1939,0.0169,0.7892,17-31,False,,,,,,
,Ireland,Scotland,0.6999,0.0205,0.2795,31-22,False,,,,,,
,Ireland,Uruguay,0.9918,0.0012,0.0069,52-12,False,,,,,,
,Ireland,Portugal,0.9965,0.0006,0.0029,55-9,False,,,,,,
,Scotland,Uruguay,0.9641,0.0045,0.0315,43-12,False,,,,,,
,Scotland,Portugal,0.9833,0.0023,0.0144,46-10,False,,,,,,
,Uruguay,Portugal,0.5141,0.0239,0.462,23-22,False,,,,,,
,France,Japan,0.94,0.0068,0.0532,41-14,False,,,,,,
,France,Samoa,0.983,0.0024,0.0146,49-13,False,,,,,,
,France,United States,0.996,0.0007,0.0034,54-9,False,,,,,,
,Japan,Samoa,0.552,0.0236,0.4243,24-22,False,,,,,,
,Japan,United States,0.6995,0.0205,0.28,30-21,False,,,,,,
,Samoa,United States,0.7471,0.0188,0.2341,31-20,False,,,,,,
,England,Wales,0.894,0.0106,0.0954,37-16,False,,,,,,
,England,Tonga,0.9949,0.0008,0.0043,53-9,False,,,,,,
,England,Zimbabwe,0.9958,0.0007,0.0035,53-8,False,,,,,,
,Wales,Tonga,0.9082,0.0095,0.0823,37-14,False,,,,,,
,Wales,Zimbabwe,0.8247,0.015,0.1603,32-16,False,,,,,,
,Tonga,Zimbabwe,0.455,0.0238,0.5211,23-24,False,,,,,,
,Australia,New Zealand,0.3654,0.0228,0.6119,24-29,False,,,,,,
,Australia,Chile,0.917,0.0088,0.0742,40-16,False,,,,,,
,Australia,Hong Kong China,0.9808,0.0026,0.0165,45-10,False,,,,,,
,New Zealand,Chile,0.995,0.0008,0.0042,54-10,False,,,,,,
,New Zealand,Hong Kong China,0.9952,0.0008,0.004,51-7,False,,,,,,
,Chile,Hong Kong China,0.3932,0.0232,0.5835,21-25,False,,,,,,
,South Africa,Italy,0.9721,0.0036,0.0243,42-9,False,,,,,,
,South Africa,Georgia,0.9912,0.0013,0.0075,51-11,False,,,,,,
,South Africa,Romania,0.9989,0.0002,0.0009,59-8,False,,,,,,
,Italy,Georgia,0.7441,0.0189,0.237,28-17,False,,,,,,
,Italy,Romania,0.9661,0.0043,0.0296,45-14,False,,,,,,
,Georgia,Romania,0.8661,0.0125,0.1214,35-16,False,,,,,,
,Argentina,Fiji,0.8055,0.0161,0.1784,34-19,False,,,,,,
,Argentina,Canada,0.9984,0.0003,0.0013,57-7,False,,,,,,
,Argentina,Spain,0.9185,0.0087,0.0728,39-15,False,,,,,,
,Fiji,Canada,0.948,0.0061,0.0459,43-15,False,,,,,,
,Fiji,Spain,0.7748,0.0176,0.2077,31-18,False,,,,,,
,Canada,Spain,0.1939,0.0169,0.7892,17-31,False,,,,,,
,Ireland,Scotland,0.6999,0.0205,0.2795,31-22,False,,,,,,
,Ireland,Uruguay,0.9918,0.0012,0.0069,52-12,False,,,,,,
,Ireland,Portugal,0.9965,0.0006,0.0029,55-9,False,,,,,,
,Scotland,Uruguay,0.9641,0.0045,0.0315,43-12,False,,,,,,
,Scotland,Portugal,0.9833,0.0023,0.0144,46-10,False,,,,,,
,Uruguay,Portugal,0.5141,0.0239,0.462,23-22,False,,,,,,
,France,Japan,0.94,0.0068,0.0532,41-14,False,,,,,,
,France,Samoa,0.983,0.0024,0.0146,49-13,False,,,,,,
,France,United States,0.996,0.0007,0.0034,54-9,False,,,,,,
,Japan,Samoa,0.552,0.0236,0.4243,24-22,False,,,,,,
,Japan,United States,0.6995,0.0205,0.28,30-21,False,,,,,,
,Samoa,United States,0.7471,0.0188,0.2341,31-20,False,,,,,,
,England,Wales,0.894,0.0106,0.0954,37-16,False,,,,,,
,England,Tonga,0.9949,0.0008,0.0043,53-9,False,,,,,,
,England,Zimbabwe,0.9958,0.0007,0.0035,53-8,False,,,,,,
,Wales,Tonga,0.9082,0.0095,0.0823,37-14,False,,,,,,
,Wales,Zimbabwe,0.8247,0.015,0.1603,32-16,False,,,,,,
,Tonga,Zimbabwe,0.455,0.0238,0.5211,23-24,False,,,,,,
,Australia,New Zealand,0.3654,0.0228,0.6119,24-29,False,,,,,,
,Australia,Chile,0.917,0.0088,0.0742,40-16,False,,,,,,
,Australia,Hong Kong China,0.9808,0.0026,0.0165,45-10,False,,,,,,
,New Zealand,Chile,0.995,0.0008,0.0042,54-10,False,,,,,,
,New Zealand,Hong Kong China,0.9952,0.0008,0.004,51-7,False,,,,,,
,Chile,Hong Kong China,0.3932,0.0232,0.5835,21-25,False,,,,,,
,South Africa,Italy,0.9721,0.0036,0.0243,42-9,False,,,,,,
,South Africa,Georgia,0.9912,0.0013,0.0075,51-11,False,,,,,,
,South Africa,Romania,0.9989,0.0002,0.0009,59-8,False,,,,,,
,Italy,Georgia,0.7441,0.0189,0.237,28-17,False,,,,,,
,Italy,Romania,0.9661,0.0043,0.0296,45-14,False,,,,,,
,Georgia,Romania,0.8661,0.0125,0.1214,35-16,False,,,,,,
,Argentina,Fiji,0.8055,0.0161,0.1784,34-19,False,,,,,,
,Argentina,Canada,0.9984,0.0003,0.0013,57-7,False,,,,,,
,Argentina,Spain,0.9185,0.0087,0.0728,39-15,False,,,,,,
,Fiji,Canada,0.948,0.0061,0.0459,43-15,False,,,,,,
,Fiji,Spain,0.7748,0.0176,0.2077,31-18,False,,,,,,
,Canada,Spain,0.1939,0.0169,0.7892,17-31,False,,,,,,
,Ireland,Scotland,0.6999,0.0205,0.2795,31-22,False,,,,,,
,Ireland,Uruguay,0.9918,0.0012,0.0069,52-12,False,,,,,,
,Ireland,Portugal,0.9965,0.0006,0.0029,55-9,False,,,,,,
,Scotland,Uruguay,0.9641,0.0045,0.0315,43-12,False,,,,,,
,Scotland,Portugal,0.9833,0.0023,0.0144,46-10,False,,,,,,
,Uruguay,Portugal,0.5141,0.0239,0.462,23-22,False,,,,,,
,France,Japan,0.94,0.0068,0.0532,41-14,False,,,,,,
,France,Samoa,0.983,0.0024,0.0146,49-13,False,,,,,,
,France,United States,0.996,0.0007,0.0034,54-9,False,,,,,,
,Japan,Samoa,0.552,0.0236,0.4243,24-22,False,,,,,,
,Japan,United States,0.6995,0.0205,0.28,30-21,False,,,,,,
,Samoa,United States,0.7471,0.0188,0.2341,31-20,False,,,,,,
,England,Wales,0.894,0.0106,0.0954,37-16,False,,,,,,
,England,Tonga,0.9949,0.0008,0.0043,53-9,False,,,,,,
,England,Zimbabwe,0.9958,0.0007,0.0035,53-8,False,,,,,,
,Wales,Tonga,0.9082,0.0095,0.0823,37-14,False,,,,,,
,Wales,Zimbabwe,0.8247,0.015,0.1603,32-16,False,,,,,,
,Tonga,Zimbabwe,0.455,0.0238,0.5211,23-24,False,,,,,,
,Australia,New Zealand,0.3654,0.0228,0.6119,24-29,False,,,,,,
,Australia,Chile,0.917,0.0088,0.0742,40-16,False,,,,,,
,Australia,Hong Kong China,0.9808,0.0026,0.0165,45-10,False,,,,,,
,New Zealand,Chile,0.995,0.0008,0.0042,54-10,False,,,,,,
,New Zealand,Hong Kong China,0.9952,0.0008,0.004,51-7,False,,,,,,
,Chile,Hong Kong China,0.3932,0.0232,0.5835,21-25,False,,,,,,
,South Africa,Italy,0.9721,0.0036,0.0243,42-9,False,,,,,,
,South Africa,Georgia,0.9912,0.0013,0.0075,51-11,False,,,,,,
,South Africa,Romania,0.9989,0.0002,0.0009,59-8,False,,,,,,
,Italy,Georgia,0.7441,0.0189,0.237,28-17,False,,,,,,
,Italy,Romania,0.9661,0.0043,0.0296,45-14,False,,,,,,
,Georgia,Romania,0.8661,0.0125,0.1214,35-16,False,,,,,,
,Argentina,Fiji,0.8055,0.0161,0.1784,34-19,False,,,,,,
,Argentina,Canada,0.9984,0.0003,0.0013,57-7,False,,,,,,
,Argentina,Spain,0.9185,0.0087,0.0728,39-15,False,,,,,,
,Fiji,Canada,0.948,0.0061,0.0459,43-15,False,,,,,,
,Fiji,Spain,0.7748,0.0176,0.2077,31-18,False,,,,,,
,Canada,Spain,0.1939,0.0169,0.7892,17-31,False,,,,,,
,Ireland,Scotland,0.6999,0.0205,0.2795,31-22,False,,,,,,
,Ireland,Uruguay,0.9918,0.0012,0.0069,52-12,False,,,,,,
,Ireland,Portugal,0.9965,0.0006,0.0029,55-9,False,,,,,,
,Scotland,Uruguay,0.9641,0.0045,0.0315,43-12,False,,,,,,
,Scotland,Portugal,0.9833,0.0023,0.0144,46-10,False,,,,,,
,Uruguay,Portugal,0.5141,0.0239,0.462,23-22,False,,,,,,
,France,Japan,0.94,0.0068,0.0532,41-14,False,,,,,,
,France,Samoa,0.983,0.0024,0.0146,49-13,False,,,,,,
,France,United States,0.996,0.0007,0.0034,54-9,False,,,,,,
,Japan,Samoa,0.552,0.0236,0.4243,24-22,False,,,,,,
,Japan,United States,0.6995,0.0205,0.28,30-21,False,,,,,,
,Samoa,United States,0.7471,0.0188,0.2341,31-20,False,,,,,,
,England,Wales,0.894,0.0106,0.0954,37-16,False,,,,,,
,England,Tonga,0.9949,0.0008,0.0043,53-9,False,,,,,,
,England,Zimbabwe,0.9958,0.0007,0.0035,53-8,False,,,,,,
,Wales,Tonga,0.9082,0.0095,0.0823,37-14,False,,,,,,
,Wales,Zimbabwe,0.8247,0.015,0.1603,32-16,False,,,,,,
,Tonga,Zimbabwe,0.455,0.0238,0.5211,23-24,False,,,,,,
,Australia,New Zealand,0.3654,0.0228,0.6119,24-29,False,,,,,,
,Australia,Chile,0.917,0.0088,0.0742,40-16,False,,,,,,
,Australia,Hong Kong China,0.9808,0.0026,0.0165,45-10,False,,,,,,
,New Zealand,Chile,0.995,0.0008,0.0042,54-10,False,,,,,,
,New Zealand,Hong Kong China,0.9952,0.0008,0.004,51-7,False,,,,,,
,Chile,Hong Kong China,0.3932,0.0232,0.5835,21-25,False,,,,,,
,South Africa,Italy,0.9721,0.0036,0.0243,42-9,False,,,,,,
,South Africa,Georgia,0.9912,0.0013,0.0075,51-11,False,,,,,,
,South Africa,Romania,0.9989,0.0002,0.0009,59-8,False,,,,,,
,Italy,Georgia,0.7441,0.0189,0.237,28-17,False,,,,,,
,Italy,Romania,0.9661,0.0043,0.0296,45-14,False,,,,,,
,Georgia,Romania,0.8661,0.0125,0.1214,35-16,False,,,,,,
,Argentina,Fiji,0.8055,0.0161,0.1784,34-19,False,,,,,,
,Argentina,Canada,0.9984,0.0003,0.0013,57-7,False,,,,,,
,Argentina,Spain,0.9185,0.0087,0.0728,39-15,False,,,,,,
,Fiji,Canada,0.948,0.0061,0.0459,43-15,False,,,,,,
,Fiji,Spain,0.7748,0.0176,0.2077,31-18,False,,,,,,
,Canada,Spain,0.1939,0.0169,0.7892,17-31,False,,,,,,
,Ireland,Scotland,0.6999,0.0205,0.2795,31-22,False,,,,,,
,Ireland,Uruguay,0.9918,0.0012,0.0069,52-12,False,,,,,,
,Ireland,Portugal,0.9965,0.0006,0.0029,55-9,False,,,,,,
,Scotland,Uruguay,0.9641,0.0045,0.0315,43-12,False,,,,,,
,Scotland,Portugal,0.9833,0.0023,0.0144,46-10,False,,,,,,
,Uruguay,Portugal,0.5141,0.0239,0.462,23-22,False,,,,,,
,France,Japan,0.94,0.0068,0.0532,41-14,False,,,,,,
,France,Samoa,0.983,0.0024,0.0146,49-13,False,,,,,,
,France,United States,0.996,0.0007,0.0034,54-9,False,,,,,,
,Japan,Samoa,0.552,0.0236,0.4243,24-22,False,,,,,,
,Japan,United States,0.6995,0.0205,0.28,30-21,False,,,,,,
,Samoa,United States,0.7471,0.0188,0.2341,31-20,False,,,,,,
,England,Wales,0.894,0.0106,0.0954,37-16,False,,,,,,
,England,Tonga,0.9949,0.0008,0.0043,53-9,False,,,,,,
,England,Zimbabwe,0.9958,0.0007,0.0035,53-8,False,,,,,,
,Wales,Tonga,0.9082,0.0095,0.0823,37-14,False,,,,,,
,Wales,Zimbabwe,0.8247,0.015,0.1603,32-16,False,,,,,,
,Tonga,Zimbabwe,0.455,0.0238,0.5211,23-24,False,,,,,,
,Australia,New Zealand,0.3654,0.0228,0.6119,24-29,False,,,,,,
,Australia,Chile,0.917,0.0088,0.0742,40-16,False,,,,,,
,Australia,Hong Kong China,0.9808,0.0026,0.0165,45-10,False,,,,,,
,New Zealand,Chile,0.995,0.0008,0.0042,54-10,False,,,,,,
,New Zealand,Hong Kong China,0.9952,0.0008,0.004,51-7,False,,,,,,
,Chile,Hong Kong China,0.3932,0.0232,0.5835,21-25,False,,,,,,
,South Africa,Italy,0.9721,0.0036,0.0243,42-9,False,,,,,,
,South Africa,Georgia,0.9912,0.0013,0.0075,51-11,False,,,,,,
,South Africa,Romania,0.9989,0.0002,0.0009,59-8,False,,,,,,
,Italy,Georgia,0.7441,0.0189,0.237,28-17,False,,,,,,
,Italy,Romania,0.9661,0.0043,0.0296,45-14,False,,,,,,
,Georgia,Romania,0.8661,0.0125,0.1214,35-16,False,,,,,,
,Argentina,Fiji,0.8055,0.0161,0.1784,34-19,False,,,,,,
,Argentina,Canada,0.9984,0.0003,0.0013,57-7,False,,,,,,
,Argentina,Spain,0.9185,0.0087,0.0728,39-15,False,,,,,,
,Fiji,Canada,0.948,0.0061,0.0459,43-15,False,,,,,,
,Fiji,Spain,0.7748,0.0176,0.2077,31-18,False,,,,,,
,Canada,Spain,0.1939,0.0169,0.7892,17-31,False,,,,,,
,Ireland,Scotland,0.6999,0.0205,0.2795,31-22,False,,,,,,
,Ireland,Uruguay,0.9918,0.0012,0.0069,52-12,False,,,,,,
,Ireland,Portugal,0.9965,0.0006,0.0029,55-9,False,,,,,,
,Scotland,Uruguay,0.9641,0.0045,0.0315,43-12,False,,,,,,
,Scotland,Portugal,0.9833,0.0023,0.0144,46-10,False,,,,,,
,Uruguay,Portugal,0.5141,0.0239,0.462,23-22,False,,,,,,
,France,Japan,0.94,0.0068,0.0532,41-14,False,,,,,,
,France,Samoa,0.983,0.0024,0.0146,49-13,False,,,,,,
,France,United States,0.996,0.0007,0.0034,54-9,False,,,,,,
,Japan,Samoa,0.552,0.0236,0.4243,24-22,False,,,,,,
,Japan,United States,0.6995,0.0205,0.28,30-21,False,,,,,,
,Samoa,United States,0.7471,0.0188,0.2341,31-20,False,,,,,,
,England,Wales,0.894,0.0106,0.0954,37-16,False,,,,,,
,England,Tonga,0.9949,0.0008,0.0043,53-9,False,,,,,,
,England,Zimbabwe,0.9958,0.0007,0.0035,53-8,False,,,,,,
,Wales,Tonga,0.9082,0.0095,0.0823,37-14,False,,,,,,
,Wales,Zimbabwe,0.8247,0.015,0.1603,32-16,False,,,,,,
,Tonga,Zimbabwe,0.455,0.0238,0.5211,23-24,False,,,,,,
,Australia,New Zealand,0.3654,0.0228,0.6119,24-29,False,,,,,,
,Australia,Chile,0.917,0.0088,0.0742,40-16,False,,,,,,
,Australia,Hong Kong China,0.9808,0.0026,0.0165,45-10,False,,,,,,
,New Zealand,Chile,0.995,0.0008,0.0042,54-10,False,,,,,,
,New Zealand,Hong Kong China,0.9952,0.0008,0.004,51-7,False,,,,,,
,Chile,Hong Kong China,0.3932,0.0232,0.5835,21-25,False,,,,,,
,South Africa,Italy,0.9721,0.0036,0.0243,42-9,False,,,,,,
,South Africa,Georgia,0.9912,0.0013,0.0075,51-11,False,,,,,,
,South Africa,Romania,0.9989,0.0002,0.0009,59-8,False,,,,,,
,Italy,Georgia,0.7441,0.0189,0.237,28-17,False,,,,,,
,Italy,Romania,0.9661,0.0043,0.0296,45-14,False,,,,,,
,Georgia,Romania,0.8661,0.0125,0.1214,35-16,False,,,,,,
,Argentina,Fiji,0.8055,0.0161,0.1784,34-19,False,,,,,,
,Argentina,Canada,0.9984,0.0003,0.0013,57-7,False,,,,,,
,Argentina,Spain,0.9185,0.0087,0.0728,39-15,False,,,,,,
,Fiji,Canada,0.948,0.0061,0.0459,43-15,False,,,,,,
,Fiji,Spain,0.7748,0.0176,0.2077,31-18,False,,,,,,
,Canada,Spain,0.1939,0.0169,0.7892,17-31,False,,,,,,
,Ireland,Scotland,0.6999,0.0205,0.2795,31-22,False,,,,,,
,Ireland,Uruguay,0.9918,0.0012,0.0069,52-12,False,,,,,,
,Ireland,Portugal,0.9965,0.0006,0.0029,55-9,False,,,,,,
,Scotland,Uruguay,0.9641,0.0045,0.0315,43-12,False,,,,,,
,Scotland,Portugal,0.9833,0.0023,0.0144,46-10,False,,,,,,
,Uruguay,Portugal,0.5141,0.0239,0.462,23-22,False,,,,,,
,France,Japan,0.94,0.0068,0.0532,41-14,False,,,,,,
,France,Samoa,0.983,0.0024,0.0146,49-13,False,,,,,,
,France,United States,0.996,0.0007,0.0034,54-9,False,,,,,,
,Japan,Samoa,0.552,0.0236,0.4243,24-22,False,,,,,,
,Japan,United States,0.6995,0.0205,0.28,30-21,False,,,,,,
,Samoa,United States,0.7471,0.0188,0.2341,31-20,False,,,,,,
,England,Wales,0.894,0.0106,0.0954,37-16,False,,,,,,
,England,Tonga,0.9949,0.0008,0.0043,53-9,False,,,,,,
,England,Zimbabwe,0.9958,0.0007,0.0035,53-8,False,,,,,,
,Wales,Tonga,0.9082,0.0095,0.0823,37-14,False,,,,,,
,Wales,Zimbabwe,0.8247,0.015,0.1603,32-16,False,,,,,,
,Tonga,Zimbabwe,0.455,0.0238,0.5211,23-24,False,,,,,,
,Australia,New Zealand,0.3654,0.0228,0.6119,24-29,False,,,,,,
,Australia,Chile,0.917,0.0088,0.0742,40-16,False,,,,,,
,Australia,Hong Kong China,0.9808,0.0026,0.0165,45-10,False,,,,,,
,New Zealand,Chile,0.995,0.0008,0.0042,54-10,False,,,,,,
,New Zealand,Hong Kong China,0.9952,0.0008,0.004,51-7,False,,,,,,
,Chile,Hong Kong China,0.3932,0.0232,0.5835,21-25,False,,,,,,
,South Africa,Italy,0.9721,0.0036,0.0243,42-9,False,,,,,,
,South Africa,Georgia,0.9912,0.0013,0.0075,51-11,False,,,,,,
,South Africa,Romania,0.9989,0.0002,0.0009,59-8,False,,,,,,
,Italy,Georgia,0.7441,0.0189,0.237,28-17,False,,,,,,
,Italy,Romania,0.9661,0.0043,0.0296,45-14,False,,,,,,
,Georgia,Romania,0.8661,0.0125,0.1214,35-16,False,,,,,,
,Argentina,Fiji,0.8055,0.0161,0.1784,34-19,False,,,,,,
,Argentina,Canada,0.9984,0.0003,0.0013,57-7,False,,,,,,
,Argentina,Spain,0.9185,0.0087,0.0728,39-15,False,,,,,,
,Fiji,Canada,0.948,0.0061,0.0459,43-15,False,,,,,,
,Fiji,Spain,0.7748,0.0176,0.2077,31-18,False,,,,,,
,Canada,Spain,0.1939,0.0169,0.7892,17-31,False,,,,,,
,Ireland,Scotland,0.6999,0.0205,0.2795,31-22,False,,,,,,
,Ireland,Uruguay,0.9918,0.0012,0.0069,52-12,False,,,,,,
,Ireland,Portugal,0.9965,0.0006,0.0029,55-9,False,,,,,,
,Scotland,Uruguay,0.9641,0.0045,0.0315,43-12,False,,,,,,
,Scotland,Portugal,0.9833,0.0023,0.0144,46-10,False,,,,,,
,Uruguay,Portugal,0.5141,0.0239,0.462,23-22,False,,,,,,
,France,Japan,0.94,0.0068,0.0532,41-14,False,,,,,,
,France,Samoa,0.983,0.0024,0.0146,49-13,False,,,,,,
,France,United States,0.996,0.0007,0.0034,54-9,False,,,,,,
,Japan,Samoa,0.552,0.0236,0.4243,24-22,False,,,,,,
,Japan,United States,0.6995,0.0205,0.28,30-21,False,,,,,,
,Samoa,United States,0.7471,0.0188,0.2341,31-20,False,,,,,,
,England,Wales,0.894,0.0106,0.0954,37-16,False,,,,,,
,England,Tonga,0.9949,0.0008,0.0043,53-9,False,,,,,,
,England,Zimbabwe,0.9958,0.0007,0.0035,53-8,False,,,,,,
,Wales,Tonga,0.9082,0.0095,0.0823,37-14,False,,,,,,
,Wales,Zimbabwe,0.8247,0.015,0.1603,32-16,False,,,,,,
,Tonga,Zimbabwe,0.455,0.0238,0.5211,23-24,False,,,,,,
,Australia,New Zealand,0.3654,0.0228,0.6119,24-29,False,,,,,,
,Australia,Chile,0.917,0.0088,0.0742,40-16,False,,,,,,
,Australia,Hong Kong China,0.9808,0.0026,0.0165,45-10,False,,,,,,
,New Zealand,Chile,0.995,0.0008,0.0042,54-10,False,,,,,,
,New Zealand,Hong Kong China,0.9952,0.0008,0.004,51-7,False,,,,,,
,Chile,Hong Kong China,0.3932,0.0232,0.5835,21-25,False,,,,,,
,South Africa,Italy,0.9721,0.0036,0.0243,42-9,False,,,,,,
,South Africa,Georgia,0.9912,0.0013,0.0075,51-11,False,,,,,,
,South Africa,Romania,0.9989,0.0002,0.0009,59-8,False,,,,,,
,Italy,Georgia,0.7441,0.0189,0.237,28-17,False,,,,,,
,Italy,Romania,0.9661,0.0043,0.0296,45-14,False,,,,,,
,Georgia,Romania,0.8661,0.0125,0.1214,35-16,False,,,,,,
,Argentina,Fiji,0.8055,0.0161,0.1784,34-19,False,,,,,,
,Argentina,Canada,0.9984,0.0003,0.0013,57-7,False,,,,,,
,Argentina,Spain,0.9185,0.0087,0.0728,39-15,False,,,,,,
,Fiji,Canada,0.948,0.0061,0.0459,43-15,False,,,,,,
,Fiji,Spain,0.7748,0.0176,0.2077,31-18,False,,,,,,
,Canada,Spain,0.1939,0.0169,0.7892,17-31,False,,,,,,
,Ireland,Scotland,0.6999,0.0205,0.2795,31-22,False,,,,,,
,Ireland,Uruguay,0.9918,0.0012,0.0069,52-12,False,,,,,,
,Ireland,Portugal,0.9965,0.0006,0.0029,55-9,False,,,,,,
,Scotland,Uruguay,0.9641,0.0045,0.0315,43-12,False,,,,,,
,Scotland,Portugal,0.9833,0.0023,0.0144,46-10,False,,,,,,
,Uruguay,Portugal,0.5141,0.0239,0.462,23-22,False,,,,,,
,France,Japan,0.94,0.0068,0.0532,41-14,False,,,,,,
,France,Samoa,0.983,0.0024,0.0146,49-13,False,,,,,,
,France,United States,0.996,0.0007,0.0034,54-9,False,,,,,,
,Japan,Samoa,0.552,0.0236,0.4243,24-22,False,,,,,,
,Japan,United States,0.6995,0.0205,0.28,30-21,False,,,,,,
,Samoa,United States,0.7471,0.0188,0.2341,31-20,False,,,,,,
,England,Wales,0.894,0.0106,0.0954,37-16,False,,,,,,
,England,Tonga,0.9949,0.0008,0.0043,53-9,False,,,,,,
,England,Zimbabwe,0.9958,0.0007,0.0035,53-8,False,,,,,,
,Wales,Tonga,0.9082,0.0095,0.0823,37-14,False,,,,,,
,Wales,Zimbabwe,0.8247,0.015,0.1603,32-16,False,,,,,,
,Tonga,Zimbabwe,0.455,0.0238,0.5211,23-24,False,,,,,,
,Australia,New Zealand,0.3654,0.0228,0.6119,24-29,False,,,,,,
,Australia,Chile,0.917,0.0088,0.0742,40-16,False,,,,,,
,Australia,Hong Kong China,0.9808,0.0026,0.0165,45-10,False,,,,,,
,New Zealand,Chile,0.995,0.0008,0.0042,54-10,False,,,,,,
,New Zealand,Hong Kong China,0.9952,0.0008,0.004,51-7,False,,,,,,
,Chile,Hong Kong China,0.3932,0.0232,0.5835,21-25,False,,,,,,
,South Africa,Italy,0.9721,0.0036,0.0243,42-9,False,,,,,,
,South Africa,Georgia,0.9912,0.0013,0.0075,51-11,False,,,,,,
,South Africa,Romania,0.9989,0.0002,0.0009,59-8,False,,,,,,
,Italy,Georgia,0.7441,0.0189,0.237,28-17,False,,,,,,
,Italy,Romania,0.9661,0.0043,0.0296,45-14,False,,,,,,
,Georgia,Romania,0.8661,0.0125,0.1214,35-16,False,,,,,,
,Argentina,Fiji,0.8055,0.0161,0.1784,34-19,False,,,,,,
,Argentina,Canada,0.9984,0.0003,0.0013,57-7,False,,,,,,
,Argentina,Spain,0.9185,0.0087,0.0728,39-15,False,,,,,,
,Fiji,Canada,0.948,0.0061,0.0459,43-15,False,,,,,,
,Fiji,Spain,0.7748,0.0176,0.2077,31-18,False,,,,,,
,Canada,Spain,0.1939,0.0169,0.7892,17-31,False,,,,,,
,Ireland,Scotland,0.6999,0.0205,0.2795,31-22,False,,,,,,
,Ireland,Uruguay,0.9918,0.0012,0.0069,52-12,False,,,,,,
,Ireland,Portugal,0.9965,0.0006,0.0029,55-9,False,,,,,,
,Scotland,Uruguay,0.9641,0.0045,0.0315,43-12,False,,,,,,
,Scotland,Portugal,0.9833,0.0023,0.0144,46-10,False,,,,,,
,Uruguay,Portugal,0.5141,0.0239,0.462,23-22,False,,,,,,
,France,Japan,0.94,0.0068,0.0532,41-14,False,,,,,,
,France,Samoa,0.983,0.0024,0.0146,49-13,False,,,,,,
,France,United States,0.996,0.0007,0.0034,54-9,False,,,,,,
,Japan,Samoa,0.552,0.0236,0.4243,24-22,False,,,,,,
,Japan,United States,0.6995,0.0205,0.28,30-21,False,,,,,,
,Samoa,United States,0.7471,0.0188,0.2341,31-20,False,,,,,,
,England,Wales,0.894,0.0106,0.0954,37-16,False,,,,,,
,England,Tonga,0.9949,0.0008,0.0043,53-9,False,,,,,,
,England,Zimbabwe,0.9958,0.0007,0.0035,53-8,False,,,,,,
,Wales,Tonga,0.9082,0.0095,0.0823,37-14,False,,,,,,
,Wales,Zimbabwe,0.8247,0.015,0.1603,32-16,False,,,,,,
,Tonga,Zimbabwe,0.455,0.0238,0.5211,23-24,False,,,,,,
,Australia,New Zealand,0.3654,0.0228,0.6119,24-29,False,,,,,,
,Australia,Chile,0.917,0.0088,0.0742,40-16,False,,,,,,
,Australia,Hong Kong China,0.9808,0.0026,0.0165,45-10,False,,,,,,
,New Zealand,Chile,0.995,0.0008,0.0042,54-10,False,,,,,,
,New Zealand,Hong Kong China,0.9952,0.0008,0.004,51-7,False,,,,,,
,Chile,Hong Kong China,0.3932,0.0232,0.5835,21-25,False,,,,,,
,South Africa,Italy,0.9721,0.0036,0.0243,42-9,False,,,,,,
,South Africa,Georgia,0.9912,0.0013,0.0075,51-11,False,,,,,,
,South Africa,Romania,0.9989,0.0002,0.0009,59-8,False,,,,,,
,Italy,Georgia,0.7441,0.0189,0.237,28-17,False,,,,,,
,Italy,Romania,0.9661,0.0043,0.0296,45-14,False,,,,,,
,Georgia,Romania,0.8661,0.0125,0.1214,35-16,False,,,,,,
,Argentina,Fiji,0.8055,0.0161,0.1784,34-19,False,,,,,,
,Argentina,Canada,0.9984,0.0003,0.0013,57-7,False,,,,,,
,Argentina,Spain,0.9185,0.0087,0.0728,39-15,False,,,,,,
,Fiji,Canada,0.948,0.0061,0.0459,43-15,False,,,,,,
,Fiji,Spain,0.7748,0.0176,0.2077,31-18,False,,,,,,
,Canada,Spain,0.1939,0.0169,0.7892,17-31,False,,,,,,
,Ireland,Scotland,0.6999,0.0205,0.2795,31-22,False,,,,,,
,Ireland,Uruguay,0.9918,0.0012,0.0069,52-12,False,,,,,,
,Ireland,Portugal,0.9965,0.0006,0.0029,55-9,False,,,,,,
,Scotland,Uruguay,0.9641,0.0045,0.0315,43-12,False,,,,,,
,Scotland,Portugal,0.9833,0.0023,0.0144,46-10,False,,,,,,
,Uruguay,Portugal,0.5141,0.0239,0.462,23-22,False,,,,,,
,France,Japan,0.94,0.0068,0.0532,41-14,False,,,,,,
,France,Samoa,0.983,0.0024,0.0146,49-13,False,,,,,,
,France,United States,0.996,0.0007,0.0034,54-9,False,,,,,,
,Japan,Samoa,0.552,0.0236,0.4243,24-22,False,,,,,,
,Japan,United States,0.6995,0.0205,0.28,30-21,False,,,,,,
,Samoa,United States,0.7471,0.0188,0.2341,31-20,False,,,,,,
,England,Wales,0.894,0.0106,0.0954,37-16,False,,,,,,
,England,Tonga,0.9949,0.0008,0.0043,53-9,False,,,,,,
,England,Zimbabwe,0.9958,0.0007,0.0035,53-8,False,,,,,,
,Wales,Tonga,0.9082,0.0095,0.0823,37-14,False,,,,,,
,Wales,Zimbabwe,0.8247,0.015,0.1603,32-16,False,,,,,,
,Tonga,Zimbabwe,0.455,0.0238,0.5211,23-24,False,,,,,,
,Australia,New Zealand,0.3654,0.0228,0.6119,24-29,False,,,,,,
,Australia,Chile,0.917,0.0088,0.0742,40-16,False,,,,,,
,Australia,Hong Kong China,0.9808,0.0026,0.0165,45-10,False,,,,,,
,New Zealand,Chile,0.995,0.0008,0.0042,54-10,False,,,,,,
,New Zealand,Hong Kong China,0.9952,0.0008,0.004,51-7,False,,,,,,
,Chile,Hong Kong China,0.3932,0.0232,0.5835,21-25,False,,,,,,
,South Africa,Italy,0.9721,0.0036,0.0243,42-9,False,,,,,,
,South Africa,Georgia,0.9912,0.0013,0.0075,51-11,False,,,,,,
,South Africa,Romania,0.9989,0.0002,0.0009,59-8,False,,,,,,
,Italy,Georgia,0.7441,0.0189,0.237,28-17,False,,,,,,
,Italy,Romania,0.9661,0.0043,0.0296,45-14,False,,,,,,
,Georgia,Romania,0.8661,0.0125,0.1214,35-16,False,,,,,,
,Argentina,Fiji,0.8055,0.0161,0.1784,34-19,False,,,,,,
,Argentina,Canada,0.9984,0.0003,0.0013,57-7,False,,,,,,
,Argentina,Spain,0.9185,0.0087,0.0728,39-15,False,,,,,,
,Fiji,Canada,0.948,0.0061,0.0459,43-15,False,,,,,,
,Fiji,Spain,0.7748,0.0176,0.2077,31-18,False,,,,,,
,Canada,Spain,0.1939,0.0169,0.7892,17-31,False,,,,,,
,Ireland,Scotland,0.6999,0.0205,0.2795,31-22,False,,,,,,
,Ireland,Uruguay,0.9918,0.0012,0.0069,52-12,False,,,,,,
,Ireland,Portugal,0.9965,0.0006,0.0029,55-9,False,,,,,,
,Scotland,Uruguay,0.9641,0.0045,0.0315,43-12,False,,,,,,
,Scotland,Portugal,0.9833,0.0023,0.0144,46-10,False,,,,,,
,Uruguay,Portugal,0.5141,0.0239,0.462,23-22,False,,,,,,
,France,Japan,0.94,0.0068,0.0532,41-14,False,,,,,,
,France,Samoa,0.983,0.0024,0.0146,49-13,False,,,,,,
,France,United States,0.996,0.0007,0.0034,54-9,False,,,,,,
,Japan,Samoa,0.552,0.0236,0.4243,24-22,False,,,,,,
,Japan,United States,0.6995,0.0205,0.28,30-21,False,,,,,,
,Samoa,United States,0.7471,0.0188,0.2341,31-20,False,,,,,,
,England,Wales,0.894,0.0106,0.0954,37-16,False,,,,,,
,England,Tonga,0.9949,0.0008,0.0043,53-9,False,,,,,,
,England,Zimbabwe,0.9958,0.0007,0.0035,53-8,False,,,,,,
,Wales,Tonga,0.9082,0.0095,0.0823,37-14,False,,,,,,
,Wales,Zimbabwe,0.8247,0.015,0.1603,32-16,False,,,,,,
,Tonga,Zimbabwe,0.455,0.0238,0.5211,23-24,False,,,,,,
,Australia,New Zealand,0.3654,0.0228,0.6119,24-29,False,,,,,,
,Australia,Chile,0.917,0.0088,0.0742,40-16,False,,,,,,
,Australia,Hong Kong China,0.9808,0.0026,0.0165,45-10,False,,,,,,
,New Zealand,Chile,0.995,0.0008,0.0042,54-10,False,,,,,,
,New Zealand,Hong Kong China,0.9952,0.0008,0.004,51-7,False,,,,,,
,Chile,Hong Kong China,0.3932,0.0232,0.5835,21-25,False,,,,,,
,South Africa,Italy,0.9721,0.0036,0.0243,42-9,False,,,,,,
,South Africa,Georgia,0.9912,0.0013,0.0075,51-11,False,,,,,,
,South Africa,Romania,0.9989,0.0002,0.0009,59-8,False,,,,,,
,Italy,Georgia,0.7441,0.0189,0.237,28-17,False,,,,,,
,Italy,Romania,0.9661,0.0043,0.0296,45-14,False,,,,,,
,Georgia,Romania,0.8661,0.0125,0.1214,35-16,False,,,,,,
,Argentina,Fiji,0.8055,0.0161,0.1784,34-19,False,,,,,,
,Argentina,Canada,0.9984,0.0003,0.0013,57-7,False,,,,,,
,Argentina,Spain,0.9185,0.0087,0.0728,39-15,False,,,,,,
,Fiji,Canada,0.948,0.0061,0.0459,43-15,False,,,,,,
,Fiji,Spain,0.7748,0.0176,0.2077,31-18,False,,,,,,
,Canada,Spain,0.1939,0.0169,0.7892,17-31,False,,,,,,
,Ireland,Scotland,0.6999,0.0205,0.2795,31-22,False,,,,,,
,Ireland,Uruguay,0.9918,0.0012,0.0069,52-12,False,,,,,,
,Ireland,Portugal,0.9965,0.0006,0.0029,55-9,False,,,,,,
,Scotland,Uruguay,0.9641,0.0045,0.0315,43-12,False,,,,,,
,Scotland,Portugal,0.9833,0.0023,0.0144,46-10,False,,,,,,
,Uruguay,Portugal,0.5141,0.0239,0.462,23-22,False,,,,,,
,France,Japan,0.94,0.0068,0.0532,41-14,False,,,,,,
,France,Samoa,0.983,0.0024,0.0146,49-13,False,,,,,,
,France,United States,0.996,0.0007,0.0034,54-9,False,,,,,,
,Japan,Samoa,0.552,0.0236,0.4243,24-22,False,,,,,,
,Japan,United States,0.6995,0.0205,0.28,30-21,False,,,,,,
,Samoa,United States,0.7471,0.0188,0.2341,31-20,False,,,,,,
,England,Wales,0.894,0.0106,0.0954,37-16,False,,,,,,
,England,Tonga,0.9949,0.0008,0.0043,53-9,False,,,,,,
,England,Zimbabwe,0.9958,0.0007,0.0035,53-8,False,,,,,,
,Wales,Tonga,0.9082,0.0095,0.0823,37-14,False,,,,,,
,Wales,Zimbabwe,0.8247,0.015,0.1603,32-16,False,,,,,,
,Tonga,Zimbabwe,0.455,0.0238,0.5211,23-24,False,,,,,,
,Australia,New Zealand,0.3654,0.0228,0.6119,24-29,False,,,,,,
,Australia,Chile,0.917,0.0088,0.0742,40-16,False,,,,,,
,Australia,Hong Kong China,0.9808,0.0026,0.0165,45-10,False,,,,,,
,New Zealand,Chile,0.995,0.0008,0.0042,54-10,False,,,,,,
,New Zealand,Hong Kong China,0.9952,0.0008,0.004,51-7,False,,,,,,
,Chile,Hong Kong China,0.3932,0.0232,0.5835,21-25,False,,,,,,
,South Africa,Italy,0.9721,0.0036,0.0243,42-9,False,,,,,,
,South Africa,Georgia,0.9912,0.0013,0.0075,51-11,False,,,,,,
,South Africa,Romania,0.9989,0.0002,0.0009,59-8,False,,,,,,
,Italy,Georgia,0.7441,0.0189,0.237,28-17,False,,,,,,
,Italy,Romania,0.9661,0.0043,0.0296,45-14,False,,,,,,
,Georgia,Romania,0.8661,0.0125,0.1214,35-16,False,,,,,,
,Argentina,Fiji,0.8055,0.0161,0.1784,34-19,False,,,,,,
,Argentina,Canada,0.9984,0.0003,0.0013,57-7,False,,,,,,
,Argentina,Spain,0.9185,0.0087,0.0728,39-15,False,,,,,,
,Fiji,Canada,0.948,0.0061,0.0459,43-15,False,,,,,,
,Fiji,Spain,0.7748,0.0176,0.2077,31-18,False,,,,,,
,Canada,Spain,0.1939,0.0169,0.7892,17-31,False,,,,,,
,Ireland,Scotland,0.6999,0.0205,0.2795,31-22,False,,,,,,
,Ireland,Uruguay,0.9918,0.0012,0.0069,52-12,False,,,,,,
,Ireland,Portugal,0.9965,0.0006,0.0029,55-9,False,,,,,,
,Scotland,Uruguay,0.9641,0.0045,0.0315,43-12,False,,,,,,
,Scotland,Portugal,0.9833,0.0023,0.0144,46-10,False,,,,,,
,Uruguay,Portugal,0.5141,0.0239,0.462,23-22,False,,,,,,
,France,Japan,0.94,0.0068,0.0532,41-14,False,,,,,,
,France,Samoa,0.983,0.0024,0.0146,49-13,False,,,,,,
,France,United States,0.996,0.0007,0.0034,54-9,False,,,,,,
,Japan,Samoa,0.552,0.0236,0.4243,24-22,False,,,,,,
,Japan,United States,0.6995,0.0205,0.28,30-21,False,,,,,,
,Samoa,United States,0.7471,0.0188,0.2341,31-20,False,,,,,,
,England,Wales,0.894,0.0106,0.0954,37-16,False,,,,,,
,England,Tonga,0.9949,0.0008,0.0043,53-9,False,,,,,,
,England,Zimbabwe,0.9958,0.0007,0.0035,53-8,False,,,,,,
,Wales,Tonga,0.9082,0.0095,0.0823,37-14,False,,,,,,
,Wales,Zimbabwe,0.8247,0.015,0.1603,32-16,False,,,,,,
,Tonga,Zimbabwe,0.455,0.0238,0.5211,23-24,False,,,,,,
,Australia,New Zealand,0.3654,0.0228,0.6119,24-29,False,,,,,,
,Australia,Chile,0.917,0.0088,0.0742,40-16,False,,,,,,
,Australia,Hong Kong China,0.9808,0.0026,0.0165,45-10,False,,,,,,
,New Zealand,Chile,0.995,0.0008,0.0042,54-10,False,,,,,,
,New Zealand,Hong Kong China,0.9952,0.0008,0.004,51-7,False,,,,,,
,Chile,Hong Kong China,0.3932,0.0232,0.5835,21-25,False,,,,,,
,South Africa,Italy,0.9721,0.0036,0.0243,42-9,False,,,,,,
,South Africa,Georgia,0.9912,0.0013,0.0075,51-11,False,,,,,,
,South Africa,Romania,0.9989,0.0002,0.0009,59-8,False,,,,,,
,Italy,Georgia,0.7441,0.0189,0.237,28-17,False,,,,,,
,Italy,Romania,0.9661,0.0043,0.0296,45-14,False,,,,,,
,Georgia,Romania,0.8661,0.0125,0.1214,35-16,False,,,,,,
,Argentina,Fiji,0.8055,0.0161,0.1784,34-19,False,,,,,,
,Argentina,Canada,0.9984,0.0003,0.0013,57-7,False,,,,,,
,Argentina,Spain,0.9185,0.0087,0.0728,39-15,False,,,,,,
,Fiji,Canada,0.948,0.0061,0.0459,43-15,False,,,,,,
,Fiji,Spain,0.7748,0.0176,0.2077,31-18,False,,,,,,
,Canada,Spain,0.1939,0.0169,0.7892,17-31,False,,,,,,
,Ireland,Scotland,0.6999,0.0205,0.2795,31-22,False,,,,,,
,Ireland,Uruguay,0.9918,0.0012,0.0069,52-12,False,,,,,,
,Ireland,Portugal,0.9965,0.0006,0.0029,55-9,False,,,,,,
,Scotland,Uruguay,0.9641,0.0045,0.0315,43-12,False,,,,,,
,Scotland,Portugal,0.9833,0.0023,0.0144,46-10,False,,,,,,
,Uruguay,Portugal,0.5141,0.0239,0.462,23-22,False,,,,,,
,France,Japan,0.94,0.0068,0.0532,41-14,False,,,,,,
,France,Samoa,0.983,0.0024,0.0146,49-13,False,,,,,,
,France,United States,0.996,0.0007,0.0034,54-9,False,,,,,,
,Japan,Samoa,0.552,0.0236,0.4243,24-22,False,,,,,,
,Japan,United States,0.6995,0.0205,0.28,30-21,False,,,,,,
,Samoa,United States,0.7471,0.0188,0.2341,31-20,False,,,,,,
,England,Wales,0.894,0.0106,0.0954,37-16,False,,,,,,
,England,Tonga,0.9949,0.0008,0.0043,53-9,False,,,,,,
,England,Zimbabwe,0.9958,0.0007,0.0035,53-8,False,,,,,,
,Wales,Tonga,0.9082,0.0095,0.0823,37-14,False,,,,,,
,Wales,Zimbabwe,0.8247,0.015,0.1603,32-16,False,,,,,,
,Tonga,Zimbabwe,0.455,0.0238,0.5211,23-24,False,,,,,,
,Australia,New Zealand,0.3654,0.0228,0.6119,24-29,False,,,,,,
,Australia,Chile,0.917,0.0088,0.0742,40-16,False,,,,,,
,Australia,Hong Kong China,0.9808,0.0026,0.0165,45-10,False,,,,,,
,New Zealand,Chile,0.995,0.0008,0.0042,54-10,False,,,,,,
,New Zealand,Hong Kong China,0.9952,0.0008,0.004,51-7,False,,,,,,
,Chile,Hong Kong China,0.3932,0.0232,0.5835,21-25,False,,,,,,
,South Africa,Italy,0.9721,0.0036,0.0243,42-9,False,,,,,,
,South Africa,Georgia,0.9912,0.0013,0.0075,51-11,False,,,,,,
,South Africa,Romania,0.9989,0.0002,0.0009,59-8,False,,,,,,
,Italy,Georgia,0.7441,0.0189,0.237,28-17,False,,,,,,
,Italy,Romania,0.9661,0.0043,0.0296,45-14,False,,,,,,
,Georgia,Romania,0.8661,0.0125,0.1214,35-16,False,,,,,,
,Argentina,Fiji,0.8055,0.0161,0.1784,34-19,False,,,,,,
,Argentina,Canada,0.9984,0.0003,0.0013,57-7,False,,,,,,
,Argentina,Spain,0.9185,0.0087,0.0728,39-15,False,,,,,,
,Fiji,Canada,0.948,0.0061,0.0459,43-15,False,,,,,,
,Fiji,Spain,0.7748,0.0176,0.2077,31-18,False,,,,,,
,Canada,Spain,0.1939,0.0169,0.7892,17-31,False,,,,,,
,Ireland,Scotland,0.6999,0.0205,0.2795,31-22,False,,,,,,
,Ireland,Uruguay,0.9918,0.0012,0.0069,52-12,False,,,,,,
,Ireland,Portugal,0.9965,0.0006,0.0029,55-9,False,,,,,,
,Scotland,Uruguay,0.9641,0.0045,0.0315,43-12,False,,,,,,
,Scotland,Portugal,0.9833,0.0023,0.0144,46-10,False,,,,,,
,Uruguay,Portugal,0.5141,0.0239,0.462,23-22,False,,,,,,
,France,Japan,0.94,0.0068,0.0532,41-14,False,,,,,,
,France,Samoa,0.983,0.0024,0.0146,49-13,False,,,,,,
,France,United States,0.996,0.0007,0.0034,54-9,False,,,,,,
,Japan,Samoa,0.552,0.0236,0.4243,24-22,False,,,,,,
,Japan,United States,0.6995,0.0205,0.28,30-21,False,,,,,,
,Samoa,United States,0.7471,0.0188,0.2341,31-20,False,,,,,,
,England,Wales,0.894,0.0106,0.0954,37-16,False,,,,,,
,England,Tonga,0.9949,0.0008,0.0043,53-9,False,,,,,,
,England,Zimbabwe,0.9958,0.0007,0.0035,53-8,False,,,,,,
,Wales,Tonga,0.9082,0.0095,0.0823,37-14,False,,,,,,
,Wales,Zimbabwe,0.8247,0.015,0.1603,32-16,False,,,,,,
,Tonga,Zimbabwe,0.455,0.0238,0.5211,23-24,False,,,,,,
,Australia,New Zealand,0.3654,0.0228,0.6119,24-29,False,,,,,,
,Australia,Chile,0.917,0.0088,0.0742,40-16,False,,,,,,
,Australia,Hong Kong China,0.9808,0.0026,0.0165,45-10,False,,,,,,
,New Zealand,Chile,0.995,0.0008,0.0042,54-10,False,,,,,,
,New Zealand,Hong Kong China,0.9952,0.0008,0.004,51-7,False,,,,,,
,Chile,Hong Kong China,0.3932,0.0232,0.5835,21-25,False,,,,,,
,South Africa,Italy,0.9721,0.0036,0.0243,42-9,False,,,,,,
,South Africa,Georgia,0.9912,0.0013,0.0075,51-11,False,,,,,,
,South Africa,Romania,0.9989,0.0002,0.0009,59-8,False,,,,,,
,Italy,Georgia,0.7441,0.0189,0.237,28-17,False,,,,,,
,Italy,Romania,0.9661,0.0043,0.0296,45-14,False,,,,,,
,Georgia,Romania,0.8661,0.0125,0.1214,35-16,False,,,,,,
,Argentina,Fiji,0.8055,0.0161,0.1784,34-19,False,,,,,,
,Argentina,Canada,0.9984,0.0003,0.0013,57-7,False,,,,,,
,Argentina,Spain,0.9185,0.0087,0.0728,39-15,False,,,,,,
,Fiji,Canada,0.948,0.0061,0.0459,43-15,False,,,,,,
,Fiji,Spain,0.7748,0.0176,0.2077,31-18,False,,,,,,
,Canada,Spain,0.1939,0.0169,0.7892,17-31,False,,,,,,
,Ireland,Scotland,0.6999,0.0205,0.2795,31-22,False,,,,,,
,Ireland,Uruguay,0.9918,0.0012,0.0069,52-12,False,,,,,,
,Ireland,Portugal,0.9965,0.0006,0.0029,55-9,False,,,,,,
,Scotland,Uruguay,0.9641,0.0045,0.0315,43-12,False,,,,,,
,Scotland,Portugal,0.9833,0.0023,0.0144,46-10,False,,,,,,
,Uruguay,Portugal,0.5141,0.0239,0.462,23-22,False,,,,,,
,France,Japan,0.94,0.0068,0.0532,41-14,False,,,,,,
,France,Samoa,0.983,0.0024,0.0146,49-13,False,,,,,,
,France,United States,0.996,0.0007,0.0034,54-9,False,,,,,,
,Japan,Samoa,0.552,0.0236,0.4243,24-22,False,,,,,,
,Japan,United States,0.6995,0.0205,0.28,30-21,False,,,,,,
,Samoa,United States,0.7471,0.0188,0.2341,31-20,False,,,,,,
,England,Wales,0.894,0.0106,0.0954,37-16,False,,,,,,
,England,Tonga,0.9949,0.0008,0.0043,53-9,False,,,,,,
,England,Zimbabwe,0.9958,0.0007,0.0035,53-8,False,,,,,,
,Wales,Tonga,0.9082,0.0095,0.0823,37-14,False,,,,,,
,Wales,Zimbabwe,0.8247,0.015,0.1603,32-16,False,,,,,,
,Tonga,Zimbabwe,0.455,0.0238,0.5211,23-24,False,,,,,,
,Australia,New Zealand,0.3654,0.0228,0.6119,24-29,False,,,,,,
,Australia,Chile,0.917,0.0088,0.0742,40-16,False,,,,,,
,Australia,Hong Kong China,0.9808,0.0026,0.0165,45-10,False,,,,,,
,New Zealand,Chile,0.995,0.0008,0.0042,54-10,False,,,,,,
,New Zealand,Hong Kong China,0.9952,0.0008,0.004,51-7,False,,,,,,
,Chile,Hong Kong China,0.3932,0.0232,0.5835,21-25,False,,,,,,
,South Africa,Italy,0.9721,0.0036,0.0243,42-9,False,,,,,,
,South Africa,Georgia,0.9912,0.0013,0.0075,51-11,False,,,,,,
,South Africa,Romania,0.9989,0.0002,0.0009,59-8,False,,,,,,
,Italy,Georgia,0.7441,0.0189,0.237,28-17,False,,,,,,
,Italy,Romania,0.9661,0.0043,0.0296,45-14,False,,,,,,
,Georgia,Romania,0.8661,0.0125,0.1214,35-16,False,,,,,,
,Argentina,Fiji,0.8055,0.0161,0.1784,34-19,False,,,,,,
,Argentina,Canada,0.9984,0.0003,0.0013,57-7,False,,,,,,
,Argentina,Spain,0.9185,0.0087,0.0728,39-15,False,,,,,,
,Fiji,Canada,0.948,0.0061,0.0459,43-15,False,,,,,,
,Fiji,Spain,0.7748,0.0176,0.2077,31-18,False,,,,,,
,Canada,Spain,0.1939,0.0169,0.7892,17-31,False,,,,,,
,Ireland,Scotland,0.6999,0.0205,0.2795,31-22,False,,,,,,
,Ireland,Uruguay,0.9918,0.0012,0.0069,52-12,False,,,,,,
,Ireland,Portugal,0.9965,0.0006,0.0029,55-9,False,,,,,,
,Scotland,Uruguay,0.9641,0.0045,0.0315,43-12,False,,,,,,
,Scotland,Portugal,0.9833,0.0023,0.0144,46-10,False,,,,,,
,Uruguay,Portugal,0.5141,0.0239,0.462,23-22,False,,,,,,
,France,Japan,0.94,0.0068,0.0532,41-14,False,,,,,,
,France,Samoa,0.983,0.0024,0.0146,49-13,False,,,,,,
,France,United States,0.996,0.0007,0.0034,54-9,False,,,,,,
,Japan,Samoa,0.552,0.0236,0.4243,24-22,False,,,,,,
,Japan,United States,0.6995,0.0205,0.28,30-21,False,,,,,,
,Samoa,United States,0.7471,0.0188,0.2341,31-20,False,,,,,,
,England,Wales,0.894,0.0106,0.0954,37-16,False,,,,,,
,England,Tonga,0.9949,0.0008,0.0043,53-9,False,,,,,,
,England,Zimbabwe,0.9958,0.0007,0.0035,53-8,False,,,,,,
,Wales,Tonga,0.9082,0.0095,0.0823,37-14,False,,,,,,
,Wales,Zimbabwe,0.8247,0.015,0.1603,32-16,False,,,,,,
,Tonga,Zimbabwe,0.455,0.0238,0.5211,23-24,False,,,,,,
,Australia,New Zealand,0.3654,0.0228,0.6119,24-29,False,,,,,,
,Australia,Chile,0.917,0.0088,0.0742,40-16,False,,,,,,
,Australia,Hong Kong China,0.9808,0.0026,0.0165,45-10,False,,,,,,
,New Zealand,Chile,0.995,0.0008,0.0042,54-10,False,,,,,,
,New Zealand,Hong Kong China,0.9952,0.0008,0.004,51-7,False,,,,,,
,Chile,Hong Kong China,0.3932,0.0232,0.5835,21-25,False,,,,,,
,South Africa,Italy,0.9721,0.0036,0.0243,42-9,False,,,,,,
,South Africa,Georgia,0.9912,0.0013,0.0075,51-11,False,,,,,,
,South Africa,Romania,0.9989,0.0002,0.0009,59-8,False,,,,,,
,Italy,Georgia,0.7441,0.0189,0.237,28-17,False,,,,,,
,Italy,Romania,0.9661,0.0043,0.0296,45-14,False,,,,,,
,Georgia,Romania,0.8661,0.0125,0.1214,35-16,False,,,,,,
,Argentina,Fiji,0.8055,0.0161,0.1784,34-19,False,,,,,,
,Argentina,Canada,0.9984,0.0003,0.0013,57-7,False,,,,,,
,Argentina,Spain,0.9185,0.0087,0.0728,39-15,False,,,,,,
,Fiji,Canada,0.948,0.0061,0.0459,43-15,False,,,,,,
,Fiji,Spain,0.7748,0.0176,0.2077,31-18,False,,,,,,
,Canada,Spain,0.1939,0.0169,0.7892,17-31,False,,,,,,
,Ireland,Scotland,0.6999,0.0205,0.2795,31-22,False,,,,,,
,Ireland,Uruguay,0.9918,0.0012,0.0069,52-12,False,,,,,,
,Ireland,Portugal,0.9965,0.0006,0.0029,55-9,False,,,,,,
,Scotland,Uruguay,0.9641,0.0045,0.0315,43-12,False,,,,,,
,Scotland,Portugal,0.9833,0.0023,0.0144,46-10,False,,,,,,
,Uruguay,Portugal,0.5141,0.0239,0.462,23-22,False,,,,,,
,France,Japan,0.94,0.0068,0.0532,41-14,False,,,,,,
,France,Samoa,0.983,0.0024,0.0146,49-13,False,,,,,,
,France,United States,0.996,0.0007,0.0034,54-9,False,,,,,,
,Japan,Samoa,0.552,0.0236,0.4243,24-22,False,,,,,,
,Japan,United States,0.6995,0.0205,0.28,30-21,False,,,,,,
,Samoa,United States,0.7471,0.0188,0.2341,31-20,False,,,,,,
,England,Wales,0.894,0.0106,0.0954,37-16,False,,,,,,
,England,Tonga,0.9949,0.0008,0.0043,53-9,False,,,,,,
,England,Zimbabwe,0.9958,0.0007,0.0035,53-8,False,,,,,,
,Wales,Tonga,0.9082,0.0095,0.0823,37-14,False,,,,,,
,Wales,Zimbabwe,0.8247,0.015,0.1603,32-16,False,,,,,,
,Tonga,Zimbabwe,0.455,0.0238,0.5211,23-24,False,,,,,,
,Australia,New Zealand,0.3654,0.0228,0.6119,24-29,False,,,,,,
,Australia,Chile,0.917,0.0088,0.0742,40-16,False,,,,,,
,Australia,Hong Kong China,0.9808,0.0026,0.0165,45-10,False,,,,,,
,New Zealand,Chile,0.995,0.0008,0.0042,54-10,False,,,,,,
,New Zealand,Hong Kong China,0.9952,0.0008,0.004,51-7,False,,,,,,
,Chile,Hong Kong China,0.3932,0.0232,0.5835,21-25,False,,,,,,
,South Africa,Italy,0.9721,0.0036,0.0243,42-9,False,,,,,,
,South Africa,Georgia,0.9912,0.0013,0.0075,51-11,False,,,,,,
,South Africa,Romania,0.9989,0.0002,0.0009,59-8,False,,,,,,
,Italy,Georgia,0.7441,0.0189,0.237,28-17,False,,,,,,
,Italy,Romania,0.9661,0.0043,0.0296,45-14,False,,,,,,
,Georgia,Romania,0.8661,0.0125,0.1214,35-16,False,,,,,,
,Argentina,Fiji,0.8055,0.0161,0.1784,34-19,False,,,,,,
,Argentina,Canada,0.9984,0.0003,0.0013,57-7,False,,,,,,
,Argentina,Spain,0.9185,0.0087,0.0728,39-15,False,,,,,,
,Fiji,Canada,0.948,0.0061,0.0459,43-15,False,,,,,,
,Fiji,Spain,0.7748,0.0176,0.2077,31-18,False,,,,,,
,Canada,Spain,0.1939,0.0169,0.7892,17-31,False,,,,,,
,Ireland,Scotland,0.6999,0.0205,0.2795,31-22,False,,,,,,
,Ireland,Uruguay,0.9918,0.0012,0.0069,52-12,False,,,,,,
,Ireland,Portugal,0.9965,0.0006,0.0029,55-9,False,,,,,,
,Scotland,Uruguay,0.9641,0.0045,0.0315,43-12,False,,,,,,
,Scotland,Portugal,0.9833,0.0023,0.0144,46-10,False,,,,,,
,Uruguay,Portugal,0.5141,0.0239,0.462,23-22,False,,,,,,
,France,Japan,0.94,0.0068,0.0532,41-14,False,,,,,,
,France,Samoa,0.983,0.0024,0.0146,49-13,False,,,,,,
,France,United States,0.996,0.0007,0.0034,54-9,False,,,,,,
,Japan,Samoa,0.552,0.0236,0.4243,24-22,False,,,,,,
,Japan,United States,0.6995,0.0205,0.28,30-21,False,,,,,,
,Samoa,United States,0.7471,0.0188,0.2341,31-20,False,,,,,,
,England,Wales,0.894,0.0106,0.0954,37-16,False,,,,,,
,England,Tonga,0.9949,0.0008,0.0043,53-9,False,,,,,,
,England,Zimbabwe,0.9958,0.0007,0.0035,53-8,False,,,,,,
,Wales,Tonga,0.9082,0.0095,0.0823,37-14,False,,,,,,
,Wales,Zimbabwe,0.8247,0.015,0.1603,32-16,False,,,,,,
,Tonga,Zimbabwe,0.455,0.0238,0.5211,23-24,False,,,,,,
,Australia,New Zealand,0.3654,0.0228,0.6119,24-29,False,,,,,,
,Australia,Chile,0.917,0.0088,0.0742,40-16,False,,,,,,
,Australia,Hong Kong China,0.9808,0.0026,0.0165,45-10,False,,,,,,
,New Zealand,Chile,0.995,0.0008,0.0042,54-10,False,,,,,,
,New Zealand,Hong Kong China,0.9952,0.0008,0.004,51-7,False,,,,,,
,Chile,Hong Kong China,0.3932,0.0232,0.5835,21-25,False,,,,,,
,South Africa,Italy,0.9721,0.0036,0.0243,42-9,False,,,,,,
,South Africa,Georgia,0.9912,0.0013,0.0075,51-11,False,,,,,,
,South Africa,Romania,0.9989,0.0002,0.0009,59-8,False,,,,,,
,Italy,Georgia,0.7441,0.0189,0.237,28-17,False,,,,,,
,Italy,Romania,0.9661,0.0043,0.0296,45-14,False,,,,,,
,Georgia,Romania,0.8661,0.0125,0.1214,35-16,False,,,,,,
,Argentina,Fiji,0.8055,0.0161,0.1784,34-19,False,,,,,,
,Argentina,Canada,0.9984,0.0003,0.0013,57-7,False,,,,,,
,Argentina,Spain,0.9185,0.0087,0.0728,39-15,False,,,,,,
,Fiji,Canada,0.948,0.0061,0.0459,43-15,False,,,,,,
,Fiji,Spain,0.7748,0.0176,0.2077,31-18,False,,,,,,
,Canada,Spain,0.1939,0.0169,0.7892,17-31,False,,,,,,
,Ireland,Scotland,0.6999,0.0205,0.2795,31-22,False,,,,,,
,Ireland,Uruguay,0.9918,0.0012,0.0069,52-12,False,,,,,,
,Ireland,Portugal,0.9965,0.0006,0.0029,55-9,False,,,,,,
,Scotland,Uruguay,0.9641,0.0045,0.0315,43-12,False,,,,,,
,Scotland,Portugal,0.9833,0.0023,0.0144,46-10,False,,,,,,
,Uruguay,Portugal,0.5141,0.0239,0.462,23-22,False,,,,,,
,France,Japan,0.94,0.0068,0.0532,41-14,False,,,,,,
,France,Samoa,0.983,0.0024,0.0146,49-13,False,,,,,,
,France,United States,0.996,0.0007,0.0034,54-9,False,,,,,,
,Japan,Samoa,0.552,0.0236,0.4243,24-22,False,,,,,,
,Japan,United States,0.6995,0.0205,0.28,30-21,False,,,,,,
,Samoa,United States,0.7471,0.0188,0.2341,31-20,False,,,,,,
,England,Wales,0.894,0.0106,0.0954,37-16,False,,,,,,
,England,Tonga,0.9949,0.0008,0.0043,53-9,False,,,,,,
,England,Zimbabwe,0.9958,0.0007,0.0035,53-8,False,,,,,,
,Wales,Tonga,0.9082,0.0095,0.0823,37-14,False,,,,,,
,Wales,Zimbabwe,0.8247,0.015,0.1603,32-16,False,,,,,,
,Tonga,Zimbabwe,0.455,0.0238,0.5211,23-24,False,,,,,,
,Australia,New Zealand,0.3654,0.0228,0.6119,24-29,False,,,,,,
,Australia,Chile,0.917,0.0088,0.0742,40-16,False,,,,,,
,Australia,Hong Kong China,0.9808,0.0026,0.0165,45-10,False,,,,,,
,New Zealand,Chile,0.995,0.0008,0.0042,54-10,False,,,,,,
,New Zealand,Hong Kong China,0.9952,0.0008,0.004,51-7,False,,,,,,
,Chile,Hong Kong China,0.3932,0.0232,0.5835,21-25,False,,,,,,
,South Africa,Italy,0.9721,0.0036,0.0243,42-9,False,,,,,,
,South Africa,Georgia,0.9912,0.0013,0.0075,51-11,False,,,,,,
,South Africa,Romania,0.9989,0.0002,0.0009,59-8,False,,,,,,
,Italy,Georgia,0.7441,0.0189,0.237,28-17,False,,,,,,
,Italy,Romania,0.9661,0.0043,0.0296,45-14,False,,,,,,
,Georgia,Romania,0.8661,0.0125,0.1214,35-16,False,,,,,,
,Argentina,Fiji,0.8055,0.0161,0.1784,34-19,False,,,,,,
,Argentina,Canada,0.9984,0.0003,0.0013,57-7,False,,,,,,
,Argentina,Spain,0.9185,0.0087,0.0728,39-15,False,,,,,,
,Fiji,Canada,0.948,0.0061,0.0459,43-15,False,,,,,,
,Fiji,Spain,0.7748,0.0176,0.2077,31-18,False,,,,,,
,Canada,Spain,0.1939,0.0169,0.7892,17-31,False,,,,,,
,Ireland,Scotland,0.6999,0.0205,0.2795,31-22,False,,,,,,
,Ireland,Uruguay,0.9918,0.0012,0.0069,52-12,False,,,,,,
,Ireland,Portugal,0.9965,0.0006,0.0029,55-9,False,,,,,,
,Scotland,Uruguay,0.9641,0.0045,0.0315,43-12,False,,,,,,
,Scotland,Portugal,0.9833,0.0023,0.0144,46-10,False,,,,,,
,Uruguay,Portugal,0.5141,0.0239,0.462,23-22,False,,,,,,
,France,Japan,0.94,0.0068,0.0532,41-14,False,,,,,,
,France,Samoa,0.983,0.0024,0.0146,49-13,False,,,,,,
,France,United States,0.996,0.0007,0.0034,54-9,False,,,,,,
,Japan,Samoa,0.552,0.0236,0.4243,24-22,False,,,,,,
,Japan,United States,0.6995,0.0205,0.28,30-21,False,,,,,,
,Samoa,United States,0.7471,0.0188,0.2341,31-20,False,,,,,,
,England,Wales,0.894,0.0106,0.0954,37-16,False,,,,,,
,England,Tonga,0.9949,0.0008,0.0043,53-9,False,,,,,,
,England,Zimbabwe,0.9958,0.0007,0.0035,53-8,False,,,,,,
,Wales,Tonga,0.9082,0.0095,0.0823,37-14,False,,,,,,
,Wales,Zimbabwe,0.8247,0.015,0.1603,32-16,False,,,,,,
,Tonga,Zimbabwe,0.455,0.0238,0.5211,23-24,False,,,,,,
,Australia,New Zealand,0.3654,0.0228,0.6119,24-29,False,,,,,,
,Australia,Chile,0.917,0.0088,0.0742,40-16,False,,,,,,
,Australia,Hong Kong China,0.9808,0.0026,0.0165,45-10,False,,,,,,
,New Zealand,Chile,0.995,0.0008,0.0042,54-10,False,,,,,,
,New Zealand,Hong Kong China,0.9952,0.0008,0.004,51-7,False,,,,,,
,Chile,Hong Kong China,0.3932,0.0232,0.5835,21-25,False,,,,,,
,South Africa,Italy,0.9721,0.0036,0.0243,42-9,False,,,,,,
,South Africa,Georgia,0.9912,0.0013,0.0075,51-11,False,,,,,,
,South Africa,Romania,0.9989,0.0002,0.0009,59-8,False,,,,,,
,Italy,Georgia,0.7441,0.0189,0.237,28-17,False,,,,,,
,Italy,Romania,0.9661,0.0043,0.0296,45-14,False,,,,,,
,Georgia,Romania,0.8661,0.0125,0.1214,35-16,False,,,,,,
,Argentina,Fiji,0.8055,0.0161,0.1784,34-19,False,,,,,,
,Argentina,Canada,0.9984,0.0003,0.0013,57-7,False,,,,,,
,Argentina,Spain,0.9185,0.0087,0.0728,39-15,False,,,,,,
,Fiji,Canada,0.948,0.0061,0.0459,43-15,False,,,,,,
,Fiji,Spain,0.7748,0.0176,0.2077,31-18,False,,,,,,
,Canada,Spain,0.1939,0.0169,0.7892,17-31,False,,,,,,
,Ireland,Scotland,0.6999,0.0205,0.2795,31-22,False,,,,,,
,Ireland,Uruguay,0.9918,0.0012,0.0069,52-12,False,,,,,,
,Ireland,Portugal,0.9965,0.0006,0.0029,55-9,False,,,,,,
,Scotland,Uruguay,0.9641,0.0045,0.0315,43-12,False,,,,,,
,Scotland,Portugal,0.9833,0.0023,0.0144,46-10,False,,,,,,
,Uruguay,Portugal,0.5141,0.0239,0.462,23-22,False,,,,,,
,France,Japan,0.94,0.0068,0.0532,41-14,False,,,,,,
,France,Samoa,0.983,0.0024,0.0146,49-13,False,,,,,,
,France,United States,0.996,0.0007,0.0034,54-9,False,,,,,,
,Japan,Samoa,0.552,0.0236,0.4243,24-22,False,,,,,,
,Japan,United States,0.6995,0.0205,0.28,30-21,False,,,,,,
,Samoa,United States,0.7471,0.0188,0.2341,31-20,False,,,,,,
,England,Wales,0.894,0.0106,0.0954,37-16,False,,,,,,
,England,Tonga,0.9949,0.0008,0.0043,53-9,False,,,,,,
,England,Zimbabwe,0.9958,0.0007,0.0035,53-8,False,,,,,,
,Wales,Tonga,0.9082,0.0095,0.0823,37-14,False,,,,,,
,Wales,Zimbabwe,0.8247,0.015,0.1603,32-16,False,,,,,,
,Tonga,Zimbabwe,0.455,0.0238,0.5211,23-24,False,,,,,,
,Australia,New Zealand,0.3654,0.0228,0.6119,24-29,False,,,,,,
,Australia,Chile,0.917,0.0088,0.0742,40-16,False,,,,,,
,Australia,Hong Kong China,0.9808,0.0026,0.0165,45-10,False,,,,,,
,New Zealand,Chile,0.995,0.0008,0.0042,54-10,False,,,,,,
,New Zealand,Hong Kong China,0.9952,0.0008,0.004,51-7,False,,,,,,
,Chile,Hong Kong China,0.3932,0.0232,0.5835,21-25,False,,,,,,
,South Africa,Italy,0.9721,0.0036,0.0243,42-9,False,,,,,,
,South Africa,Georgia,0.9912,0.0013,0.0075,51-11,False,,,,,,
,South Africa,Romania,0.9989,0.0002,0.0009,59-8,False,,,,,,
,Italy,Georgia,0.7441,0.0189,0.237,28-17,False,,,,,,
,Italy,Romania,0.9661,0.0043,0.0296,45-14,False,,,,,,
,Georgia,Romania,0.8661,0.0125,0.1214,35-16,False,,,,,,
,Argentina,Fiji,0.8055,0.0161,0.1784,34-19,False,,,,,,
,Argentina,Canada,0.9984,0.0003,0.0013,57-7,False,,,,,,
,Argentina,Spain,0.9185,0.0087,0.0728,39-15,False,,,,,,
,Fiji,Canada,0.948,0.0061,0.0459,43-15,False,,,,,,
,Fiji,Spain,0.7748,0.0176,0.2077,31-18,False,,,,,,
,Canada,Spain,0.1939,0.0169,0.7892,17-31,False,,,,,,
,Ireland,Scotland,0.6999,0.0205,0.2795,31-22,False,,,,,,
,Ireland,Uruguay,0.9918,0.0012,0.0069,52-12,False,,,,,,
,Ireland,Portugal,0.9965,0.0006,0.0029,55-9,False,,,,,,
,Scotland,Uruguay,0.9641,0.0045,0.0315,43-12,False,,,,,,
,Scotland,Portugal,0.9833,0.0023,0.0144,46-10,False,,,,,,
,Uruguay,Portugal,0.5141,0.0239,0.462,23-22,False,,,,,,
,France,Japan,0.94,0.0068,0.0532,41-14,False,,,,,,
,France,Samoa,0.983,0.0024,0.0146,49-13,False,,,,,,
,France,United States,0.996,0.0007,0.0034,54-9,False,,,,,,
,Japan,Samoa,0.552,0.0236,0.4243,24-22,False,,,,,,
,Japan,United States,0.6995,0.0205,0.28,30-21,False,,,,,,
,Samoa,United States,0.7471,0.0188,0.2341,31-20,False,,,,,,
,England,Wales,0.894,0.0106,0.0954,37-16,False,,,,,,
,England,Tonga,0.9949,0.0008,0.0043,53-9,False,,,,,,
,England,Zimbabwe,0.9958,0.0007,0.0035,53-8,False,,,,,,
,Wales,Tonga,0.9082,0.0095,0.0823,37-14,False,,,,,,
,Wales,Zimbabwe,0.8247,0.015,0.1603,32-16,False,,,,,,
,Tonga,Zimbabwe,0.455,0.0238,0.5211,23-24,False,,,,,,
,Australia,New Zealand,0.3654,0.0228,0.6119,24-29,False,,,,,,
,Australia,Chile,0.917,0.0088,0.0742,40-16,False,,,,,,
,Australia,Hong Kong China,0.9808,0.0026,0.0165,45-10,False,,,,,,
,New Zealand,Chile,0.995,0.0008,0.0042,54-10,False,,,,,,
,New Zealand,Hong Kong China,0.9952,0.0008,0.004,51-7,False,,,,,,
,Chile,Hong Kong China,0.3932,0.0232,0.5835,21-25,False,,,,,,
,South Africa,Italy,0.9721,0.0036,0.0243,42-9,False,,,,,,
,South Africa,Georgia,0.9912,0.0013,0.0075,51-11,False,,,,,,
,South Africa,Romania,0.9989,0.0002,0.0009,59-8,False,,,,,,
,Italy,Georgia,0.7441,0.0189,0.237,28-17,False,,,,,,
,Italy,Romania,0.9661,0.0043,0.0296,45-14,False,,,,,,
,Georgia,Romania,0.8661,0.0125,0.1214,35-16,False,,,,,,
,Argentina,Fiji,0.8055,0.0161,0.1784,34-19,False,,,,,,
,Argentina,Canada,0.9984,0.0003,0.0013,57-7,False,,,,,,
,Argentina,Spain,0.9185,0.0087,0.0728,39-15,False,,,,,,
,Fiji,Canada,0.948,0.0061,0.0459,43-15,False,,,,,,
,Fiji,Spain,0.7748,0.0176,0.2077,31-18,False,,,,,,
,Canada,Spain,0.1939,0.0169,0.7892,17-31,False,,,,,,
,Ireland,Scotland,0.6999,0.0205,0.2795,31-22,False,,,,,,
,Ireland,Uruguay,0.9918,0.0012,0.0069,52-12,False,,,,,,
,Ireland,Portugal,0.9965,0.0006,0.0029,55-9,False,,,,,,
,Scotland,Uruguay,0.9641,0.0045,0.0315,43-12,False,,,,,,
,Scotland,Portugal,0.9833,0.0023,0.0144,46-10,False,,,,,,
,Uruguay,Portugal,0.5141,0.0239,0.462,23-22,False,,,,,,
,France,Japan,0.94,0.0068,0.0532,41-14,False,,,,,,
,France,Samoa,0.983,0.0024,0.0146,49-13,False,,,,,,
,France,United States,0.996,0.0007,0.0034,54-9,False,,,,,,
,Japan,Samoa,0.552,0.0236,0.4243,24-22,False,,,,,,
,Japan,United States,0.6995,0.0205,0.28,30-21,False,,,,,,
,Samoa,United States,0.7471,0.0188,0.2341,31-20,False,,,,,,
,England,Wales,0.894,0.0106,0.0954,37-16,False,,,,,,
,England,Tonga,0.9949,0.0008,0.0043,53-9,False,,,,,,
,England,Zimbabwe,0.9958,0.0007,0.0035,53-8,False,,,,,,
,Wales,Tonga,0.9082,0.0095,0.0823,37-14,False,,,,,,
,Wales,Zimbabwe,0.8247,0.015,0.1603,32-16,False,,,,,,
,Tonga,Zimbabwe,0.455,0.0238,0.5211,23-24,False,,,,,,
,Australia,New Zealand,0.3654,0.0228,0.6119,24-29,False,,,,,,
,Australia,Chile,0.917,0.0088,0.0742,40-16,False,,,,,,
,Australia,Hong Kong China,0.9808,0.0026,0.0165,45-10,False,,,,,,
,New Zealand,Chile,0.995,0.0008,0.0042,54-10,False,,,,,,
,New Zealand,Hong Kong China,0.9952,0.0008,0.004,51-7,False,,,,,,
,Chile,Hong Kong China,0.3932,0.0232,0.5835,21-25,False,,,,,,
,South Africa,Italy,0.9721,0.0036,0.0243,42-9,False,,,,,,
,South Africa,Georgia,0.9912,0.0013,0.0075,51-11,False,,,,,,
,South Africa,Romania,0.9989,0.0002,0.0009,59-8,False,,,,,,
,Italy,Georgia,0.7441,0.0189,0.237,28-17,False,,,,,,
,Italy,Romania,0.9661,0.0043,0.0296,45-14,False,,,,,,
,Georgia,Romania,0.8661,0.0125,0.1214,35-16,False,,,,,,
,Argentina,Fiji,0.8055,0.0161,0.1784,34-19,False,,,,,,
,Argentina,Canada,0.9984,0.0003,0.0013,57-7,False,,,,,,
,Argentina,Spain,0.9185,0.0087,0.0728,39-15,False,,,,,,
,Fiji,Canada,0.948,0.0061,0.0459,43-15,False,,,,,,
,Fiji,Spain,0.7748,0.0176,0.2077,31-18,False,,,,,,
,Canada,Spain,0.1939,0.0169,0.7892,17-31,False,,,,,,
,Ireland,Scotland,0.6999,0.0205,0.2795,31-22,False,,,,,,
,Ireland,Uruguay,0.9918,0.0012,0.0069,52-12,False,,,,,,
,Ireland,Portugal,0.9965,0.0006,0.0029,55-9,False,,,,,,
,Scotland,Uruguay,0.9641,0.0045,0.0315,43-12,False,,,,,,
,Scotland,Portugal,0.9833,0.0023,0.0144,46-10,False,,,,,,
,Uruguay,Portugal,0.5141,0.0239,0.462,23-22,False,,,,,,
,France,Japan,0.94,0.0068,0.0532,41-14,False,,,,,,
,France,Samoa,0.983,0.0024,0.0146,49-13,False,,,,,,
,France,United States,0.996,0.0007,0.0034,54-9,False,,,,,,
,Japan,Samoa,0.552,0.0236,0.4243,24-22,False,,,,,,
,Japan,United States,0.6995,0.0205,0.28,30-21,False,,,,,,
,Samoa,United States,0.7471,0.0188,0.2341,31-20,False,,,,,,
,England,Wales,0.894,0.0106,0.0954,37-16,False,,,,,,
,England,Tonga,0.9949,0.0008,0.0043,53-9,False,,,,,,
,England,Zimbabwe,0.9958,0.0007,0.0035,53-8,False,,,,,,
,Wales,Tonga,0.9082,0.0095,0.0823,37-14,False,,,,,,
,Wales,Zimbabwe,0.8247,0.015,0.1603,32-16,False,,,,,,
,Tonga,Zimbabwe,0.455,0.0238,0.5211,23-24,False,,,,,,
,Australia,New Zealand,0.3654,0.0228,0.6119,24-29,False,,,,,,
,Australia,Chile,0.917,0.0088,0.0742,40-16,False,,,,,,
,Australia,Hong Kong China,0.9808,0.0026,0.0165,45-10,False,,,,,,
,New Zealand,Chile,0.995,0.0008,0.0042,54-10,False,,,,,,
,New Zealand,Hong Kong China,0.9952,0.0008,0.004,51-7,False,,,,,,
,Chile,Hong Kong China,0.3932,0.0232,0.5835,21-25,False,,,,,,
,South Africa,Italy,0.9721,0.0036,0.0243,42-9,False,,,,,,
,South Africa,Georgia,0.9912,0.0013,0.0075,51-11,False,,,,,,
,South Africa,Romania,0.9989,0.0002,0.0009,59-8,False,,,,,,
,Italy,Georgia,0.7441,0.0189,0.237,28-17,False,,,,,,
,Italy,Romania,0.9661,0.0043,0.0296,45-14,False,,,,,,
,Georgia,Romania,0.8661,0.0125,0.1214,35-16,False,,,,,,
,Argentina,Fiji,0.8055,0.0161,0.1784,34-19,False,,,,,,
,Argentina,Canada,0.9984,0.0003,0.0013,57-7,False,,,,,,
,Argentina,Spain,0.9185,0.0087,0.0728,39-15,False,,,,,,
,Fiji,Canada,0.948,0.0061,0.0459,43-15,False,,,,,,
,Fiji,Spain,0.7748,0.0176,0.2077,31-18,False,,,,,,
,Canada,Spain,0.1939,0.0169,0.7892,17-31,False,,,,,,
,Ireland,Scotland,0.6999,0.0205,0.2795,31-22,False,,,,,,
,Ireland,Uruguay,0.9918,0.0012,0.0069,52-12,False,,,,,,
,Ireland,Portugal,0.9965,0.0006,0.0029,55-9,False,,,,,,
,Scotland,Uruguay,0.9641,0.0045,0.0315,43-12,False,,,,,,
,Scotland,Portugal,0.9833,0.0023,0.0144,46-10,False,,,,,,
,Uruguay,Portugal,0.5141,0.0239,0.462,23-22,False,,,,,,
,France,Japan,0.94,0.0068,0.0532,41-14,False,,,,,,
,France,Samoa,0.983,0.0024,0.0146,49-13,False,,,,,,
,France,United States,0.996,0.0007,0.0034,54-9,False,,,,,,
,Japan,Samoa,0.552,0.0236,0.4243,24-22,False,,,,,,
,Japan,United States,0.6995,0.0205,0.28,30-21,False,,,,,,
,Samoa,United States,0.7471,0.0188,0.2341,31-20,False,,,,,,
,England,Wales,0.894,0.0106,0.0954,37-16,False,,,,,,
,England,Tonga,0.9949,0.0008,0.0043,53-9,False,,,,,,
,England,Zimbabwe,0.9958,0.0007,0.0035,53-8,False,,,,,,
,Wales,Tonga,0.9082,0.0095,0.0823,37-14,False,,,,,,
,Wales,Zimbabwe,0.8247,0.015,0.1603,32-16,False,,,,,,
,Tonga,Zimbabwe,0.455,0.0238,0.5211,23-24,False,,,,,,
,Australia,New Zealand,0.3654,0.0228,0.6119,24-29,False,,,,,,
,Australia,Chile,0.917,0.0088,0.0742,40-16,False,,,,,,
,Australia,Hong Kong China,0.9808,0.0026,0.0165,45-10,False,,,,,,
,New Zealand,Chile,0.995,0.0008,0.0042,54-10,False,,,,,,
,New Zealand,Hong Kong China,0.9952,0.0008,0.004,51-7,False,,,,,,
,Chile,Hong Kong China,0.3932,0.0232,0.5835,21-25,False,,,,,,
,South Africa,Italy,0.9721,0.0036,0.0243,42-9,False,,,,,,
,South Africa,Georgia,0.9912,0.0013,0.0075,51-11,False,,,,,,
,South Africa,Romania,0.9989,0.0002,0.0009,59-8,False,,,,,,
,Italy,Georgia,0.7441,0.0189,0.237,28-17,False,,,,,,
,Italy,Romania,0.9661,0.0043,0.0296,45-14,False,,,,,,
,Georgia,Romania,0.8661,0.0125,0.1214,35-16,False,,,,,,
,Argentina,Fiji,0.8055,0.0161,0.1784,34-19,False,,,,,,
,Argentina,Canada,0.9984,0.0003,0.0013,57-7,False,,,,,,
,Argentina,Spain,0.9185,0.0087,0.0728,39-15,False,,,,,,
,Fiji,Canada,0.948,0.0061,0.0459,43-15,False,,,,,,
,Fiji,Spain,0.7748,0.0176,0.2077,31-18,False,,,,,,
,Canada,Spain,0.1939,0.0169,0.7892,17-31,False,,,,,,
,Ireland,Scotland,0.6999,0.0205,0.2795,31-22,False,,,,,,
,Ireland,Uruguay,0.9918,0.0012,0.0069,52-12,False,,,,,,
,Ireland,Portugal,0.9965,0.0006,0.0029,55-9,False,,,,,,
,Scotland,Uruguay,0.9641,0.0045,0.0315,43-12,False,,,,,,
,Scotland,Portugal,0.9833,0.0023,0.0144,46-10,False,,,,,,
,Uruguay,Portugal,0.5141,0.0239,0.462,23-22,False,,,,,,
,France,Japan,0.94,0.0068,0.0532,41-14,False,,,,,,
,France,Samoa,0.983,0.0024,0.0146,49-13,False,,,,,,
,France,United States,0.996,0.0007,0.0034,54-9,False,,,,,,
,Japan,Samoa,0.552,0.0236,0.4243,24-22,False,,,,,,
,Japan,United States,0.6995,0.0205,0.28,30-21,False,,,,,,
,Samoa,United States,0.7471,0.0188,0.2341,31-20,False,,,,,,
,England,Wales,0.894,0.0106,0.0954,37-16,False,,,,,,
,England,Tonga,0.9949,0.0008,0.0043,53-9,False,,,,,,
,England,Zimbabwe,0.9958,0.0007,0.0035,53-8,False,,,,,,
,Wales,Tonga,0.9082,0.0095,0.0823,37-14,False,,,,,,
,Wales,Zimbabwe,0.8247,0.015,0.1603,32-16,False,,,,,,
,Tonga,Zimbabwe,0.455,0.0238,0.5211,23-24,False,,,,,,
,Australia,New Zealand,0.3654,0.0228,0.6119,24-29,False,,,,,,
,Australia,Chile,0.917,0.0088,0.0742,40-16,False,,,,,,
,Australia,Hong Kong China,0.9808,0.0026,0.0165,45-10,False,,,,,,
,New Zealand,Chile,0.995,0.0008,0.0042,54-10,False,,,,,,
,New Zealand,Hong Kong China,0.9952,0.0008,0.004,51-7,False,,,,,,
,Chile,Hong Kong China,0.3932,0.0232,0.5835,21-25,False,,,,,,
,South Africa,Italy,0.9721,0.0036,0.0243,42-9,False,,,,,,
,South Africa,Georgia,0.9912,0.0013,0.0075,51-11,False,,,,,,
,South Africa,Romania,0.9989,0.0002,0.0009,59-8,False,,,,,,
,Italy,Georgia,0.7441,0.0189,0.237,28-17,False,,,,,,
,Italy,Romania,0.9661,0.0043,0.0296,45-14,False,,,,,,
,Georgia,Romania,0.8661,0.0125,0.1214,35-16,False,,,,,,
,Argentina,Fiji,0.8055,0.0161,0.1784,34-19,False,,,,,,
,Argentina,Canada,0.9984,0.0003,0.0013,57-7,False,,,,,,
,Argentina,Spain,0.9185,0.0087,0.0728,39-15,False,,,,,,
,Fiji,Canada,0.948,0.0061,0.0459,43-15,False,,,,,,
,Fiji,Spain,0.7748,0.0176,0.2077,31-18,False,,,,,,
,Canada,Spain,0.1939,0.0169,0.7892,17-31,False,,,,,,
,Ireland,Scotland,0.6999,0.0205,0.2795,31-22,False,,,,,,
,Ireland,Uruguay,0.9918,0.0012,0.0069,52-12,False,,,,,,
,Ireland,Portugal,0.9965,0.0006,0.0029,55-9,False,,,,,,
,Scotland,Uruguay,0.9641,0.0045,0.0315,43-12,False,,,,,,
,Scotland,Portugal,0.9833,0.0023,0.0144,46-10,False,,,,,,
,Uruguay,Portugal,0.5141,0.0239,0.462,23-22,False,,,,,,
,France,Japan,0.94,0.0068,0.0532,41-14,False,,,,,,
,France,Samoa,0.983,0.0024,0.0146,49-13,False,,,,,,
,France,United States,0.996,0.0007,0.0034,54-9,False,,,,,,
,Japan,Samoa,0.552,0.0236,0.4243,24-22,False,,,,,,
,Japan,United States,0.6995,0.0205,0.28,30-21,False,,,,,,
,Samoa,United States,0.7471,0.0188,0.2341,31-20,False,,,,,,
,England,Wales,0.894,0.0106,0.0954,37-16,False,,,,,,
,England,Tonga,0.9949,0.0008,0.0043,53-9,False,,,,,,
,England,Zimbabwe,0.9958,0.0007,0.0035,53-8,False,,,,,,
,Wales,Tonga,0.9082,0.0095,0.0823,37-14,False,,,,,,
,Wales,Zimbabwe,0.8247,0.015,0.1603,32-16,False,,,,,,
,Tonga,Zimbabwe,0.455,0.0238,0.5211,23-24,False,,,,,,
,Australia,New Zealand,0.3654,0.0228,0.6119,24-29,False,,,,,,
,Australia,Chile,0.917,0.0088,0.0742,40-16,False,,,,,,
,Australia,Hong Kong China,0.9808,0.0026,0.0165,45-10,False,,,,,,
,New Zealand,Chile,0.995,0.0008,0.0042,54-10,False,,,,,,
,New Zealand,Hong Kong China,0.9952,0.0008,0.004,51-7,False,,,,,,
,Chile,Hong Kong China,0.3932,0.0232,0.5835,21-25,False,,,,,,
,South Africa,Italy,0.9721,0.0036,0.0243,42-9,False,,,,,,
,South Africa,Georgia,0.9912,0.0013,0.0075,51-11,False,,,,,,
,South Africa,Romania,0.9989,0.0002,0.0009,59-8,False,,,,,,
,Italy,Georgia,0.7441,0.0189,0.237,28-17,False,,,,,,
,Italy,Romania,0.9661,0.0043,0.0296,45-14,False,,,,,,
,Georgia,Romania,0.8661,0.0125,0.1214,35-16,False,,,,,,
,Argentina,Fiji,0.8055,0.0161,0.1784,34-19,False,,,,,,
,Argentina,Canada,0.9984,0.0003,0.0013,57-7,False,,,,,,
,Argentina,Spain,0.9185,0.0087,0.0728,39-15,False,,,,,,
,Fiji,Canada,0.948,0.0061,0.0459,43-15,False,,,,,,
,Fiji,Spain,0.7748,0.0176,0.2077,31-18,False,,,,,,
,Canada,Spain,0.1939,0.0169,0.7892,17-31,False,,,,,,
,Ireland,Scotland,0.6999,0.0205,0.2795,31-22,False,,,,,,
,Ireland,Uruguay,0.9918,0.0012,0.0069,52-12,False,,,,,,
,Ireland,Portugal,0.9965,0.0006,0.0029,55-9,False,,,,,,
,Scotland,Uruguay,0.9641,0.0045,0.0315,43-12,False,,,,,,
,Scotland,Portugal,0.9833,0.0023,0.0144,46-10,False,,,,,,
,Uruguay,Portugal,0.5141,0.0239,0.462,23-22,False,,,,,,
,France,Japan,0.94,0.0068,0.0532,41-14,False,,,,,,
,France,Samoa,0.983,0.0024,0.0146,49-13,False,,,,,,
,France,United States,0.996,0.0007,0.0034,54-9,False,,,,,,
,Japan,Samoa,0.552,0.0236,0.4243,24-22,False,,,,,,
,Japan,United States,0.6995,0.0205,0.28,30-21,False,,,,,,
,Samoa,United States,0.7471,0.0188,0.2341,31-20,False,,,,,,
,England,Wales,0.894,0.0106,0.0954,37-16,False,,,,,,
,England,Tonga,0.9949,0.0008,0.0043,53-9,False,,,,,,
,England,Zimbabwe,0.9958,0.0007,0.0035,53-8,False,,,,,,
,Wales,Tonga,0.9082,0.0095,0.0823,37-14,False,,,,,,
,Wales,Zimbabwe,0.8247,0.015,0.1603,32-16,False,,,,,,
,Tonga,Zimbabwe,0.455,0.0238,0.5211,23-24,False,,,,,,
,Australia,New Zealand,0.3654,0.0228,0.6119,24-29,False,,,,,,
,Australia,Chile,0.917,0.0088,0.0742,40-16,False,,,,,,
,Australia,Hong Kong China,0.9808,0.0026,0.0165,45-10,False,,,,,,
,New Zealand,Chile,0.995,0.0008,0.0042,54-10,False,,,,,,
,New Zealand,Hong Kong China,0.9952,0.0008,0.004,51-7,False,,,,,,
,Chile,Hong Kong China,0.3932,0.0232,0.5835,21-25,False,,,,,,
,South Africa,Italy,0.9721,0.0036,0.0243,42-9,False,,,,,,
,South Africa,Georgia,0.9912,0.0013,0.0075,51-11,False,,,,,,
,South Africa,Romania,0.9989,0.0002,0.0009,59-8,False,,,,,,
,Italy,Georgia,0.7441,0.0189,0.237,28-17,False,,,,,,
,Italy,Romania,0.9661,0.0043,0.0296,45-14,False,,,,,,
,Georgia,Romania,0.8661,0.0125,0.1214,35-16,False,,,,,,
,Argentina,Fiji,0.8055,0.0161,0.1784,34-19,False,,,,,,
,Argentina,Canada,0.9984,0.0003,0.0013,57-7,False,,,,,,
,Argentina,Spain,0.9185,0.0087,0.0728,39-15,False,,,,,,
,Fiji,Canada,0.948,0.0061,0.0459,43-15,False,,,,,,
,Fiji,Spain,0.7748,0.0176,0.2077,31-18,False,,,,,,
,Canada,Spain,0.1939,0.0169,0.7892,17-31,False,,,,,,
,Ireland,Scotland,0.6999,0.0205,0.2795,31-22,False,,,,,,
,Ireland,Uruguay,0.9918,0.0012,0.0069,52-12,False,,,,,,
,Ireland,Portugal,0.9965,0.0006,0.0029,55-9,False,,,,,,
,Scotland,Uruguay,0.9641,0.0045,0.0315,43-12,False,,,,,,
,Scotland,Portugal,0.9833,0.0023,0.0144,46-10,False,,,,,,
,Uruguay,Portugal,0.5141,0.0239,0.462,23-22,False,,,,,,
,France,Japan,0.94,0.0068,0.0532,41-14,False,,,,,,
,France,Samoa,0.983,0.0024,0.0146,49-13,False,,,,,,
,France,United States,0.996,0.0007,0.0034,54-9,False,,,,,,
,Japan,Samoa,0.552,0.0236,0.4243,24-22,False,,,,,,
,Japan,United States,0.6995,0.0205,0.28,30-21,False,,,,,,
,Samoa,United States,0.7471,0.0188,0.2341,31-20,False,,,,,,
,England,Wales,0.894,0.0106,0.0954,37-16,False,,,,,,
,England,Tonga,0.9949,0.0008,0.0043,53-9,False,,,,,,
,England,Zimbabwe,0.9958,0.0007,0.0035,53-8,False,,,,,,
,Wales,Tonga,0.9082,0.0095,0.0823,37-14,False,,,,,,
,Wales,Zimbabwe,0.8247,0.015,0.1603,32-16,False,,,,,,
,Tonga,Zimbabwe,0.455,0.0238,0.5211,23-24,False,,,,,,
,Australia,New Zealand,0.3654,0.0228,0.6119,24-29,False,,,,,,
,Australia,Chile,0.917,0.0088,0.0742,40-16,False,,,,,,
,Australia,Hong Kong China,0.9808,0.0026,0.0165,45-10,False,,,,,,
,New Zealand,Chile,0.995,0.0008,0.0042,54-10,False,,,,,,
,New Zealand,Hong Kong China,0.9952,0.0008,0.004,51-7,False,,,,,,
,Chile,Hong Kong China,0.3932,0.0232,0.5835,21-25,False,,,,,,
,South Africa,Italy,0.9721,0.0036,0.0243,42-9,False,,,,,,
,South Africa,Georgia,0.9912,0.0013,0.0075,51-11,False,,,,,,
,South Africa,Romania,0.9989,0.0002,0.0009,59-8,False,,,,,,
,Italy,Georgia,0.7441,0.0189,0.237,28-17,False,,,,,,
,Italy,Romania,0.9661,0.0043,0.0296,45-14,False,,,,,,
,Georgia,Romania,0.8661,0.0125,0.1214,35-16,False,,,,,,
,Argentina,Fiji,0.8055,0.0161,0.1784,34-19,False,,,,,,
,Argentina,Canada,0.9984,0.0003,0.0013,57-7,False,,,,,,
,Argentina,Spain,0.9185,0.0087,0.0728,39-15,False,,,,,,
,Fiji,Canada,0.948,0.0061,0.0459,43-15,False,,,,,,
,Fiji,Spain,0.7748,0.0176,0.2077,31-18,False,,,,,,
,Canada,Spain,0.1939,0.0169,0.7892,17-31,False,,,,,,
,Ireland,Scotland,0.6999,0.0205,0.2795,31-22,False,,,,,,
,Ireland,Uruguay,0.9918,0.0012,0.0069,52-12,False,,,,,,
,Ireland,Portugal,0.9965,0.0006,0.0029,55-9,False,,,,,,
,Scotland,Uruguay,0.9641,0.0045,0.0315,43-12,False,,,,,,
,Scotland,Portugal,0.9833,0.0023,0.0144,46-10,False,,,,,,
,Uruguay,Portugal,0.5141,0.0239,0.462,23-22,False,,,,,,
,France,Japan,0.94,0.0068,0.0532,41-14,False,,,,,,
,France,Samoa,0.983,0.0024,0.0146,49-13,False,,,,,,
,France,United States,0.996,0.0007,0.0034,54-9,False,,,,,,
,Japan,Samoa,0.552,0.0236,0.4243,24-22,False,,,,,,
,Japan,United States,0.6995,0.0205,0.28,30-21,False,,,,,,
,Samoa,United States,0.7471,0.0188,0.2341,31-20,False,,,,,,
,England,Wales,0.894,0.0106,0.0954,37-16,False,,,,,,
,England,Tonga,0.9949,0.0008,0.0043,53-9,False,,,,,,
,England,Zimbabwe,0.9958,0.0007,0.0035,53-8,False,,,,,,
,Wales,Tonga,0.9082,0.0095,0.0823,37-14,False,,,,,,
,Wales,Zimbabwe,0.8247,0.015,0.1603,32-16,False,,,,,,
,Tonga,Zimbabwe,0.455,0.0238,0.5211,23-24,False,,,,,,
,Australia,New Zealand,0.3654,0.0228,0.6119,24-29,False,,,,,,
,Australia,Chile,0.917,0.0088,0.0742,40-16,False,,,,,,
,Australia,Hong Kong China,0.9808,0.0026,0.0165,45-10,False,,,,,,
,New Zealand,Chile,0.995,0.0008,0.0042,54-10,False,,,,,,
,New Zealand,Hong Kong China,0.9952,0.0008,0.004,51-7,False,,,,,,
,Chile,Hong Kong China,0.3932,0.0232,0.5835,21-25,False,,,,,,
,South Africa,Italy,0.9721,0.0036,0.0243,42-9,False,,,,,,
,South Africa,Georgia,0.9912,0.0013,0.0075,51-11,False,,,,,,
,South Africa,Romania,0.9989,0.0002,0.0009,59-8,False,,,,,,
,Italy,Georgia,0.7441,0.0189,0.237,28-17,False,,,,,,
,Italy,Romania,0.9661,0.0043,0.0296,45-14,False,,,,,,
,Georgia,Romania,0.8661,0.0125,0.1214,35-16,False,,,,,,
,Argentina,Fiji,0.8055,0.0161,0.1784,34-19,False,,,,,,
,Argentina,Canada,0.9984,0.0003,0.0013,57-7,False,,,,,,
,Argentina,Spain,0.9185,0.0087,0.0728,39-15,False,,,,,,
,Fiji,Canada,0.948,0.0061,0.0459,43-15,False,,,,,,
,Fiji,Spain,0.7748,0.0176,0.2077,31-18,False,,,,,,
,Canada,Spain,0.1939,0.0169,0.7892,17-31,False,,,,,,
,Ireland,Scotland,0.6999,0.0205,0.2795,31-22,False,,,,,,
,Ireland,Uruguay,0.9918,0.0012,0.0069,52-12,False,,,,,,
,Ireland,Portugal,0.9965,0.0006,0.0029,55-9,False,,,,,,
,Scotland,Uruguay,0.9641,0.0045,0.0315,43-12,False,,,,,,
,Scotland,Portugal,0.9833,0.0023,0.0144,46-10,False,,,,,,
,Uruguay,Portugal,0.5141,0.0239,0.462,23-22,False,,,,,,
,France,Japan,0.94,0.0068,0.0532,41-14,False,,,,,,
,France,Samoa,0.983,0.0024,0.0146,49-13,False,,,,,,
,France,United States,0.996,0.0007,0.0034,54-9,False,,,,,,
,Japan,Samoa,0.552,0.0236,0.4243,24-22,False,,,,,,
,Japan,United States,0.6995,0.0205,0.28,30-21,False,,,,,,
,Samoa,United States,0.7471,0.0188,0.2341,31-20,False,,,,,,
,England,Wales,0.894,0.0106,0.0954,37-16,False,,,,,,
,England,Tonga,0.9949,0.0008,0.0043,53-9,False,,,,,,
,England,Zimbabwe,0.9958,0.0007,0.0035,53-8,False,,,,,,
,Wales,Tonga,0.9082,0.0095,0.0823,37-14,False,,,,,,
,Wales,Zimbabwe,0.8247,0.015,0.1603,32-16,False,,,,,,
,Tonga,Zimbabwe,0.455,0.0238,0.5211,23-24,False,,,,,,
,Australia,New Zealand,0.3654,0.0228,0.6119,24-29,False,,,,,,
,Australia,Chile,0.917,0.0088,0.0742,40-16,False,,,,,,
,Australia,Hong Kong China,0.9808,0.0026,0.0165,45-10,False,,,,,,
,New Zealand,Chile,0.995,0.0008,0.0042,54-10,False,,,,,,
,New Zealand,Hong Kong China,0.9952,0.0008,0.004,51-7,False,,,,,,
,Chile,Hong Kong China,0.3932,0.0232,0.5835,21-25,False,,,,,,
,South Africa,Italy,0.9721,0.0036,0.0243,42-9,False,,,,,,
,South Africa,Georgia,0.9912,0.0013,0.0075,51-11,False,,,,,,
,South Africa,Romania,0.9989,0.0002,0.0009,59-8,False,,,,,,
,Italy,Georgia,0.7441,0.0189,0.237,28-17,False,,,,,,
,Italy,Romania,0.9661,0.0043,0.0296,45-14,False,,,,,,
,Georgia,Romania,0.8661,0.0125,0.1214,35-16,False,,,,,,
,Argentina,Fiji,0.8055,0.0161,0.1784,34-19,False,,,,,,
,Argentina,Canada,0.9984,0.0003,0.0013,57-7,False,,,,,,
,Argentina,Spain,0.9185,0.0087,0.0728,39-15,False,,,,,,
,Fiji,Canada,0.948,0.0061,0.0459,43-15,False,,,,,,
,Fiji,Spain,0.7748,0.0176,0.2077,31-18,False,,,,,,
,Canada,Spain,0.1939,0.0169,0.7892,17-31,False,,,,,,
,Ireland,Scotland,0.6999,0.0205,0.2795,31-22,False,,,,,,
,Ireland,Uruguay,0.9918,0.0012,0.0069,52-12,False,,,,,,
,Ireland,Portugal,0.9965,0.0006,0.0029,55-9,False,,,,,,
,Scotland,Uruguay,0.9641,0.0045,0.0315,43-12,False,,,,,,
,Scotland,Portugal,0.9833,0.0023,0.0144,46-10,False,,,,,,
,Uruguay,Portugal,0.5141,0.0239,0.462,23-22,False,,,,,,
,France,Japan,0.94,0.0068,0.0532,41-14,False,,,,,,
,France,Samoa,0.983,0.0024,0.0146,49-13,False,,,,,,
,France,United States,0.996,0.0007,0.0034,54-9,False,,,,,,
,Japan,Samoa,0.552,0.0236,0.4243,24-22,False,,,,,,
,Japan,United States,0.6995,0.0205,0.28,30-21,False,,,,,,
,Samoa,United States,0.7471,0.0188,0.2341,31-20,False,,,,,,
,England,Wales,0.894,0.0106,0.0954,37-16,False,,,,,,
,England,Tonga,0.9949,0.0008,0.0043,53-9,False,,,,,,
,England,Zimbabwe,0.9958,0.0007,0.0035,53-8,False,,,,,,
,Wales,Tonga,0.9082,0.0095,0.0823,37-14,False,,,,,,
,Wales,Zimbabwe,0.8247,0.015,0.1603,32-16,False,,,,,,
,Tonga,Zimbabwe,0.455,0.0238,0.5211,23-24,False,,,,,,
,Australia,New Zealand,0.3654,0.0228,0.6119,24-29,False,,,,,,
,Australia,Chile,0.917,0.0088,0.0742,40-16,False,,,,,,
,Australia,Hong Kong China,0.9808,0.0026,0.0165,45-10,False,,,,,,
,New Zealand,Chile,0.995,0.0008,0.0042,54-10,False,,,,,,
,New Zealand,Hong Kong China,0.9952,0.0008,0.004,51-7,False,,,,,,
,Chile,Hong Kong China,0.3932,0.0232,0.5835,21-25,False,,,,,,
,South Africa,Italy,0.9721,0.0036,0.0243,42-9,False,,,,,,
,South Africa,Georgia,0.9912,0.0013,0.0075,51-11,False,,,,,,
,South Africa,Romania,0.9989,0.0002,0.0009,59-8,False,,,,,,
,Italy,Georgia,0.7441,0.0189,0.237,28-17,False,,,,,,
,Italy,Romania,0.9661,0.0043,0.0296,45-14,False,,,,,,
,Georgia,Romania,0.8661,0.0125,0.1214,35-16,False,,,,,,
,Argentina,Fiji,0.8055,0.0161,0.1784,34-19,False,,,,,,
,Argentina,Canada,0.9984,0.0003,0.0013,57-7,False,,,,,,
,Argentina,Spain,0.9185,0.0087,0.0728,39-15,False,,,,,,
,Fiji,Canada,0.948,0.0061,0.0459,43-15,False,,,,,,
,Fiji,Spain,0.7748,0.0176,0.2077,31-18,False,,,,,,
,Canada,Spain,0.1939,0.0169,0.7892,17-31,False,,,,,,
,Ireland,Scotland,0.6999,0.0205,0.2795,31-22,False,,,,,,
,Ireland,Uruguay,0.9918,0.0012,0.0069,52-12,False,,,,,,
,Ireland,Portugal,0.9965,0.0006,0.0029,55-9,False,,,,,,
,Scotland,Uruguay,0.9641,0.0045,0.0315,43-12,False,,,,,,
,Scotland,Portugal,0.9833,0.0023,0.0144,46-10,False,,,,,,
,Uruguay,Portugal,0.5141,0.0239,0.462,23-22,False,,,,,,
,France,Japan,0.94,0.0068,0.0532,41-14,False,,,,,,
,France,Samoa,0.983,0.0024,0.0146,49-13,False,,,,,,
,France,United States,0.996,0.0007,0.0034,54-9,False,,,,,,
,Japan,Samoa,0.552,0.0236,0.4243,24-22,False,,,,,,
,Japan,United States,0.6995,0.0205,0.28,30-21,False,,,,,,
,Samoa,United States,0.7471,0.0188,0.2341,31-20,False,,,,,,
,England,Wales,0.894,0.0106,0.0954,37-16,False,,,,,,
,England,Tonga,0.9949,0.0008,0.0043,53-9,False,,,,,,
,England,Zimbabwe,0.9958,0.0007,0.0035,53-8,False,,,,,,
,Wales,Tonga,0.9082,0.0095,0.0823,37-14,False,,,,,,
,Wales,Zimbabwe,0.8247,0.015,0.1603,32-16,False,,,,,,
,Tonga,Zimbabwe,0.455,0.0238,0.5211,23-24,False,,,,,,
,Australia,New Zealand,0.3654,0.0228,0.6119,24-29,False,,,,,,
,Australia,Chile,0.917,0.0088,0.0742,40-16,False,,,,,,
,Australia,Hong Kong China,0.9808,0.0026,0.0165,45-10,False,,,,,,
,New Zealand,Chile,0.995,0.0008,0.0042,54-10,False,,,,,,
,New Zealand,Hong Kong China,0.9952,0.0008,0.004,51-7,False,,,,,,
,Chile,Hong Kong China,0.3932,0.0232,0.5835,21-25,False,,,,,,
,South Africa,Italy,0.9721,0.0036,0.0243,42-9,False,,,,,,
,South Africa,Georgia,0.9912,0.0013,0.0075,51-11,False,,,,,,
,South Africa,Romania,0.9989,0.0002,0.0009,59-8,False,,,,,,
,Italy,Georgia,0.7441,0.0189,0.237,28-17,False,,,,,,
,Italy,Romania,0.9661,0.0043,0.0296,45-14,False,,,,,,
,Georgia,Romania,0.8661,0.0125,0.1214,35-16,False,,,,,,
,Argentina,Fiji,0.8055,0.0161,0.1784,34-19,False,,,,,,
,Argentina,Canada,0.9984,0.0003,0.0013,57-7,False,,,,,,
,Argentina,Spain,0.9185,0.0087,0.0728,39-15,False,,,,,,
,Fiji,Canada,0.948,0.0061,0.0459,43-15,False,,,,,,
,Fiji,Spain,0.7748,0.0176,0.2077,31-18,False,,,,,,
,Canada,Spain,0.1939,0.0169,0.7892,17-31,False,,,,,,
,Ireland,Scotland,0.6999,0.0205,0.2795,31-22,False,,,,,,
,Ireland,Uruguay,0.9918,0.0012,0.0069,52-12,False,,,,,,
,Ireland,Portugal,0.9965,0.0006,0.0029,55-9,False,,,,,,
,Scotland,Uruguay,0.9641,0.0045,0.0315,43-12,False,,,,,,
,Scotland,Portugal,0.9833,0.0023,0.0144,46-10,False,,,,,,
,Uruguay,Portugal,0.5141,0.0239,0.462,23-22,False,,,,,,
,France,Japan,0.94,0.0068,0.0532,41-14,False,,,,,,
,France,Samoa,0.983,0.0024,0.0146,49-13,False,,,,,,
,France,United States,0.996,0.0007,0.0034,54-9,False,,,,,,
,Japan,Samoa,0.552,0.0236,0.4243,24-22,False,,,,,,
,Japan,United States,0.6995,0.0205,0.28,30-21,False,,,,,,
,Samoa,United States,0.7471,0.0188,0.2341,31-20,False,,,,,,
,England,Wales,0.894,0.0106,0.0954,37-16,False,,,,,,
,England,Tonga,0.9949,0.0008,0.0043,53-9,False,,,,,,
,England,Zimbabwe,0.9958,0.0007,0.0035,53-8,False,,,,,,
,Wales,Tonga,0.9082,0.0095,0.0823,37-14,False,,,,,,
,Wales,Zimbabwe,0.8247,0.015,0.1603,32-16,False,,,,,,
,Tonga,Zimbabwe,0.455,0.0238,0.5211,23-24,False,,,,,,
,Australia,New Zealand,0.3654,0.0228,0.6119,24-29,False,,,,,,
,Australia,Chile,0.917,0.0088,0.0742,40-16,False,,,,,,
,Australia,Hong Kong China,0.9808,0.0026,0.0165,45-10,False,,,,,,
,New Zealand,Chile,0.995,0.0008,0.0042,54-10,False,,,,,,
,New Zealand,Hong Kong China,0.9952,0.0008,0.004,51-7,False,,,,,,
,Chile,Hong Kong China,0.3932,0.0232,0.5835,21-25,False,,,,,,
,South Africa,Italy,0.9721,0.0036,0.0243,42-9,False,,,,,,
,South Africa,Georgia,0.9912,0.0013,0.0075,51-11,False,,,,,,
,South Africa,Romania,0.9989,0.0002,0.0009,59-8,False,,,,,,
,Italy,Georgia,0.7441,0.0189,0.237,28-17,False,,,,,,
,Italy,Romania,0.9661,0.0043,0.0296,45-14,False,,,,,,
,Georgia,Romania,0.8661,0.0125,0.1214,35-16,False,,,,,,
,Argentina,Fiji,0.8055,0.0161,0.1784,34-19,False,,,,,,
,Argentina,Canada,0.9984,0.0003,0.0013,57-7,False,,,,,,
,Argentina,Spain,0.9185,0.0087,0.0728,39-15,False,,,,,,
,Fiji,Canada,0.948,0.0061,0.0459,43-15,False,,,,,,
,Fiji,Spain,0.7748,0.0176,0.2077,31-18,False,,,,,,
,Canada,Spain,0.1939,0.0169,0.7892,17-31,False,,,,,,
,Ireland,Scotland,0.6999,0.0205,0.2795,31-22,False,,,,,,
,Ireland,Uruguay,0.9918,0.0012,0.0069,52-12,False,,,,,,
,Ireland,Portugal,0.9965,0.0006,0.0029,55-9,False,,,,,,
,Scotland,Uruguay,0.9641,0.0045,0.0315,43-12,False,,,,,,
,Scotland,Portugal,0.9833,0.0023,0.0144,46-10,False,,,,,,
,Uruguay,Portugal,0.5141,0.0239,0.462,23-22,False,,,,,,
,France,Japan,0.94,0.0068,0.0532,41-14,False,,,,,,
,France,Samoa,0.983,0.0024,0.0146,49-13,False,,,,,,
,France,United States,0.996,0.0007,0.0034,54-9,False,,,,,,
,Japan,Samoa,0.552,0.0236,0.4243,24-22,False,,,,,,
,Japan,United States,0.6995,0.0205,0.28,30-21,False,,,,,,
,Samoa,United States,0.7471,0.0188,0.2341,31-20,False,,,,,,
,England,Wales,0.894,0.0106,0.0954,37-16,False,,,,,,
,England,Tonga,0.9949,0.0008,0.0043,53-9,False,,,,,,
,England,Zimbabwe,0.9958,0.0007,0.0035,53-8,False,,,,,,
,Wales,Tonga,0.9082,0.0095,0.0823,37-14,False,,,,,,
,Wales,Zimbabwe,0.8247,0.015,0.1603,32-16,False,,,,,,
,Tonga,Zimbabwe,0.455,0.0238,0.5211,23-24,False,,,,,,
,Australia,New Zealand,0.3654,0.0228,0.6119,24-29,False,,,,,,
,Australia,Chile,0.917,0.0088,0.0742,40-16,False,,,,,,
,Australia,Hong Kong China,0.9808,0.0026,0.0165,45-10,False,,,,,,
,New Zealand,Chile,0.995,0.0008,0.0042,54-10,False,,,,,,
,New Zealand,Hong Kong China,0.9952,0.0008,0.004,51-7,False,,,,,,
,Chile,Hong Kong China,0.3932,0.0232,0.5835,21-25,False,,,,,,
,South Africa,Italy,0.9721,0.0036,0.0243,42-9,False,,,,,,
,South Africa,Georgia,0.9912,0.0013,0.0075,51-11,False,,,,,,
,South Africa,Romania,0.9989,0.0002,0.0009,59-8,False,,,,,,
,Italy,Georgia,0.7441,0.0189,0.237,28-17,False,,,,,,
,Italy,Romania,0.9661,0.0043,0.0296,45-14,False,,,,,,
,Georgia,Romania,0.8661,0.0125,0.1214,35-16,False,,,,,,
,Argentina,Fiji,0.8055,0.0161,0.1784,34-19,False,,,,,,
,Argentina,Canada,0.9984,0.0003,0.0013,57-7,False,,,,,,
,Argentina,Spain,0.9185,0.0087,0.0728,39-15,False,,,,,,
,Fiji,Canada,0.948,0.0061,0.0459,43-15,False,,,,,,
,Fiji,Spain,0.7748,0.0176,0.2077,31-18,False,,,,,,
,Canada,Spain,0.1939,0.0169,0.7892,17-31,False,,,,,,
,Ireland,Scotland,0.6999,0.0205,0.2795,31-22,False,,,,,,
,Ireland,Uruguay,0.9918,0.0012,0.0069,52-12,False,,,,,,
,Ireland,Portugal,0.9965,0.0006,0.0029,55-9,False,,,,,,
,Scotland,Uruguay,0.9641,0.0045,0.0315,43-12,False,,,,,,
,Scotland,Portugal,0.9833,0.0023,0.0144,46-10,False,,,,,,
,Uruguay,Portugal,0.5141,0.0239,0.462,23-22,False,,,,,,
,France,Japan,0.94,0.0068,0.0532,41-14,False,,,,,,
,France,Samoa,0.983,0.0024,0.0146,49-13,False,,,,,,
,France,United States,0.996,0.0007,0.0034,54-9,False,,,,,,
,Japan,Samoa,0.552,0.0236,0.4243,24-22,False,,,,,,
,Japan,United States,0.6995,0.0205,0.28,30-21,False,,,,,,
,Samoa,United States,0.7471,0.0188,0.2341,31-20,False,,,,,,
,England,Wales,0.894,0.0106,0.0954,37-16,False,,,,,,
,England,Tonga,0.9949,0.0008,0.0043,53-9,False,,,,,,
,England,Zimbabwe,0.9958,0.0007,0.0035,53-8,False,,,,,,
,Wales,Tonga,0.9082,0.0095,0.0823,37-14,False,,,,,,
,Wales,Zimbabwe,0.8247,0.015,0.1603,32-16,False,,,,,,
,Tonga,Zimbabwe,0.455,0.0238,0.5211,23-24,False,,,,,,
,Australia,New Zealand,0.3654,0.0228,0.6119,24-29,False,,,,,,
,Australia,Chile,0.917,0.0088,0.0742,40-16,False,,,,,,
,Australia,Hong Kong China,0.9808,0.0026,0.0165,45-10,False,,,,,,
,New Zealand,Chile,0.995,0.0008,0.0042,54-10,False,,,,,,
,New Zealand,Hong Kong China,0.9952,0.0008,0.004,51-7,False,,,,,,
,Chile,Hong Kong China,0.3932,0.0232,0.5835,21-25,False,,,,,,
,South Africa,Italy,0.9721,0.0036,0.0243,42-9,False,,,,,,
,South Africa,Georgia,0.9912,0.0013,0.0075,51-11,False,,,,,,
,South Africa,Romania,0.9989,0.0002,0.0009,59-8,False,,,,,,
,Italy,Georgia,0.7441,0.0189,0.237,28-17,False,,,,,,
,Italy,Romania,0.9661,0.0043,0.0296,45-14,False,,,,,,
,Georgia,Romania,0.8661,0.0125,0.1214,35-16,False,,,,,,
,Argentina,Fiji,0.8055,0.0161,0.1784,34-19,False,,,,,,
,Argentina,Canada,0.9984,0.0003,0.0013,57-7,False,,,,,,
,Argentina,Spain,0.9185,0.0087,0.0728,39-15,False,,,,,,
,Fiji,Canada,0.948,0.0061,0.0459,43-15,False,,,,,,
,Fiji,Spain,0.7748,0.0176,0.2077,31-18,False,,,,,,
,Canada,Spain,0.1939,0.0169,0.7892,17-31,False,,,,,,
,Ireland,Scotland,0.6999,0.0205,0.2795,31-22,False,,,,,,
,Ireland,Uruguay,0.9918,0.0012,0.0069,52-12,False,,,,,,
,Ireland,Portugal,0.9965,0.0006,0.0029,55-9,False,,,,,,
,Scotland,Uruguay,0.9641,0.0045,0.0315,43-12,False,,,,,,
,Scotland,Portugal,0.9833,0.0023,0.0144,46-10,False,,,,,,
,Uruguay,Portugal,0.5141,0.0239,0.462,23-22,False,,,,,,
,France,Japan,0.94,0.0068,0.0532,41-14,False,,,,,,
,France,Samoa,0.983,0.0024,0.0146,49-13,False,,,,,,
,France,United States,0.996,0.0007,0.0034,54-9,False,,,,,,
,Japan,Samoa,0.552,0.0236,0.4243,24-22,False,,,,,,
,Japan,United States,0.6995,0.0205,0.28,30-21,False,,,,,,
,Samoa,United States,0.7471,0.0188,0.2341,31-20,False,,,,,,
,England,Wales,0.894,0.0106,0.0954,37-16,False,,,,,,
,England,Tonga,0.9949,0.0008,0.0043,53-9,False,,,,,,
,England,Zimbabwe,0.9958,0.0007,0.0035,53-8,False,,,,,,
,Wales,Tonga,0.9082,0.0095,0.0823,37-14,False,,,,,,
,Wales,Zimbabwe,0.8247,0.015,0.1603,32-16,False,,,,,,
,Tonga,Zimbabwe,0.455,0.0238,0.5211,23-24,False,,,,,,
,Australia,New Zealand,0.3654,0.0228,0.6119,24-29,False,,,,,,
,Australia,Chile,0.917,0.0088,0.0742,40-16,False,,,,,,
,Australia,Hong Kong China,0.9808,0.0026,0.0165,45-10,False,,,,,,
,New Zealand,Chile,0.995,0.0008,0.0042,54-10,False,,,,,,
,New Zealand,Hong Kong China,0.9952,0.0008,0.004,51-7,False,,,,,,
,Chile,Hong Kong China,0.3932,0.0232,0.5835,21-25,False,,,,,,
,South Africa,Italy,0.9721,0.0036,0.0243,42-9,False,,,,,,
,South Africa,Georgia,0.9912,0.0013,0.0075,51-11,False,,,,,,
,South Africa,Romania,0.9989,0.0002,0.0009,59-8,False,,,,,,
,Italy,Georgia,0.7441,0.0189,0.237,28-17,False,,,,,,
,Italy,Romania,0.9661,0.0043,0.0296,45-14,False,,,,,,
,Georgia,Romania,0.8661,0.0125,0.1214,35-16,False,,,,,,
,Argentina,Fiji,0.8055,0.0161,0.1784,34-19,False,,,,,,
,Argentina,Canada,0.9984,0.0003,0.0013,57-7,False,,,,,,
,Argentina,Spain,0.9185,0.0087,0.0728,39-15,False,,,,,,
,Fiji,Canada,0.948,0.0061,0.0459,43-15,False,,,,,,
,Fiji,Spain,0.7748,0.0176,0.2077,31-18,False,,,,,,
,Canada,Spain,0.1939,0.0169,0.7892,17-31,False,,,,,,
,Ireland,Scotland,0.6999,0.0205,0.2795,31-22,False,,,,,,
,Ireland,Uruguay,0.9918,0.0012,0.0069,52-12,False,,,,,,
,Ireland,Portugal,0.9965,0.0006,0.0029,55-9,False,,,,,,
,Scotland,Uruguay,0.9641,0.0045,0.0315,43-12,False,,,,,,
,Scotland,Portugal,0.9833,0.0023,0.0144,46-10,False,,,,,,
,Uruguay,Portugal,0.5141,0.0239,0.462,23-22,False,,,,,,
,France,Japan,0.94,0.0068,0.0532,41-14,False,,,,,,
,France,Samoa,0.983,0.0024,0.0146,49-13,False,,,,,,
,France,United States,0.996,0.0007,0.0034,54-9,False,,,,,,
,Japan,Samoa,0.552,0.0236,0.4243,24-22,False,,,,,,
,Japan,United States,0.6995,0.0205,0.28,30-21,False,,,,,,
,Samoa,United States,0.7471,0.0188,0.2341,31-20,False,,,,,,
,England,Wales,0.894,0.0106,0.0954,37-16,False,,,,,,
,England,Tonga,0.9949,0.0008,0.0043,53-9,False,,,,,,
,England,Zimbabwe,0.9958,0.0007,0.0035,53-8,False,,,,,,
,Wales,Tonga,0.9082,0.0095,0.0823,37-14,False,,,,,,
,Wales,Zimbabwe,0.8247,0.015,0.1603,32-16,False,,,,,,
,Tonga,Zimbabwe,0.455,0.0238,0.5211,23-24,False,,,,,,
,Australia,New Zealand,0.3654,0.0228,0.6119,24-29,False,,,,,,
,Australia,Chile,0.917,0.0088,0.0742,40-16,False,,,,,,
,Australia,Hong Kong China,0.9808,0.0026,0.0165,45-10,False,,,,,,
,New Zealand,Chile,0.995,0.0008,0.0042,54-10,False,,,,,,
,New Zealand,Hong Kong China,0.9952,0.0008,0.004,51-7,False,,,,,,
,Chile,Hong Kong China,0.3932,0.0232,0.5835,21-25,False,,,,,,
,South Africa,Italy,0.9721,0.0036,0.0243,42-9,False,,,,,,
,South Africa,Georgia,0.9912,0.0013,0.0075,51-11,False,,,,,,
,South Africa,Romania,0.9989,0.0002,0.0009,59-8,False,,,,,,
,Italy,Georgia,0.7441,0.0189,0.237,28-17,False,,,,,,
,Italy,Romania,0.9661,0.0043,0.0296,45-14,False,,,,,,
,Georgia,Romania,0.8661,0.0125,0.1214,35-16,False,,,,,,
,Argentina,Fiji,0.8055,0.0161,0.1784,34-19,False,,,,,,
,Argentina,Canada,0.9984,0.0003,0.0013,57-7,False,,,,,,
,Argentina,Spain,0.9185,0.0087,0.0728,39-15,False,,,,,,
,Fiji,Canada,0.948,0.0061,0.0459,43-15,False,,,,,,
,Fiji,Spain,0.7748,0.0176,0.2077,31-18,False,,,,,,
,Canada,Spain,0.1939,0.0169,0.7892,17-31,False,,,,,,
,Ireland,Scotland,0.6999,0.0205,0.2795,31-22,False,,,,,,
,Ireland,Uruguay,0.9918,0.0012,0.0069,52-12,False,,,,,,
,Ireland,Portugal,0.9965,0.0006,0.0029,55-9,False,,,,,,
,Scotland,Uruguay,0.9641,0.0045,0.0315,43-12,False,,,,,,
,Scotland,Portugal,0.9833,0.0023,0.0144,46-10,False,,,,,,
,Uruguay,Portugal,0.5141,0.0239,0.462,23-22,False,,,,,,
,France,Japan,0.94,0.0068,0.0532,41-14,False,,,,,,
,France,Samoa,0.983,0.0024,0.0146,49-13,False,,,,,,
,France,United States,0.996,0.0007,0.0034,54-9,False,,,,,,
,Japan,Samoa,0.552,0.0236,0.4243,24-22,False,,,,,,
,Japan,United States,0.6995,0.0205,0.28,30-21,False,,,,,,
,Samoa,United States,0.7471,0.0188,0.2341,31-20,False,,,,,,
,England,Wales,0.894,0.0106,0.0954,37-16,False,,,,,,
,England,Tonga,0.9949,0.0008,0.0043,53-9,False,,,,,,
,England,Zimbabwe,0.9958,0.0007,0.0035,53-8,False,,,,,,
,Wales,Tonga,0.9082,0.0095,0.0823,37-14,False,,,,,,
,Wales,Zimbabwe,0.8247,0.015,0.1603,32-16,False,,,,,,
,Tonga,Zimbabwe,0.455,0.0238,0.5211,23-24,False,,,,,,
,Australia,New Zealand,0.3654,0.0228,0.6119,24-29,False,,,,,,
,Australia,Chile,0.917,0.0088,0.0742,40-16,False,,,,,,
,Australia,Hong Kong China,0.9808,0.0026,0.0165,45-10,False,,,,,,
,New Zealand,Chile,0.995,0.0008,0.0042,54-10,False,,,,,,
,New Zealand,Hong Kong China,0.9952,0.0008,0.004,51-7,False,,,,,,
,Chile,Hong Kong China,0.3932,0.0232,0.5835,21-25,False,,,,,,
,South Africa,Italy,0.9721,0.0036,0.0243,42-9,False,,,,,,
,South Africa,Georgia,0.9912,0.0013,0.0075,51-11,False,,,,,,
,South Africa,Romania,0.9989,0.0002,0.0009,59-8,False,,,,,,
,Italy,Georgia,0.7441,0.0189,0.237,28-17,False,,,,,,
,Italy,Romania,0.9661,0.0043,0.0296,45-14,False,,,,,,
,Georgia,Romania,0.8661,0.0125,0.1214,35-16,False,,,,,,
,Argentina,Fiji,0.8055,0.0161,0.1784,34-19,False,,,,,,
,Argentina,Canada,0.9984,0.0003,0.0013,57-7,False,,,,,,
,Argentina,Spain,0.9185,0.0087,0.0728,39-15,False,,,,,,
,Fiji,Canada,0.948,0.0061,0.0459,43-15,False,,,,,,
,Fiji,Spain,0.7748,0.0176,0.2077,31-18,False,,,,,,
,Canada,Spain,0.1939,0.0169,0.7892,17-31,False,,,,,,
,Ireland,Scotland,0.6999,0.0205,0.2795,31-22,False,,,,,,
,Ireland,Uruguay,0.9918,0.0012,0.0069,52-12,False,,,,,,
,Ireland,Portugal,0.9965,0.0006,0.0029,55-9,False,,,,,,
,Scotland,Uruguay,0.9641,0.0045,0.0315,43-12,False,,,,,,
,Scotland,Portugal,0.9833,0.0023,0.0144,46-10,False,,,,,,
,Uruguay,Portugal,0.5141,0.0239,0.462,23-22,False,,,,,,
,France,Japan,0.94,0.0068,0.0532,41-14,False,,,,,,
,France,Samoa,0.983,0.0024,0.0146,49-13,False,,,,,,
,France,United States,0.996,0.0007,0.0034,54-9,False,,,,,,
,Japan,Samoa,0.552,0.0236,0.4243,24-22,False,,,,,,
,Japan,United States,0.6995,0.0205,0.28,30-21,False,,,,,,
,Samoa,United States,0.7471,0.0188,0.2341,31-20,False,,,,,,
,England,Wales,0.894,0.0106,0.0954,37-16,False,,,,,,
,England,Tonga,0.9949,0.0008,0.0043,53-9,False,,,,,,
,England,Zimbabwe,0.9958,0.0007,0.0035,53-8,False,,,,,,
,Wales,Tonga,0.9082,0.0095,0.0823,37-14,False,,,,,,
,Wales,Zimbabwe,0.8247,0.015,0.1603,32-16,False,,,,,,
,Tonga,Zimbabwe,0.455,0.0238,0.5211,23-24,False,,,,,,
,Australia,New Zealand,0.3654,0.0228,0.6119,24-29,False,,,,,,
,Australia,Chile,0.917,0.0088,0.0742,40-16,False,,,,,,
,Australia,Hong Kong China,0.9808,0.0026,0.0165,45-10,False,,,,,,
,New Zealand,Chile,0.995,0.0008,0.0042,54-10,False,,,,,,
,New Zealand,Hong Kong China,0.9952,0.0008,0.004,51-7,False,,,,,,
,Chile,Hong Kong China,0.3932,0.0232,0.5835,21-25,False,,,,,,
,South Africa,Italy,0.9721,0.0036,0.0243,42-9,False,,,,,,
,South Africa,Georgia,0.9912,0.0013,0.0075,51-11,False,,,,,,
,South Africa,Romania,0.9989,0.0002,0.0009,59-8,False,,,,,,
,Italy,Georgia,0.7441,0.0189,0.237,28-17,False,,,,,,
,Italy,Romania,0.9661,0.0043,0.0296,45-14,False,,,,,,
,Georgia,Romania,0.8661,0.0125,0.1214,35-16,False,,,,,,
,Argentina,Fiji,0.8055,0.0161,0.1784,34-19,False,,,,,,
,Argentina,Canada,0.9984,0.0003,0.0013,57-7,False,,,,,,
,Argentina,Spain,0.9185,0.0087,0.0728,39-15,False,,,,,,
,Fiji,Canada,0.948,0.0061,0.0459,43-15,False,,,,,,
,Fiji,Spain,0.7748,0.0176,0.2077,31-18,False,,,,,,
,Canada,Spain,0.1939,0.0169,0.7892,17-31,False,,,,,,
,Ireland,Scotland,0.6999,0.0205,0.2795,31-22,False,,,,,,
,Ireland,Uruguay,0.9918,0.0012,0.0069,52-12,False,,,,,,
,Ireland,Portugal,0.9965,0.0006,0.0029,55-9,False,,,,,,
,Scotland,Uruguay,0.9641,0.0045,0.0315,43-12,False,,,,,,
,Scotland,Portugal,0.9833,0.0023,0.0144,46-10,False,,,,,,
,Uruguay,Portugal,0.5141,0.0239,0.462,23-22,False,,,,,,
,France,Japan,0.94,0.0068,0.0532,41-14,False,,,,,,
,France,Samoa,0.983,0.0024,0.0146,49-13,False,,,,,,
,France,United States,0.996,0.0007,0.0034,54-9,False,,,,,,
,Japan,Samoa,0.552,0.0236,0.4243,24-22,False,,,,,,
,Japan,United States,0.6995,0.0205,0.28,30-21,False,,,,,,
,Samoa,United States,0.7471,0.0188,0.2341,31-20,False,,,,,,
,England,Wales,0.894,0.0106,0.0954,37-16,False,,,,,,
,England,Tonga,0.9949,0.0008,0.0043,53-9,False,,,,,,
,England,Zimbabwe,0.9958,0.0007,0.0035,53-8,False,,,,,,
,Wales,Tonga,0.9082,0.0095,0.0823,37-14,False,,,,,,
,Wales,Zimbabwe,0.8247,0.015,0.1603,32-16,False,,,,,,
,Tonga,Zimbabwe,0.455,0.0238,0.5211,23-24,False,,,,,,
,Australia,New Zealand,0.3654,0.0228,0.6119,24-29,False,,,,,,
,Australia,Chile,0.917,0.0088,0.0742,40-16,False,,,,,,
,Australia,Hong Kong China,0.9808,0.0026,0.0165,45-10,False,,,,,,
,New Zealand,Chile,0.995,0.0008,0.0042,54-10,False,,,,,,
,New Zealand,Hong Kong China,0.9952,0.0008,0.004,51-7,False,,,,,,
,Chile,Hong Kong China,0.3932,0.0232,0.5835,21-25,False,,,,,,
,South Africa,Italy,0.9721,0.0036,0.0243,42-9,False,,,,,,
,South Africa,Georgia,0.9912,0.0013,0.0075,51-11,False,,,,,,
,South Africa,Romania,0.9989,0.0002,0.0009,59-8,False,,,,,,
,Italy,Georgia,0.7441,0.0189,0.237,28-17,False,,,,,,
,Italy,Romania,0.9661,0.0043,0.0296,45-14,False,,,,,,
,Georgia,Romania,0.8661,0.0125,0.1214,35-16,False,,,,,,
,Argentina,Fiji,0.8055,0.0161,0.1784,34-19,False,,,,,,
,Argentina,Canada,0.9984,0.0003,0.0013,57-7,False,,,,,,
,Argentina,Spain,0.9185,0.0087,0.0728,39-15,False,,,,,,
,Fiji,Canada,0.948,0.0061,0.0459,43-15,False,,,,,,
,Fiji,Spain,0.7748,0.0176,0.2077,31-18,False,,,,,,
,Canada,Spain,0.1939,0.0169,0.7892,17-31,False,,,,,,
,Ireland,Scotland,0.6999,0.0205,0.2795,31-22,False,,,,,,
,Ireland,Uruguay,0.9918,0.0012,0.0069,52-12,False,,,,,,
,Ireland,Portugal,0.9965,0.0006,0.0029,55-9,False,,,,,,
,Scotland,Uruguay,0.9641,0.0045,0.0315,43-12,False,,,,,,
,Scotland,Portugal,0.9833,0.0023,0.0144,46-10,False,,,,,,
,Uruguay,Portugal,0.5141,0.0239,0.462,23-22,False,,,,,,
,France,Japan,0.94,0.0068,0.0532,41-14,False,,,,,,
,France,Samoa,0.983,0.0024,0.0146,49-13,False,,,,,,
,France,United States,0.996,0.0007,0.0034,54-9,False,,,,,,
,Japan,Samoa,0.552,0.0236,0.4243,24-22,False,,,,,,
,Japan,United States,0.6995,0.0205,0.28,30-21,False,,,,,,
,Samoa,United States,0.7471,0.0188,0.2341,31-20,False,,,,,,
,England,Wales,0.894,0.0106,0.0954,37-16,False,,,,,,
,England,Tonga,0.9949,0.0008,0.0043,53-9,False,,,,,,
,England,Zimbabwe,0.9958,0.0007,0.0035,53-8,False,,,,,,
,Wales,Tonga,0.9082,0.0095,0.0823,37-14,False,,,,,,
,Wales,Zimbabwe,0.8247,0.015,0.1603,32-16,False,,,,,,
,Tonga,Zimbabwe,0.455,0.0238,0.5211,23-24,False,,,,,,
,Australia,New Zealand,0.3654,0.0228,0.6119,24-29,False,,,,,,
,Australia,Chile,0.917,0.0088,0.0742,40-16,False,,,,,,
,Australia,Hong Kong China,0.9808,0.0026,0.0165,45-10,False,,,,,,
,New Zealand,Chile,0.995,0.0008,0.0042,54-10,False,,,,,,
,New Zealand,Hong Kong China,0.9952,0.0008,0.004,51-7,False,,,,,,
,Chile,Hong Kong China,0.3932,0.0232,0.5835,21-25,False,,,,,,
,South Africa,Italy,0.9721,0.0036,0.0243,42-9,False,,,,,,
,South Africa,Georgia,0.9912,0.0013,0.0075,51-11,False,,,,,,
,South Africa,Romania,0.9989,0.0002,0.0009,59-8,False,,,,,,
,Italy,Georgia,0.7441,0.0189,0.237,28-17,False,,,,,,
,Italy,Romania,0.9661,0.0043,0.0296,45-14,False,,,,,,
,Georgia,Romania,0.8661,0.0125,0.1214,35-16,False,,,,,,
,Argentina,Fiji,0.8055,0.0161,0.1784,34-19,False,,,,,,
,Argentina,Canada,0.9984,0.0003,0.0013,57-7,False,,,,,,
,Argentina,Spain,0.9185,0.0087,0.0728,39-15,False,,,,,,
,Fiji,Canada,0.948,0.0061,0.0459,43-15,False,,,,,,
,Fiji,Spain,0.7748,0.0176,0.2077,31-18,False,,,,,,
,Canada,Spain,0.1939,0.0169,0.7892,17-31,False,,,,,,
,Ireland,Scotland,0.6999,0.0205,0.2795,31-22,False,,,,,,
,Ireland,Uruguay,0.9918,0.0012,0.0069,52-12,False,,,,,,
,Ireland,Portugal,0.9965,0.0006,0.0029,55-9,False,,,,,,
,Scotland,Uruguay,0.9641,0.0045,0.0315,43-12,False,,,,,,
,Scotland,Portugal,0.9833,0.0023,0.0144,46-10,False,,,,,,
,Uruguay,Portugal,0.5141,0.0239,0.462,23-22,False,,,,,,
,France,Japan,0.94,0.0068,0.0532,41-14,False,,,,,,
,France,Samoa,0.983,0.0024,0.0146,49-13,False,,,,,,
,France,United States,0.996,0.0007,0.0034,54-9,False,,,,,,
,Japan,Samoa,0.552,0.0236,0.4243,24-22,False,,,,,,
,Japan,United States,0.6995,0.0205,0.28,30-21,False,,,,,,
,Samoa,United States,0.7471,0.0188,0.2341,31-20,False,,,,,,
,England,Wales,0.894,0.0106,0.0954,37-16,False,,,,,,
,England,Tonga,0.9949,0.0008,0.0043,53-9,False,,,,,,
,England,Zimbabwe,0.9958,0.0007,0.0035,53-8,False,,,,,,
,Wales,Tonga,0.9082,0.0095,0.0823,37-14,False,,,,,,
,Wales,Zimbabwe,0.8247,0.015,0.1603,32-16,False,,,,,,
,Tonga,Zimbabwe,0.455,0.0238,0.5211,23-24,False,,,,,,
,Australia,New Zealand,0.3654,0.0228,0.6119,24-29,False,,,,,,
,Australia,Chile,0.917,0.0088,0.0742,40-16,False,,,,,,
,Australia,Hong Kong China,0.9808,0.0026,0.0165,45-10,False,,,,,,
,New Zealand,Chile,0.995,0.0008,0.0042,54-10,False,,,,,,
,New Zealand,Hong Kong China,0.9952,0.0008,0.004,51-7,False,,,,,,
,Chile,Hong Kong China,0.3932,0.0232,0.5835,21-25,False,,,,,,
,South Africa,Italy,0.9721,0.0036,0.0243,42-9,False,,,,,,
,South Africa,Georgia,0.9912,0.0013,0.0075,51-11,False,,,,,,
,South Africa,Romania,0.9989,0.0002,0.0009,59-8,False,,,,,,
,Italy,Georgia,0.7441,0.0189,0.237,28-17,False,,,,,,
,Italy,Romania,0.9661,0.0043,0.0296,45-14,False,,,,,,
,Georgia,Romania,0.8661,0.0125,0.1214,35-16,False,,,,,,
,Argentina,Fiji,0.8055,0.0161,0.1784,34-19,False,,,,,,
,Argentina,Canada,0.9984,0.0003,0.0013,57-7,False,,,,,,
,Argentina,Spain,0.9185,0.0087,0.0728,39-15,False,,,,,,
,Fiji,Canada,0.948,0.0061,0.0459,43-15,False,,,,,,
,Fiji,Spain,0.7748,0.0176,0.2077,31-18,False,,,,,,
,Canada,Spain,0.1939,0.0169,0.7892,17-31,False,,,,,,
,Ireland,Scotland,0.6999,0.0205,0.2795,31-22,False,,,,,,
,Ireland,Uruguay,0.9918,0.0012,0.0069,52-12,False,,,,,,
,Ireland,Portugal,0.9965,0.0006,0.0029,55-9,False,,,,,,
,Scotland,Uruguay,0.9641,0.0045,0.0315,43-12,False,,,,,,
,Scotland,Portugal,0.9833,0.0023,0.0144,46-10,False,,,,,,
,Uruguay,Portugal,0.5141,0.0239,0.462,23-22,False,,,,,,
,France,Japan,0.94,0.0068,0.0532,41-14,False,,,,,,
,France,Samoa,0.983,0.0024,0.0146,49-13,False,,,,,,
,France,United States,0.996,0.0007,0.0034,54-9,False,,,,,,
,Japan,Samoa,0.552,0.0236,0.4243,24-22,False,,,,,,
,Japan,United States,0.6995,0.0205,0.28,30-21,False,,,,,,
,Samoa,United States,0.7471,0.0188,0.2341,31-20,False,,,,,,
,England,Wales,0.894,0.0106,0.0954,37-16,False,,,,,,
,England,Tonga,0.9949,0.0008,0.0043,53-9,False,,,,,,
,England,Zimbabwe,0.9958,0.0007,0.0035,53-8,False,,,,,,
,Wales,Tonga,0.9082,0.0095,0.0823,37-14,False,,,,,,
,Wales,Zimbabwe,0.8247,0.015,0.1603,32-16,False,,,,,,
,Tonga,Zimbabwe,0.455,0.0238,0.5211,23-24,False,,,,,,
,Australia,New Zealand,0.3654,0.0228,0.6119,24-29,False,,,,,,
,Australia,Chile,0.917,0.0088,0.0742,40-16,False,,,,,,
,Australia,Hong Kong China,0.9808,0.0026,0.0165,45-10,False,,,,,,
,New Zealand,Chile,0.995,0.0008,0.0042,54-10,False,,,,,,
,New Zealand,Hong Kong China,0.9952,0.0008,0.004,51-7,False,,,,,,
,Chile,Hong Kong China,0.3932,0.0232,0.5835,21-25,False,,,,,,
,South Africa,Italy,0.9721,0.0036,0.0243,42-9,False,,,,,,
,South Africa,Georgia,0.9912,0.0013,0.0075,51-11,False,,,,,,
,South Africa,Romania,0.9989,0.0002,0.0009,59-8,False,,,,,,
,Italy,Georgia,0.7441,0.0189,0.237,28-17,False,,,,,,
,Italy,Romania,0.9661,0.0043,0.0296,45-14,False,,,,,,
,Georgia,Romania,0.8661,0.0125,0.1214,35-16,False,,,,,,
,Argentina,Fiji,0.8055,0.0161,0.1784,34-19,False,,,,,,
,Argentina,Canada,0.9984,0.0003,0.0013,57-7,False,,,,,,
,Argentina,Spain,0.9185,0.0087,0.0728,39-15,False,,,,,,
,Fiji,Canada,0.948,0.0061,0.0459,43-15,False,,,,,,
,Fiji,Spain,0.7748,0.0176,0.2077,31-18,False,,,,,,
,Canada,Spain,0.1939,0.0169,0.7892,17-31,False,,,,,,
,Ireland,Scotland,0.6999,0.0205,0.2795,31-22,False,,,,,,
,Ireland,Uruguay,0.9918,0.0012,0.0069,52-12,False,,,,,,
,Ireland,Portugal,0.9965,0.0006,0.0029,55-9,False,,,,,,
,Scotland,Uruguay,0.9641,0.0045,0.0315,43-12,False,,,,,,
,Scotland,Portugal,0.9833,0.0023,0.0144,46-10,False,,,,,,
,Uruguay,Portugal,0.5141,0.0239,0.462,23-22,False,,,,,,
,France,Japan,0.94,0.0068,0.0532,41-14,False,,,,,,
,France,Samoa,0.983,0.0024,0.0146,49-13,False,,,,,,
,France,United States,0.996,0.0007,0.0034,54-9,False,,,,,,
,Japan,Samoa,0.552,0.0236,0.4243,24-22,False,,,,,,
,Japan,United States,0.6995,0.0205,0.28,30-21,False,,,,,,
,Samoa,United States,0.7471,0.0188,0.2341,31-20,False,,,,,,
,England,Wales,0.894,0.0106,0.0954,37-16,False,,,,,,
,England,Tonga,0.9949,0.0008,0.0043,53-9,False,,,,,,
,England,Zimbabwe,0.9958,0.0007,0.0035,53-8,False,,,,,,
,Wales,Tonga,0.9082,0.0095,0.0823,37-14,False,,,,,,
,Wales,Zimbabwe,0.8247,0.015,0.1603,32-16,False,,,,,,
,Tonga,Zimbabwe,0.455,0.0238,0.5211,23-24,False,,,,,,
,Australia,New Zealand,0.3654,0.0228,0.6119,24-29,False,,,,,,
,Australia,Chile,0.917,0.0088,0.0742,40-16,False,,,,,,
,Australia,Hong Kong China,0.9808,0.0026,0.0165,45-10,False,,,,,,
,New Zealand,Chile,0.995,0.0008,0.0042,54-10,False,,,,,,
,New Zealand,Hong Kong China,0.9952,0.0008,0.004,51-7,False,,,,,,
,Chile,Hong Kong China,0.3932,0.0232,0.5835,21-25,False,,,,,,
,South Africa,Italy,0.9721,0.0036,0.0243,42-9,False,,,,,,
,South Africa,Georgia,0.9912,0.0013,0.0075,51-11,False,,,,,,
,South Africa,Romania,0.9989,0.0002,0.0009,59-8,False,,,,,,
,Italy,Georgia,0.7441,0.0189,0.237,28-17,False,,,,,,
,Italy,Romania,0.9661,0.0043,0.0296,45-14,False,,,,,,
,Georgia,Romania,0.8661,0.0125,0.1214,35-16,False,,,,,,
,Argentina,Fiji,0.8055,0.0161,0.1784,34-19,False,,,,,,
,Argentina,Canada,0.9984,0.0003,0.0013,57-7,False,,,,,,
,Argentina,Spain,0.9185,0.0087,0.0728,39-15,False,,,,,,
,Fiji,Canada,0.948,0.0061,0.0459,43-15,False,,,,,,
,Fiji,Spain,0.7748,0.0176,0.2077,31-18,False,,,,,,
,Canada,Spain,0.1939,0.0169,0.7892,17-31,False,,,,,,
,Ireland,Scotland,0.6999,0.0205,0.2795,31-22,False,,,,,,
,Ireland,Uruguay,0.9918,0.0012,0.0069,52-12,False,,,,,,
,Ireland,Portugal,0.9965,0.0006,0.0029,55-9,False,,,,,,
,Scotland,Uruguay,0.9641,0.0045,0.0315,43-12,False,,,,,,
,Scotland,Portugal,0.9833,0.0023,0.0144,46-10,False,,,,,,
,Uruguay,Portugal,0.5141,0.0239,0.462,23-22,False,,,,,,
,France,Japan,0.94,0.0068,0.0532,41-14,False,,,,,,
,France,Samoa,0.983,0.0024,0.0146,49-13,False,,,,,,
,France,United States,0.996,0.0007,0.0034,54-9,False,,,,,,
,Japan,Samoa,0.552,0.0236,0.4243,24-22,False,,,,,,
,Japan,United States,0.6995,0.0205,0.28,30-21,False,,,,,,
,Samoa,United States,0.7471,0.0188,0.2341,31-20,False,,,,,,
,England,Wales,0.894,0.0106,0.0954,37-16,False,,,,,,
,England,Tonga,0.9949,0.0008,0.0043,53-9,False,,,,,,
,England,Zimbabwe,0.9958,0.0007,0.0035,53-8,False,,,,,,
,Wales,Tonga,0.9082,0.0095,0.0823,37-14,False,,,,,,
,Wales,Zimbabwe,0.8247,0.015,0.1603,32-16,False,,,,,,
,Tonga,Zimbabwe,0.455,0.0238,0.5211,23-24,False,,,,,,
,Australia,New Zealand,0.3654,0.0228,0.6119,24-29,False,,,,,,
,Australia,Chile,0.917,0.0088,0.0742,40-16,False,,,,,,
,Australia,Hong Kong China,0.9808,0.0026,0.0165,45-10,False,,,,,,
,New Zealand,Chile,0.995,0.0008,0.0042,54-10,False,,,,,,
,New Zealand,Hong Kong China,0.9952,0.0008,0.004,51-7,False,,,,,,
,Chile,Hong Kong China,0.3932,0.0232,0.5835,21-25,False,,,,,,
,South Africa,Italy,0.9721,0.0036,0.0243,42-9,False,,,,,,
,South Africa,Georgia,0.9912,0.0013,0.0075,51-11,False,,,,,,
,South Africa,Romania,0.9989,0.0002,0.0009,59-8,False,,,,,,
,Italy,Georgia,0.7441,0.0189,0.237,28-17,False,,,,,,
,Italy,Romania,0.9661,0.0043,0.0296,45-14,False,,,,,,
,Georgia,Romania,0.8661,0.0125,0.1214,35-16,False,,,,,,
,Argentina,Fiji,0.8055,0.0161,0.1784,34-19,False,,,,,,
,Argentina,Canada,0.9984,0.0003,0.0013,57-7,False,,,,,,
,Argentina,Spain,0.9185,0.0087,0.0728,39-15,False,,,,,,
,Fiji,Canada,0.948,0.0061,0.0459,43-15,False,,,,,,
,Fiji,Spain,0.7748,0.0176,0.2077,31-18,False,,,,,,
,Canada,Spain,0.1939,0.0169,0.7892,17-31,False,,,,,,
,Ireland,Scotland,0.6999,0.0205,0.2795,31-22,False,,,,,,
,Ireland,Uruguay,0.9918,0.0012,0.0069,52-12,False,,,,,,
,Ireland,Portugal,0.9965,0.0006,0.0029,55-9,False,,,,,,
,Scotland,Uruguay,0.9641,0.0045,0.0315,43-12,False,,,,,,
,Scotland,Portugal,0.9833,0.0023,0.0144,46-10,False,,,,,,
,Uruguay,Portugal,0.5141,0.0239,0.462,23-22,False,,,,,,
,France,Japan,0.94,0.0068,0.0532,41-14,False,,,,,,
,France,Samoa,0.983,0.0024,0.0146,49-13,False,,,,,,
,France,United States,0.996,0.0007,0.0034,54-9,False,,,,,,
,Japan,Samoa,0.552,0.0236,0.4243,24-22,False,,,,,,
,Japan,United States,0.6995,0.0205,0.28,30-21,False,,,,,,
,Samoa,United States,0.7471,0.0188,0.2341,31-20,False,,,,,,
,England,Wales,0.894,0.0106,0.0954,37-16,False,,,,,,
,England,Tonga,0.9949,0.0008,0.0043,53-9,False,,,,,,
,England,Zimbabwe,0.9958,0.0007,0.0035,53-8,False,,,,,,
,Wales,Tonga,0.9082,0.0095,0.0823,37-14,False,,,,,,
,Wales,Zimbabwe,0.8247,0.015,0.1603,32-16,False,,,,,,
,Tonga,Zimbabwe,0.455,0.0238,0.5211,23-24,False,,,,,,
,Australia,New Zealand,0.3654,0.0228,0.6119,24-29,False,,,,,,
,Australia,Chile,0.917,0.0088,0.0742,40-16,False,,,,,,
,Australia,Hong Kong China,0.9808,0.0026,0.0165,45-10,False,,,,,,
,New Zealand,Chile,0.995,0.0008,0.0042,54-10,False,,,,,,
,New Zealand,Hong Kong China,0.9952,0.0008,0.004,51-7,False,,,,,,
,Chile,Hong Kong China,0.3932,0.0232,0.5835,21-25,False,,,,,,
,South Africa,Italy,0.9721,0.0036,0.0243,42-9,False,,,,,,
,South Africa,Georgia,0.9912,0.0013,0.0075,51-11,False,,,,,,
,South Africa,Romania,0.9989,0.0002,0.0009,59-8,False,,,,,,
,Italy,Georgia,0.7441,0.0189,0.237,28-17,False,,,,,,
,Italy,Romania,0.9661,0.0043,0.0296,45-14,False,,,,,,
,Georgia,Romania,0.8661,0.0125,0.1214,35-16,False,,,,,,
,Argentina,Fiji,0.8055,0.0161,0.1784,34-19,False,,,,,,
,Argentina,Canada,0.9984,0.0003,0.0013,57-7,False,,,,,,
,Argentina,Spain,0.9185,0.0087,0.0728,39-15,False,,,,,,
,Fiji,Canada,0.948,0.0061,0.0459,43-15,False,,,,,,
,Fiji,Spain,0.7748,0.0176,0.2077,31-18,False,,,,,,
,Canada,Spain,0.1939,0.0169,0.7892,17-31,False,,,,,,
,Ireland,Scotland,0.6999,0.0205,0.2795,31-22,False,,,,,,
,Ireland,Uruguay,0.9918,0.0012,0.0069,52-12,False,,,,,,
,Ireland,Portugal,0.9965,0.0006,0.0029,55-9,False,,,,,,
,Scotland,Uruguay,0.9641,0.0045,0.0315,43-12,False,,,,,,
,Scotland,Portugal,0.9833,0.0023,0.0144,46-10,False,,,,,,
,Uruguay,Portugal,0.5141,0.0239,0.462,23-22,False,,,,,,
,France,Japan,0.94,0.0068,0.0532,41-14,False,,,,,,
,France,Samoa,0.983,0.0024,0.0146,49-13,False,,,,,,
,France,United States,0.996,0.0007,0.0034,54-9,False,,,,,,
,Japan,Samoa,0.552,0.0236,0.4243,24-22,False,,,,,,
,Japan,United States,0.6995,0.0205,0.28,30-21,False,,,,,,
,Samoa,United States,0.7471,0.0188,0.2341,31-20,False,,,,,,
,England,Wales,0.894,0.0106,0.0954,37-16,False,,,,,,
,England,Tonga,0.9949,0.0008,0.0043,53-9,False,,,,,,
,England,Zimbabwe,0.9958,0.0007,0.0035,53-8,False,,,,,,
,Wales,Tonga,0.9082,0.0095,0.0823,37-14,False,,,,,,
,Wales,Zimbabwe,0.8247,0.015,0.1603,32-16,False,,,,,,
,Tonga,Zimbabwe,0.455,0.0238,0.5211,23-24,False,,,,,,
,Australia,New Zealand,0.3654,0.0228,0.6119,24-29,False,,,,,,
,Australia,Chile,0.917,0.0088,0.0742,40-16,False,,,,,,
,Australia,Hong Kong China,0.9808,0.0026,0.0165,45-10,False,,,,,,
,New Zealand,Chile,0.995,0.0008,0.0042,54-10,False,,,,,,
,New Zealand,Hong Kong China,0.9952,0.0008,0.004,51-7,False,,,,,,
,Chile,Hong Kong China,0.3932,0.0232,0.5835,21-25,False,,,,,,
,South Africa,Italy,0.9721,0.0036,0.0243,42-9,False,,,,,,
,South Africa,Georgia,0.9912,0.0013,0.0075,51-11,False,,,,,,
,South Africa,Romania,0.9989,0.0002,0.0009,59-8,False,,,,,,
,Italy,Georgia,0.7441,0.0189,0.237,28-17,False,,,,,,
,Italy,Romania,0.9661,0.0043,0.0296,45-14,False,,,,,,
,Georgia,Romania,0.8661,0.0125,0.1214,35-16,False,,,,,,
,Argentina,Fiji,0.8055,0.0161,0.1784,34-19,False,,,,,,
,Argentina,Canada,0.9984,0.0003,0.0013,57-7,False,,,,,,
,Argentina,Spain,0.9185,0.0087,0.0728,39-15,False,,,,,,
,Fiji,Canada,0.948,0.0061,0.0459,43-15,False,,,,,,
,Fiji,Spain,0.7748,0.0176,0.2077,31-18,False,,,,,,
,Canada,Spain,0.1939,0.0169,0.7892,17-31,False,,,,,,
,Ireland,Scotland,0.6999,0.0205,0.2795,31-22,False,,,,,,
,Ireland,Uruguay,0.9918,0.0012,0.0069,52-12,False,,,,,,
,Ireland,Portugal,0.9965,0.0006,0.0029,55-9,False,,,,,,
,Scotland,Uruguay,0.9641,0.0045,0.0315,43-12,False,,,,,,
,Scotland,Portugal,0.9833,0.0023,0.0144,46-10,False,,,,,,
,Uruguay,Portugal,0.5141,0.0239,0.462,23-22,False,,,,,,
,France,Japan,0.94,0.0068,0.0532,41-14,False,,,,,,
,France,Samoa,0.983,0.0024,0.0146,49-13,False,,,,,,
,France,United States,0.996,0.0007,0.0034,54-9,False,,,,,,
,Japan,Samoa,0.552,0.0236,0.4243,24-22,False,,,,,,
,Japan,United States,0.6995,0.0205,0.28,30-21,False,,,,,,
,Samoa,United States,0.7471,0.0188,0.2341,31-20,False,,,,,,
,England,Wales,0.894,0.0106,0.0954,37-16,False,,,,,,
,England,Tonga,0.9949,0.0008,0.0043,53-9,False,,,,,,
,England,Zimbabwe,0.9958,0.0007,0.0035,53-8,False,,,,,,
,Wales,Tonga,0.9082,0.0095,0.0823,37-14,False,,,,,,
,Wales,Zimbabwe,0.8247,0.015,0.1603,32-16,False,,,,,,
,Tonga,Zimbabwe,0.455,0.0238,0.5211,23-24,False,,,,,,
,Australia,New Zealand,0.3654,0.0228,0.6119,24-29,False,,,,,,
,Australia,Chile,0.917,0.0088,0.0742,40-16,False,,,,,,
,Australia,Hong Kong China,0.9808,0.0026,0.0165,45-10,False,,,,,,
,New Zealand,Chile,0.995,0.0008,0.0042,54-10,False,,,,,,
,New Zealand,Hong Kong China,0.9952,0.0008,0.004,51-7,False,,,,,,
,Chile,Hong Kong China,0.3932,0.0232,0.5835,21-25,False,,,,,,
,South Africa,Italy,0.9721,0.0036,0.0243,42-9,False,,,,,,
,South Africa,Georgia,0.9912,0.0013,0.0075,51-11,False,,,,,,
,South Africa,Romania,0.9989,0.0002,0.0009,59-8,False,,,,,,
,Italy,Georgia,0.7441,0.0189,0.237,28-17,False,,,,,,
,Italy,Romania,0.9661,0.0043,0.0296,45-14,False,,,,,,
,Georgia,Romania,0.8661,0.0125,0.1214,35-16,False,,,,,,
,Argentina,Fiji,0.8055,0.0161,0.1784,34-19,False,,,,,,
,Argentina,Canada,0.9984,0.0003,0.0013,57-7,False,,,,,,
,Argentina,Spain,0.9185,0.0087,0.0728,39-15,False,,,,,,
,Fiji,Canada,0.948,0.0061,0.0459,43-15,False,,,,,,
,Fiji,Spain,0.7748,0.0176,0.2077,31-18,False,,,,,,
,Canada,Spain,0.1939,0.0169,0.7892,17-31,False,,,,,,
,Ireland,Scotland,0.6999,0.0205,0.2795,31-22,False,,,,,,
,Ireland,Uruguay,0.9918,0.0012,0.0069,52-12,False,,,,,,
,Ireland,Portugal,0.9965,0.0006,0.0029,55-9,False,,,,,,
,Scotland,Uruguay,0.9641,0.0045,0.0315,43-12,False,,,,,,
,Scotland,Portugal,0.9833,0.0023,0.0144,46-10,False,,,,,,
,Uruguay,Portugal,0.5141,0.0239,0.462,23-22,False,,,,,,
,France,Japan,0.94,0.0068,0.0532,41-14,False,,,,,,
,France,Samoa,0.983,0.0024,0.0146,49-13,False,,,,,,
,France,United States,0.996,0.0007,0.0034,54-9,False,,,,,,
,Japan,Samoa,0.552,0.0236,0.4243,24-22,False,,,,,,
,Japan,United States,0.6995,0.0205,0.28,30-21,False,,,,,,
,Samoa,United States,0.7471,0.0188,0.2341,31-20,False,,,,,,
,England,Wales,0.894,0.0106,0.0954,37-16,False,,,,,,
,England,Tonga,0.9949,0.0008,0.0043,53-9,False,,,,,,
,England,Zimbabwe,0.9958,0.0007,0.0035,53-8,False,,,,,,
,Wales,Tonga,0.9082,0.0095,0.0823,37-14,False,,,,,,
,Wales,Zimbabwe,0.8247,0.015,0.1603,32-16,False,,,,,,
,Tonga,Zimbabwe,0.455,0.0238,0.5211,23-24,False,,,,,,
,Australia,New Zealand,0.3654,0.0228,0.6119,24-29,False,,,,,,
,Australia,Chile,0.917,0.0088,0.0742,40-16,False,,,,,,
,Australia,Hong Kong China,0.9808,0.0026,0.0165,45-10,False,,,,,,
,New Zealand,Chile,0.995,0.0008,0.0042,54-10,False,,,,,,
,New Zealand,Hong Kong China,0.9952,0.0008,0.004,51-7,False,,,,,,
,Chile,Hong Kong China,0.3932,0.0232,0.5835,21-25,False,,,,,,
,South Africa,Italy,0.9721,0.0036,0.0243,42-9,False,,,,,,
,South Africa,Georgia,0.9912,0.0013,0.0075,51-11,False,,,,,,
,South Africa,Romania,0.9989,0.0002,0.0009,59-8,False,,,,,,
,Italy,Georgia,0.7441,0.0189,0.237,28-17,False,,,,,,
,Italy,Romania,0.9661,0.0043,0.0296,45-14,False,,,,,,
,Georgia,Romania,0.8661,0.0125,0.1214,35-16,False,,,,,,
,Argentina,Fiji,0.8055,0.0161,0.1784,34-19,False,,,,,,
,Argentina,Canada,0.9984,0.0003,0.0013,57-7,False,,,,,,
,Argentina,Spain,0.9185,0.0087,0.0728,39-15,False,,,,,,
,Fiji,Canada,0.948,0.0061,0.0459,43-15,False,,,,,,
,Fiji,Spain,0.7748,0.0176,0.2077,31-18,False,,,,,,
,Canada,Spain,0.1939,0.0169,0.7892,17-31,False,,,,,,
,Ireland,Scotland,0.6999,0.0205,0.2795,31-22,False,,,,,,
,Ireland,Uruguay,0.9918,0.0012,0.0069,52-12,False,,,,,,
,Ireland,Portugal,0.9965,0.0006,0.0029,55-9,False,,,,,,
,Scotland,Uruguay,0.9641,0.0045,0.0315,43-12,False,,,,,,
,Scotland,Portugal,0.9833,0.0023,0.0144,46-10,False,,,,,,
,Uruguay,Portugal,0.5141,0.0239,0.462,23-22,False,,,,,,
,France,Japan,0.94,0.0068,0.0532,41-14,False,,,,,,
,France,Samoa,0.983,0.0024,0.0146,49-13,False,,,,,,
,France,United States,0.996,0.0007,0.0034,54-9,False,,,,,,
,Japan,Samoa,0.552,0.0236,0.4243,24-22,False,,,,,,
,Japan,United States,0.6995,0.0205,0.28,30-21,False,,,,,,
,Samoa,United States,0.7471,0.0188,0.2341,31-20,False,,,,,,
,England,Wales,0.894,0.0106,0.0954,37-16,False,,,,,,
,England,Tonga,0.9949,0.0008,0.0043,53-9,False,,,,,,
,England,Zimbabwe,0.9958,0.0007,0.0035,53-8,False,,,,,,
,Wales,Tonga,0.9082,0.0095,0.0823,37-14,False,,,,,,
,Wales,Zimbabwe,0.8247,0.015,0.1603,32-16,False,,,,,,
,Tonga,Zimbabwe,0.455,0.0238,0.5211,23-24,False,,,,,,
,Australia,New Zealand,0.3654,0.0228,0.6119,24-29,False,,,,,,
,Australia,Chile,0.917,0.0088,0.0742,40-16,False,,,,,,
,Australia,Hong Kong China,0.9808,0.0026,0.0165,45-10,False,,,,,,
,New Zealand,Chile,0.995,0.0008,0.0042,54-10,False,,,,,,
,New Zealand,Hong Kong China,0.9952,0.0008,0.004,51-7,False,,,,,,
,Chile,Hong Kong China,0.3932,0.0232,0.5835,21-25,False,,,,,,
,South Africa,Italy,0.9721,0.0036,0.0243,42-9,False,,,,,,
,South Africa,Georgia,0.9912,0.0013,0.0075,51-11,False,,,,,,
,South Africa,Romania,0.9989,0.0002,0.0009,59-8,False,,,,,,
,Italy,Georgia,0.7441,0.0189,0.237,28-17,False,,,,,,
,Italy,Romania,0.9661,0.0043,0.0296,45-14,False,,,,,,
,Georgia,Romania,0.8661,0.0125,0.1214,35-16,False,,,,,,
,Argentina,Fiji,0.8055,0.0161,0.1784,34-19,False,,,,,,
,Argentina,Canada,0.9984,0.0003,0.0013,57-7,False,,,,,,
,Argentina,Spain,0.9185,0.0087,0.0728,39-15,False,,,,,,
,Fiji,Canada,0.948,0.0061,0.0459,43-15,False,,,,,,
,Fiji,Spain,0.7748,0.0176,0.2077,31-18,False,,,,,,
,Canada,Spain,0.1939,0.0169,0.7892,17-31,False,,,,,,
,Ireland,Scotland,0.6999,0.0205,0.2795,31-22,False,,,,,,
,Ireland,Uruguay,0.9918,0.0012,0.0069,52-12,False,,,,,,
,Ireland,Portugal,0.9965,0.0006,0.0029,55-9,False,,,,,,
,Scotland,Uruguay,0.9641,0.0045,0.0315,43-12,False,,,,,,
,Scotland,Portugal,0.9833,0.0023,0.0144,46-10,False,,,,,,
,Uruguay,Portugal,0.5141,0.0239,0.462,23-22,False,,,,,,
,France,Japan,0.94,0.0068,0.0532,41-14,False,,,,,,
,France,Samoa,0.983,0.0024,0.0146,49-13,False,,,,,,
,France,United States,0.996,0.0007,0.0034,54-9,False,,,,,,
,Japan,Samoa,0.552,0.0236,0.4243,24-22,False,,,,,,
,Japan,United States,0.6995,0.0205,0.28,30-21,False,,,,,,
,Samoa,United States,0.7471,0.0188,0.2341,31-20,False,,,,,,
,England,Wales,0.894,0.0106,0.0954,37-16,False,,,,,,
,England,Tonga,0.9949,0.0008,0.0043,53-9,False,,,,,,
,England,Zimbabwe,0.9958,0.0007,0.0035,53-8,False,,,,,,
,Wales,Tonga,0.9082,0.0095,0.0823,37-14,False,,,,,,
,Wales,Zimbabwe,0.8247,0.015,0.1603,32-16,False,,,,,,
,Tonga,Zimbabwe,0.455,0.0238,0.5211,23-24,False,,,,,,
,Australia,New Zealand,0.3654,0.0228,0.6119,24-29,False,,,,,,
,Australia,Chile,0.917,0.0088,0.0742,40-16,False,,,,,,
,Australia,Hong Kong China,0.9808,0.0026,0.0165,45-10,False,,,,,,
,New Zealand,Chile,0.995,0.0008,0.0042,54-10,False,,,,,,
,New Zealand,Hong Kong China,0.9952,0.0008,0.004,51-7,False,,,,,,
,Chile,Hong Kong China,0.3932,0.0232,0.5835,21-25,False,,,,,,
,South Africa,Italy,0.9721,0.0036,0.0243,42-9,False,,,,,,
,South Africa,Georgia,0.9912,0.0013,0.0075,51-11,False,,,,,,
,South Africa,Romania,0.9989,0.0002,0.0009,59-8,False,,,,,,
,Italy,Georgia,0.7441,0.0189,0.237,28-17,False,,,,,,
,Italy,Romania,0.9661,0.0043,0.0296,45-14,False,,,,,,
,Georgia,Romania,0.8661,0.0125,0.1214,35-16,False,,,,,,
,Argentina,Fiji,0.8055,0.0161,0.1784,34-19,False,,,,,,
,Argentina,Canada,0.9984,0.0003,0.0013,57-7,False,,,,,,
,Argentina,Spain,0.9185,0.0087,0.0728,39-15,False,,,,,,
,Fiji,Canada,0.948,0.0061,0.0459,43-15,False,,,,,,
,Fiji,Spain,0.7748,0.0176,0.2077,31-18,False,,,,,,
,Canada,Spain,0.1939,0.0169,0.7892,17-31,False,,,,,,
,Ireland,Scotland,0.6999,0.0205,0.2795,31-22,False,,,,,,
,Ireland,Uruguay,0.9918,0.0012,0.0069,52-12,False,,,,,,
,Ireland,Portugal,0.9965,0.0006,0.0029,55-9,False,,,,,,
,Scotland,Uruguay,0.9641,0.0045,0.0315,43-12,False,,,,,,
,Scotland,Portugal,0.9833,0.0023,0.0144,46-10,False,,,,,,
,Uruguay,Portugal,0.5141,0.0239,0.462,23-22,False,,,,,,
,France,Japan,0.94,0.0068,0.0532,41-14,False,,,,,,
,France,Samoa,0.983,0.0024,0.0146,49-13,False,,,,,,
,France,United States,0.996,0.0007,0.0034,54-9,False,,,,,,
,Japan,Samoa,0.552,0.0236,0.4243,24-22,False,,,,,,
,Japan,United States,0.6995,0.0205,0.28,30-21,False,,,,,,
,Samoa,United States,0.7471,0.0188,0.2341,31-20,False,,,,,,
,England,Wales,0.894,0.0106,0.0954,37-16,False,,,,,,
,England,Tonga,0.9949,0.0008,0.0043,53-9,False,,,,,,
,England,Zimbabwe,0.9958,0.0007,0.0035,53-8,False,,,,,,
,Wales,Tonga,0.9082,0.0095,0.0823,37-14,False,,,,,,
,Wales,Zimbabwe,0.8247,0.015,0.1603,32-16,False,,,,,,
,Tonga,Zimbabwe,0.455,0.0238,0.5211,23-24,False,,,,,,
,Australia,New Zealand,0.3654,0.0228,0.6119,24-29,False,,,,,,
,Australia,Chile,0.917,0.0088,0.0742,40-16,False,,,,,,
,Australia,Hong Kong China,0.9808,0.0026,0.0165,45-10,False,,,,,,
,New Zealand,Chile,0.995,0.0008,0.0042,54-10,False,,,,,,
,New Zealand,Hong Kong China,0.9952,0.0008,0.004,51-7,False,,,,,,
,Chile,Hong Kong China,0.3932,0.0232,0.5835,21-25,False,,,,,,
,South Africa,Italy,0.9721,0.0036,0.0243,42-9,False,,,,,,
,South Africa,Georgia,0.9912,0.0013,0.0075,51-11,False,,,,,,
,South Africa,Romania,0.9989,0.0002,0.0009,59-8,False,,,,,,
,Italy,Georgia,0.7441,0.0189,0.237,28-17,False,,,,,,
,Italy,Romania,0.9661,0.0043,0.0296,45-14,False,,,,,,
,Georgia,Romania,0.8661,0.0125,0.1214,35-16,False,,,,,,
,Argentina,Fiji,0.8055,0.0161,0.1784,34-19,False,,,,,,
,Argentina,Canada,0.9984,0.0003,0.0013,57-7,False,,,,,,
,Argentina,Spain,0.9185,0.0087,0.0728,39-15,False,,,,,,
,Fiji,Canada,0.948,0.0061,0.0459,43-15,False,,,,,,
,Fiji,Spain,0.7748,0.0176,0.2077,31-18,False,,,,,,
,Canada,Spain,0.1939,0.0169,0.7892,17-31,False,,,,,,
,Ireland,Scotland,0.6999,0.0205,0.2795,31-22,False,,,,,,
,Ireland,Uruguay,0.9918,0.0012,0.0069,52-12,False,,,,,,
,Ireland,Portugal,0.9965,0.0006,0.0029,55-9,False,,,,,,
,Scotland,Uruguay,0.9641,0.0045,0.0315,43-12,False,,,,,,
,Scotland,Portugal,0.9833,0.0023,0.0144,46-10,False,,,,,,
,Uruguay,Portugal,0.5141,0.0239,0.462,23-22,False,,,,,,
,France,Japan,0.94,0.0068,0.0532,41-14,False,,,,,,
,France,Samoa,0.983,0.0024,0.0146,49-13,False,,,,,,
,France,United States,0.996,0.0007,0.0034,54-9,False,,,,,,
,Japan,Samoa,0.552,0.0236,0.4243,24-22,False,,,,,,
,Japan,United States,0.6995,0.0205,0.28,30-21,False,,,,,,
,Samoa,United States,0.7471,0.0188,0.2341,31-20,False,,,,,,
,England,Wales,0.894,0.0106,0.0954,37-16,False,,,,,,
,England,Tonga,0.9949,0.0008,0.0043,53-9,False,,,,,,
,England,Zimbabwe,0.9958,0.0007,0.0035,53-8,False,,,,,,
,Wales,Tonga,0.9082,0.0095,0.0823,37-14,False,,,,,,
,Wales,Zimbabwe,0.8247,0.015,0.1603,32-16,False,,,,,,
,Tonga,Zimbabwe,0.455,0.0238,0.5211,23-24,False,,,,,,
,Australia,New Zealand,0.3654,0.0228,0.6119,24-29,False,,,,,,
,Australia,Chile,0.917,0.0088,0.0742,40-16,False,,,,,,
,Australia,Hong Kong China,0.9808,0.0026,0.0165,45-10,False,,,,,,
,New Zealand,Chile,0.995,0.0008,0.0042,54-10,False,,,,,,
,New Zealand,Hong Kong China,0.9952,0.0008,0.004,51-7,False,,,,,,
,Chile,Hong Kong China,0.3932,0.0232,0.5835,21-25,False,,,,,,
,South Africa,Italy,0.9721,0.0036,0.0243,42-9,False,,,,,,
,South Africa,Georgia,0.9912,0.0013,0.0075,51-11,False,,,,,,
,South Africa,Romania,0.9989,0.0002,0.0009,59-8,False,,,,,,
,Italy,Georgia,0.7441,0.0189,0.237,28-17,False,,,,,,
,Italy,Romania,0.9661,0.0043,0.0296,45-14,False,,,,,,
,Georgia,Romania,0.8661,0.0125,0.1214,35-16,False,,,,,,
,Argentina,Fiji,0.8055,0.0161,0.1784,34-19,False,,,,,,
,Argentina,Canada,0.9984,0.0003,0.0013,57-7,False,,,,,,
,Argentina,Spain,0.9185,0.0087,0.0728,39-15,False,,,,,,
,Fiji,Canada,0.948,0.0061,0.0459,43-15,False,,,,,,
,Fiji,Spain,0.7748,0.0176,0.2077,31-18,False,,,,,,
,Canada,Spain,0.1939,0.0169,0.7892,17-31,False,,,,,,
,Ireland,Scotland,0.6999,0.0205,0.2795,31-22,False,,,,,,
,Ireland,Uruguay,0.9918,0.0012,0.0069,52-12,False,,,,,,
,Ireland,Portugal,0.9965,0.0006,0.0029,55-9,False,,,,,,
,Scotland,Uruguay,0.9641,0.0045,0.0315,43-12,False,,,,,,
,Scotland,Portugal,0.9833,0.0023,0.0144,46-10,False,,,,,,
,Uruguay,Portugal,0.5141,0.0239,0.462,23-22,False,,,,,,
,France,Japan,0.94,0.0068,0.0532,41-14,False,,,,,,
,France,Samoa,0.983,0.0024,0.0146,49-13,False,,,,,,
,France,United States,0.996,0.0007,0.0034,54-9,False,,,,,,
,Japan,Samoa,0.552,0.0236,0.4243,24-22,False,,,,,,
,Japan,United States,0.6995,0.0205,0.28,30-21,False,,,,,,
,Samoa,United States,0.7471,0.0188,0.2341,31-20,False,,,,,,
,England,Wales,0.894,0.0106,0.0954,37-16,False,,,,,,
,England,Tonga,0.9949,0.0008,0.0043,53-9,False,,,,,,
,England,Zimbabwe,0.9958,0.0007,0.0035,53-8,False,,,,,,
,Wales,Tonga,0.9082,0.0095,0.0823,37-14,False,,,,,,
,Wales,Zimbabwe,0.8247,0.015,0.1603,32-16,False,,,,,,
,Tonga,Zimbabwe,0.455,0.0238,0.5211,23-24,False,,,,,,
,Australia,New Zealand,0.3654,0.0228,0.6119,24-29,False,,,,,,
,Australia,Chile,0.917,0.0088,0.0742,40-16,False,,,,,,
,Australia,Hong Kong China,0.9808,0.0026,0.0165,45-10,False,,,,,,
,New Zealand,Chile,0.995,0.0008,0.0042,54-10,False,,,,,,
,New Zealand,Hong Kong China,0.9952,0.0008,0.004,51-7,False,,,,,,
,Chile,Hong Kong China,0.3932,0.0232,0.5835,21-25,False,,,,,,
,South Africa,Italy,0.9721,0.0036,0.0243,42-9,False,,,,,,
,South Africa,Georgia,0.9912,0.0013,0.0075,51-11,False,,,,,,
,South Africa,Romania,0.9989,0.0002,0.0009,59-8,False,,,,,,
,Italy,Georgia,0.7441,0.0189,0.237,28-17,False,,,,,,
,Italy,Romania,0.9661,0.0043,0.0296,45-14,False,,,,,,
,Georgia,Romania,0.8661,0.0125,0.1214,35-16,False,,,,,,
,Argentina,Fiji,0.8055,0.0161,0.1784,34-19,False,,,,,,
,Argentina,Canada,0.9984,0.0003,0.0013,57-7,False,,,,,,
,Argentina,Spain,0.9185,0.0087,0.0728,39-15,False,,,,,,
,Fiji,Canada,0.948,0.0061,0.0459,43-15,False,,,,,,
,Fiji,Spain,0.7748,0.0176,0.2077,31-18,False,,,,,,
,Canada,Spain,0.1939,0.0169,0.7892,17-31,False,,,,,,
,Ireland,Scotland,0.6999,0.0205,0.2795,31-22,False,,,,,,
,Ireland,Uruguay,0.9918,0.0012,0.0069,52-12,False,,,,,,
,Ireland,Portugal,0.9965,0.0006,0.0029,55-9,False,,,,,,
,Scotland,Uruguay,0.9641,0.0045,0.0315,43-12,False,,,,,,
,Scotland,Portugal,0.9833,0.0023,0.0144,46-10,False,,,,,,
,Uruguay,Portugal,0.5141,0.0239,0.462,23-22,False,,,,,,
,France,Japan,0.94,0.0068,0.0532,41-14,False,,,,,,
,France,Samoa,0.983,0.0024,0.0146,49-13,False,,,,,,
,France,United States,0.996,0.0007,0.0034,54-9,False,,,,,,
,Japan,Samoa,0.552,0.0236,0.4243,24-22,False,,,,,,
,Japan,United States,0.6995,0.0205,0.28,30-21,False,,,,,,
,Samoa,United States,0.7471,0.0188,0.2341,31-20,False,,,,,,
,England,Wales,0.894,0.0106,0.0954,37-16,False,,,,,,
,England,Tonga,0.9949,0.0008,0.0043,53-9,False,,,,,,
,England,Zimbabwe,0.9958,0.0007,0.0035,53-8,False,,,,,,
,Wales,Tonga,0.9082,0.0095,0.0823,37-14,False,,,,,,
,Wales,Zimbabwe,0.8247,0.015,0.1603,32-16,False,,,,,,
,Tonga,Zimbabwe,0.455,0.0238,0.5211,23-24,False,,,,,,
,Australia,New Zealand,0.3654,0.0228,0.6119,24-29,False,,,,,,
,Australia,Chile,0.917,0.0088,0.0742,40-16,False,,,,,,
,Australia,Hong Kong China,0.9808,0.0026,0.0165,45-10,False,,,,,,
,New Zealand,Chile,0.995,0.0008,0.0042,54-10,False,,,,,,
,New Zealand,Hong Kong China,0.9952,0.0008,0.004,51-7,False,,,,,,
,Chile,Hong Kong China,0.3932,0.0232,0.5835,21-25,False,,,,,,
,South Africa,Italy,0.9721,0.0036,0.0243,42-9,False,,,,,,
,South Africa,Georgia,0.9912,0.0013,0.0075,51-11,False,,,,,,
,South Africa,Romania,0.9989,0.0002,0.0009,59-8,False,,,,,,
,Italy,Georgia,0.7441,0.0189,0.237,28-17,False,,,,,,
,Italy,Romania,0.9661,0.0043,0.0296,45-14,False,,,,,,
,Georgia,Romania,0.8661,0.0125,0.1214,35-16,False,,,,,,
,Argentina,Fiji,0.8055,0.0161,0.1784,34-19,False,,,,,,
,Argentina,Canada,0.9984,0.0003,0.0013,57-7,False,,,,,,
,Argentina,Spain,0.9185,0.0087,0.0728,39-15,False,,,,,,
,Fiji,Canada,0.948,0.0061,0.0459,43-15,False,,,,,,
,Fiji,Spain,0.7748,0.0176,0.2077,31-18,False,,,,,,
,Canada,Spain,0.1939,0.0169,0.7892,17-31,False,,,,,,
,Ireland,Scotland,0.6999,0.0205,0.2795,31-22,False,,,,,,
,Ireland,Uruguay,0.9918,0.0012,0.0069,52-12,False,,,,,,
,Ireland,Portugal,0.9965,0.0006,0.0029,55-9,False,,,,,,
,Scotland,Uruguay,0.9641,0.0045,0.0315,43-12,False,,,,,,
,Scotland,Portugal,0.9833,0.0023,0.0144,46-10,False,,,,,,
,Uruguay,Portugal,0.5141,0.0239,0.462,23-22,False,,,,,,
,France,Japan,0.94,0.0068,0.0532,41-14,False,,,,,,
,France,Samoa,0.983,0.0024,0.0146,49-13,False,,,,,,
,France,United States,0.996,0.0007,0.0034,54-9,False,,,,,,
,Japan,Samoa,0.552,0.0236,0.4243,24-22,False,,,,,,
,Japan,United States,0.6995,0.0205,0.28,30-21,False,,,,,,
,Samoa,United States,0.7471,0.0188,0.2341,31-20,False,,,,,,
,England,Wales,0.894,0.0106,0.0954,37-16,False,,,,,,
,England,Tonga,0.9949,0.0008,0.0043,53-9,False,,,,,,
,England,Zimbabwe,0.9958,0.0007,0.0035,53-8,False,,,,,,
,Wales,Tonga,0.9082,0.0095,0.0823,37-14,False,,,,,,
,Wales,Zimbabwe,0.8247,0.015,0.1603,32-16,False,,,,,,
,Tonga,Zimbabwe,0.455,0.0238,0.5211,23-24,False,,,,,,
,Australia,New Zealand,0.3654,0.0228,0.6119,24-29,False,,,,,,
,Australia,Chile,0.917,0.0088,0.0742,40-16,False,,,,,,
,Australia,Hong Kong China,0.9808,0.0026,0.0165,45-10,False,,,,,,
,New Zealand,Chile,0.995,0.0008,0.0042,54-10,False,,,,,,
,New Zealand,Hong Kong China,0.9952,0.0008,0.004,51-7,False,,,,,,
,Chile,Hong Kong China,0.3932,0.0232,0.5835,21-25,False,,,,,,
,South Africa,Italy,0.9721,0.0036,0.0243,42-9,False,,,,,,
,South Africa,Georgia,0.9912,0.0013,0.0075,51-11,False,,,,,,
,South Africa,Romania,0.9989,0.0002,0.0009,59-8,False,,,,,,
,Italy,Georgia,0.7441,0.0189,0.237,28-17,False,,,,,,
,Italy,Romania,0.9661,0.0043,0.0296,45-14,False,,,,,,
,Georgia,Romania,0.8661,0.0125,0.1214,35-16,False,,,,,,
,Argentina,Fiji,0.8055,0.0161,0.1784,34-19,False,,,,,,
,Argentina,Canada,0.9984,0.0003,0.0013,57-7,False,,,,,,
,Argentina,Spain,0.9185,0.0087,0.0728,39-15,False,,,,,,
,Fiji,Canada,0.948,0.0061,0.0459,43-15,False,,,,,,
,Fiji,Spain,0.7748,0.0176,0.2077,31-18,False,,,,,,
,Canada,Spain,0.1939,0.0169,0.7892,17-31,False,,,,,,
,Ireland,Scotland,0.6999,0.0205,0.2795,31-22,False,,,,,,
,Ireland,Uruguay,0.9918,0.0012,0.0069,52-12,False,,,,,,
,Ireland,Portugal,0.9965,0.0006,0.0029,55-9,False,,,,,,
,Scotland,Uruguay,0.9641,0.0045,0.0315,43-12,False,,,,,,
,Scotland,Portugal,0.9833,0.0023,0.0144,46-10,False,,,,,,
,Uruguay,Portugal,0.5141,0.0239,0.462,23-22,False,,,,,,
,France,Japan,0.94,0.0068,0.0532,41-14,False,,,,,,
,France,Samoa,0.983,0.0024,0.0146,49-13,False,,,,,,
,France,United States,0.996,0.0007,0.0034,54-9,False,,,,,,
,Japan,Samoa,0.552,0.0236,0.4243,24-22,False,,,,,,
,Japan,United States,0.6995,0.0205,0.28,30-21,False,,,,,,
,Samoa,United States,0.7471,0.0188,0.2341,31-20,False,,,,,,
,England,Wales,0.894,0.0106,0.0954,37-16,False,,,,,,
,England,Tonga,0.9949,0.0008,0.0043,53-9,False,,,,,,
,England,Zimbabwe,0.9958,0.0007,0.0035,53-8,False,,,,,,
,Wales,Tonga,0.9082,0.0095,0.0823,37-14,False,,,,,,
,Wales,Zimbabwe,0.8247,0.015,0.1603,32-16,False,,,,,,
,Tonga,Zimbabwe,0.455,0.0238,0.5211,23-24,False,,,,,,
,Australia,New Zealand,0.3654,0.0228,0.6119,24-29,False,,,,,,
,Australia,Chile,0.917,0.0088,0.0742,40-16,False,,,,,,
,Australia,Hong Kong China,0.9808,0.0026,0.0165,45-10,False,,,,,,
,New Zealand,Chile,0.995,0.0008,0.0042,54-10,False,,,,,,
,New Zealand,Hong Kong China,0.9952,0.0008,0.004,51-7,False,,,,,,
,Chile,Hong Kong China,0.3932,0.0232,0.5835,21-25,False,,,,,,
,South Africa,Italy,0.9721,0.0036,0.0243,42-9,False,,,,,,
,South Africa,Georgia,0.9912,0.0013,0.0075,51-11,False,,,,,,
,South Africa,Romania,0.9989,0.0002,0.0009,59-8,False,,,,,,
,Italy,Georgia,0.7441,0.0189,0.237,28-17,False,,,,,,
,Italy,Romania,0.9661,0.0043,0.0296,45-14,False,,,,,,
,Georgia,Romania,0.8661,0.0125,0.1214,35-16,False,,,,,,
,Argentina,Fiji,0.8055,0.0161,0.1784,34-19,False,,,,,,
,Argentina,Canada,0.9984,0.0003,0.0013,57-7,False,,,,,,
,Argentina,Spain,0.9185,0.0087,0.0728,39-15,False,,,,,,
,Fiji,Canada,0.948,0.0061,0.0459,43-15,False,,,,,,
,Fiji,Spain,0.7748,0.0176,0.2077,31-18,False,,,,,,
,Canada,Spain,0.1939,0.0169,0.7892,17-31,False,,,,,,
,Ireland,Scotland,0.6999,0.0205,0.2795,31-22,False,,,,,,
,Ireland,Uruguay,0.9918,0.0012,0.0069,52-12,False,,,,,,
,Ireland,Portugal,0.9965,0.0006,0.0029,55-9,False,,,,,,
,Scotland,Uruguay,0.9641,0.0045,0.0315,43-12,False,,,,,,
,Scotland,Portugal,0.9833,0.0023,0.0144,46-10,False,,,,,,
,Uruguay,Portugal,0.5141,0.0239,0.462,23-22,False,,,,,,
,France,Japan,0.94,0.0068,0.0532,41-14,False,,,,,,
,France,Samoa,0.983,0.0024,0.0146,49-13,False,,,,,,
,France,United States,0.996,0.0007,0.0034,54-9,False,,,,,,
,Japan,Samoa,0.552,0.0236,0.4243,24-22,False,,,,,,
,Japan,United States,0.6995,0.0205,0.28,30-21,False,,,,,,
,Samoa,United States,0.7471,0.0188,0.2341,31-20,False,,,,,,
,England,Wales,0.894,0.0106,0.0954,37-16,False,,,,,,
,England,Tonga,0.9949,0.0008,0.0043,53-9,False,,,,,,
,England,Zimbabwe,0.9958,0.0007,0.0035,53-8,False,,,,,,
,Wales,Tonga,0.9082,0.0095,0.0823,37-14,False,,,,,,
,Wales,Zimbabwe,0.8247,0.015,0.1603,32-16,False,,,,,,
,Tonga,Zimbabwe,0.455,0.0238,0.5211,23-24,False,,,,,,
,Australia,New Zealand,0.3654,0.0228,0.6119,24-29,False,,,,,,
,Australia,Chile,0.917,0.0088,0.0742,40-16,False,,,,,,
,Australia,Hong Kong China,0.9808,0.0026,0.0165,45-10,False,,,,,,
,New Zealand,Chile,0.995,0.0008,0.0042,54-10,False,,,,,,
,New Zealand,Hong Kong China,0.9952,0.0008,0.004,51-7,False,,,,,,
,Chile,Hong Kong China,0.3932,0.0232,0.5835,21-25,False,,,,,,
,South Africa,Italy,0.9721,0.0036,0.0243,42-9,False,,,,,,
,South Africa,Georgia,0.9912,0.0013,0.0075,51-11,False,,,,,,
,South Africa,Romania,0.9989,0.0002,0.0009,59-8,False,,,,,,
,Italy,Georgia,0.7441,0.0189,0.237,28-17,False,,,,,,
,Italy,Romania,0.9661,0.0043,0.0296,45-14,False,,,,,,
,Georgia,Romania,0.8661,0.0125,0.1214,35-16,False,,,,,,
,Argentina,Fiji,0.8055,0.0161,0.1784,34-19,False,,,,,,
,Argentina,Canada,0.9984,0.0003,0.0013,57-7,False,,,,,,
,Argentina,Spain,0.9185,0.0087,0.0728,39-15,False,,,,,,
,Fiji,Canada,0.948,0.0061,0.0459,43-15,False,,,,,,
,Fiji,Spain,0.7748,0.0176,0.2077,31-18,False,,,,,,
,Canada,Spain,0.1939,0.0169,0.7892,17-31,False,,,,,,
,Ireland,Scotland,0.6999,0.0205,0.2795,31-22,False,,,,,,
,Ireland,Uruguay,0.9918,0.0012,0.0069,52-12,False,,,,,,
,Ireland,Portugal,0.9965,0.0006,0.0029,55-9,False,,,,,,
,Scotland,Uruguay,0.9641,0.0045,0.0315,43-12,False,,,,,,
,Scotland,Portugal,0.9833,0.0023,0.0144,46-10,False,,,,,,
,Uruguay,Portugal,0.5141,0.0239,0.462,23-22,False,,,,,,
,France,Japan,0.94,0.0068,0.0532,41-14,False,,,,,,
,France,Samoa,0.983,0.0024,0.0146,49-13,False,,,,,,
,France,United States,0.996,0.0007,0.0034,54-9,False,,,,,,
,Japan,Samoa,0.552,0.0236,0.4243,24-22,False,,,,,,
,Japan,United States,0.6995,0.0205,0.28,30-21,False,,,,,,
,Samoa,United States,0.7471,0.0188,0.2341,31-20,False,,,,,,
,England,Wales,0.894,0.0106,0.0954,37-16,False,,,,,,
,England,Tonga,0.9949,0.0008,0.0043,53-9,False,,,,,,
,England,Zimbabwe,0.9958,0.0007,0.0035,53-8,False,,,,,,
,Wales,Tonga,0.9082,0.0095,0.0823,37-14,False,,,,,,
,Wales,Zimbabwe,0.8247,0.015,0.1603,32-16,False,,,,,,
,Tonga,Zimbabwe,0.455,0.0238,0.5211,23-24,False,,,,,,
,Australia,New Zealand,0.3654,0.0228,0.6119,24-29,False,,,,,,
,Australia,Chile,0.917,0.0088,0.0742,40-16,False,,,,,,
,Australia,Hong Kong China,0.9808,0.0026,0.0165,45-10,False,,,,,,
,New Zealand,Chile,0.995,0.0008,0.0042,54-10,False,,,,,,
,New Zealand,Hong Kong China,0.9952,0.0008,0.004,51-7,False,,,,,,
,Chile,Hong Kong China,0.3932,0.0232,0.5835,21-25,False,,,,,,
,South Africa,Italy,0.9721,0.0036,0.0243,42-9,False,,,,,,
,South Africa,Georgia,0.9912,0.0013,0.0075,51-11,False,,,,,,
,South Africa,Romania,0.9989,0.0002,0.0009,59-8,False,,,,,,
,Italy,Georgia,0.7441,0.0189,0.237,28-17,False,,,,,,
,Italy,Romania,0.9661,0.0043,0.0296,45-14,False,,,,,,
,Georgia,Romania,0.8661,0.0125,0.1214,35-16,False,,,,,,
,Argentina,Fiji,0.8055,0.0161,0.1784,34-19,False,,,,,,
,Argentina,Canada,0.9984,0.0003,0.0013,57-7,False,,,,,,
,Argentina,Spain,0.9185,0.0087,0.0728,39-15,False,,,,,,
,Fiji,Canada,0.948,0.0061,0.0459,43-15,False,,,,,,
,Fiji,Spain,0.7748,0.0176,0.2077,31-18,False,,,,,,
,Canada,Spain,0.1939,0.0169,0.7892,17-31,False,,,,,,
,Ireland,Scotland,0.6999,0.0205,0.2795,31-22,False,,,,,,
,Ireland,Uruguay,0.9918,0.0012,0.0069,52-12,False,,,,,,
,Ireland,Portugal,0.9965,0.0006,0.0029,55-9,False,,,,,,
,Scotland,Uruguay,0.9641,0.0045,0.0315,43-12,False,,,,,,
,Scotland,Portugal,0.9833,0.0023,0.0144,46-10,False,,,,,,
,Uruguay,Portugal,0.5141,0.0239,0.462,23-22,False,,,,,,
,France,Japan,0.94,0.0068,0.0532,41-14,False,,,,,,
,France,Samoa,0.983,0.0024,0.0146,49-13,False,,,,,,
,France,United States,0.996,0.0007,0.0034,54-9,False,,,,,,
,Japan,Samoa,0.552,0.0236,0.4243,24-22,False,,,,,,
,Japan,United States,0.6995,0.0205,0.28,30-21,False,,,,,,
,Samoa,United States,0.7471,0.0188,0.2341,31-20,False,,,,,,
,England,Wales,0.894,0.0106,0.0954,37-16,False,,,,,,
,England,Tonga,0.9949,0.0008,0.0043,53-9,False,,,,,,
,England,Zimbabwe,0.9958,0.0007,0.0035,53-8,False,,,,,,
,Wales,Tonga,0.9082,0.0095,0.0823,37-14,False,,,,,,
,Wales,Zimbabwe,0.8247,0.015,0.1603,32-16,False,,,,,,
,Tonga,Zimbabwe,0.455,0.0238,0.5211,23-24,False,,,,,,
,Australia,New Zealand,0.3654,0.0228,0.6119,24-29,False,,,,,,
,Australia,Chile,0.917,0.0088,0.0742,40-16,False,,,,,,
,Australia,Hong Kong China,0.9808,0.0026,0.0165,45-10,False,,,,,,
,New Zealand,Chile,0.995,0.0008,0.0042,54-10,False,,,,,,
,New Zealand,Hong Kong China,0.9952,0.0008,0.004,51-7,False,,,,,,
,Chile,Hong Kong China,0.3932,0.0232,0.5835,21-25,False,,,,,,
,South Africa,Italy,0.9721,0.0036,0.0243,42-9,False,,,,,,
,South Africa,Georgia,0.9912,0.0013,0.0075,51-11,False,,,,,,
,South Africa,Romania,0.9989,0.0002,0.0009,59-8,False,,,,,,
,Italy,Georgia,0.7441,0.0189,0.237,28-17,False,,,,,,
,Italy,Romania,0.9661,0.0043,0.0296,45-14,False,,,,,,
,Georgia,Romania,0.8661,0.0125,0.1214,35-16,False,,,,,,
,Argentina,Fiji,0.8055,0.0161,0.1784,34-19,False,,,,,,
,Argentina,Canada,0.9984,0.0003,0.0013,57-7,False,,,,,,
,Argentina,Spain,0.9185,0.0087,0.0728,39-15,False,,,,,,
,Fiji,Canada,0.948,0.0061,0.0459,43-15,False,,,,,,
,Fiji,Spain,0.7748,0.0176,0.2077,31-18,False,,,,,,
,Canada,Spain,0.1939,0.0169,0.7892,17-31,False,,,,,,
,Ireland,Scotland,0.6999,0.0205,0.2795,31-22,False,,,,,,
,Ireland,Uruguay,0.9918,0.0012,0.0069,52-12,False,,,,,,
,Ireland,Portugal,0.9965,0.0006,0.0029,55-9,False,,,,,,
,Scotland,Uruguay,0.9641,0.0045,0.0315,43-12,False,,,,,,
,Scotland,Portugal,0.9833,0.0023,0.0144,46-10,False,,,,,,
,Uruguay,Portugal,0.5141,0.0239,0.462,23-22,False,,,,,,
,France,Japan,0.94,0.0068,0.0532,41-14,False,,,,,,
,France,Samoa,0.983,0.0024,0.0146,49-13,False,,,,,,
,France,United States,0.996,0.0007,0.0034,54-9,False,,,,,,
,Japan,Samoa,0.552,0.0236,0.4243,24-22,False,,,,,,
,Japan,United States,0.6995,0.0205,0.28,30-21,False,,,,,,
,Samoa,United States,0.7471,0.0188,0.2341,31-20,False,,,,,,
,England,Wales,0.894,0.0106,0.0954,37-16,False,,,,,,
,England,Tonga,0.9949,0.0008,0.0043,53-9,False,,,,,,
,England,Zimbabwe,0.9958,0.0007,0.0035,53-8,False,,,,,,
,Wales,Tonga,0.9082,0.0095,0.0823,37-14,False,,,,,,
,Wales,Zimbabwe,0.8247,0.015,0.1603,32-16,False,,,,,,
,Tonga,Zimbabwe,0.455,0.0238,0.5211,23-24,False,,,,,,
,Australia,New Zealand,0.3654,0.0228,0.6119,24-29,False,,,,,,
,Australia,Chile,0.917,0.0088,0.0742,40-16,False,,,,,,
,Australia,Hong Kong China,0.9808,0.0026,0.0165,45-10,False,,,,,,
,New Zealand,Chile,0.995,0.0008,0.0042,54-10,False,,,,,,
,New Zealand,Hong Kong China,0.9952,0.0008,0.004,51-7,False,,,,,,
,Chile,Hong Kong China,0.3932,0.0232,0.5835,21-25,False,,,,,,
,South Africa,Italy,0.9721,0.0036,0.0243,42-9,False,,,,,,
,South Africa,Georgia,0.9912,0.0013,0.0075,51-11,False,,,,,,
,South Africa,Romania,0.9989,0.0002,0.0009,59-8,False,,,,,,
,Italy,Georgia,0.7441,0.0189,0.237,28-17,False,,,,,,
,Italy,Romania,0.9661,0.0043,0.0296,45-14,False,,,,,,
,Georgia,Romania,0.8661,0.0125,0.1214,35-16,False,,,,,,
,Argentina,Fiji,0.8055,0.0161,0.1784,34-19,False,,,,,,
,Argentina,Canada,0.9984,0.0003,0.0013,57-7,False,,,,,,
,Argentina,Spain,0.9185,0.0087,0.0728,39-15,False,,,,,,
,Fiji,Canada,0.948,0.0061,0.0459,43-15,False,,,,,,
,Fiji,Spain,0.7748,0.0176,0.2077,31-18,False,,,,,,
,Canada,Spain,0.1939,0.0169,0.7892,17-31,False,,,,,,
,Ireland,Scotland,0.6999,0.0205,0.2795,31-22,False,,,,,,
,Ireland,Uruguay,0.9918,0.0012,0.0069,52-12,False,,,,,,
,Ireland,Portugal,0.9965,0.0006,0.0029,55-9,False,,,,,,
,Scotland,Uruguay,0.9641,0.0045,0.0315,43-12,False,,,,,,
,Scotland,Portugal,0.9833,0.0023,0.0144,46-10,False,,,,,,
,Uruguay,Portugal,0.5141,0.0239,0.462,23-22,False,,,,,,
,France,Japan,0.94,0.0068,0.0532,41-14,False,,,,,,
,France,Samoa,0.983,0.0024,0.0146,49-13,False,,,,,,
,France,United States,0.996,0.0007,0.0034,54-9,False,,,,,,
,Japan,Samoa,0.552,0.0236,0.4243,24-22,False,,,,,,
,Japan,United States,0.6995,0.0205,0.28,30-21,False,,,,,,
,Samoa,United States,0.7471,0.0188,0.2341,31-20,False,,,,,,
,England,Wales,0.894,0.0106,0.0954,37-16,False,,,,,,
,England,Tonga,0.9949,0.0008,0.0043,53-9,False,,,,,,
,England,Zimbabwe,0.9958,0.0007,0.0035,53-8,False,,,,,,
,Wales,Tonga,0.9082,0.0095,0.0823,37-14,False,,,,,,
,Wales,Zimbabwe,0.8247,0.015,0.1603,32-16,False,,,,,,
,Tonga,Zimbabwe,0.455,0.0238,0.5211,23-24,False,,,,,,
,Australia,New Zealand,0.3654,0.0228,0.6119,24-29,False,,,,,,
,Australia,Chile,0.917,0.0088,0.0742,40-16,False,,,,,,
,Australia,Hong Kong China,0.9808,0.0026,0.0165,45-10,False,,,,,,
,New Zealand,Chile,0.995,0.0008,0.0042,54-10,False,,,,,,
,New Zealand,Hong Kong China,0.9952,0.0008,0.004,51-7,False,,,,,,
,Chile,Hong Kong China,0.3932,0.0232,0.5835,21-25,False,,,,,,
,South Africa,Italy,0.9721,0.0036,0.0243,42-9,False,,,,,,
,South Africa,Georgia,0.9912,0.0013,0.0075,51-11,False,,,,,,
,South Africa,Romania,0.9989,0.0002,0.0009,59-8,False,,,,,,
,Italy,Georgia,0.7441,0.0189,0.237,28-17,False,,,,,,
,Italy,Romania,0.9661,0.0043,0.0296,45-14,False,,,,,,
,Georgia,Romania,0.8661,0.0125,0.1214,35-16,False,,,,,,
,Argentina,Fiji,0.8055,0.0161,0.1784,34-19,False,,,,,,
,Argentina,Canada,0.9984,0.0003,0.0013,57-7,False,,,,,,
,Argentina,Spain,0.9185,0.0087,0.0728,39-15,False,,,,,,
,Fiji,Canada,0.948,0.0061,0.0459,43-15,False,,,,,,
,Fiji,Spain,0.7748,0.0176,0.2077,31-18,False,,,,,,
,Canada,Spain,0.1939,0.0169,0.7892,17-31,False,,,,,,
,Ireland,Scotland,0.6999,0.0205,0.2795,31-22,False,,,,,,
,Ireland,Uruguay,0.9918,0.0012,0.0069,52-12,False,,,,,,
,Ireland,Portugal,0.9965,0.0006,0.0029,55-9,False,,,,,,
,Scotland,Uruguay,0.9641,0.0045,0.0315,43-12,False,,,,,,
,Scotland,Portugal,0.9833,0.0023,0.0144,46-10,False,,,,,,
,Uruguay,Portugal,0.5141,0.0239,0.462,23-22,False,,,,,,
,France,Japan,0.94,0.0068,0.0532,41-14,False,,,,,,
,France,Samoa,0.983,0.0024,0.0146,49-13,False,,,,,,
,France,United States,0.996,0.0007,0.0034,54-9,False,,,,,,
,Japan,Samoa,0.552,0.0236,0.4243,24-22,False,,,,,,
,Japan,United States,0.6995,0.0205,0.28,30-21,False,,,,,,
,Samoa,United States,0.7471,0.0188,0.2341,31-20,False,,,,,,
,England,Wales,0.894,0.0106,0.0954,37-16,False,,,,,,
,England,Tonga,0.9949,0.0008,0.0043,53-9,False,,,,,,
,England,Zimbabwe,0.9958,0.0007,0.0035,53-8,False,,,,,,
,Wales,Tonga,0.9082,0.0095,0.0823,37-14,False,,,,,,
,Wales,Zimbabwe,0.8247,0.015,0.1603,32-16,False,,,,,,
,Tonga,Zimbabwe,0.455,0.0238,0.5211,23-24,False,,,,,,
,Australia,New Zealand,0.3654,0.0228,0.6119,24-29,False,,,,,,
,Australia,Chile,0.917,0.0088,0.0742,40-16,False,,,,,,
,Australia,Hong Kong China,0.9808,0.0026,0.0165,45-10,False,,,,,,
,New Zealand,Chile,0.995,0.0008,0.0042,54-10,False,,,,,,
,New Zealand,Hong Kong China,0.9952,0.0008,0.004,51-7,False,,,,,,
,Chile,Hong Kong China,0.3932,0.0232,0.5835,21-25,False,,,,,,
,South Africa,Italy,0.9721,0.0036,0.0243,42-9,False,,,,,,
,South Africa,Georgia,0.9912,0.0013,0.0075,51-11,False,,,,,,
,South Africa,Romania,0.9989,0.0002,0.0009,59-8,False,,,,,,
,Italy,Georgia,0.7441,0.0189,0.237,28-17,False,,,,,,
,Italy,Romania,0.9661,0.0043,0.0296,45-14,False,,,,,,
,Georgia,Romania,0.8661,0.0125,0.1214,35-16,False,,,,,,
,Argentina,Fiji,0.8055,0.0161,0.1784,34-19,False,,,,,,
,Argentina,Canada,0.9984,0.0003,0.0013,57-7,False,,,,,,
,Argentina,Spain,0.9185,0.0087,0.0728,39-15,False,,,,,,
,Fiji,Canada,0.948,0.0061,0.0459,43-15,False,,,,,,
,Fiji,Spain,0.7748,0.0176,0.2077,31-18,False,,,,,,
,Canada,Spain,0.1939,0.0169,0.7892,17-31,False,,,,,,
,Ireland,Scotland,0.6999,0.0205,0.2795,31-22,False,,,,,,
,Ireland,Uruguay,0.9918,0.0012,0.0069,52-12,False,,,,,,
,Ireland,Portugal,0.9965,0.0006,0.0029,55-9,False,,,,,,
,Scotland,Uruguay,0.9641,0.0045,0.0315,43-12,False,,,,,,
,Scotland,Portugal,0.9833,0.0023,0.0144,46-10,False,,,,,,
,Uruguay,Portugal,0.5141,0.0239,0.462,23-22,False,,,,,,
,France,Japan,0.94,0.0068,0.0532,41-14,False,,,,,,
,France,Samoa,0.983,0.0024,0.0146,49-13,False,,,,,,
,France,United States,0.996,0.0007,0.0034,54-9,False,,,,,,
,Japan,Samoa,0.552,0.0236,0.4243,24-22,False,,,,,,
,Japan,United States,0.6995,0.0205,0.28,30-21,False,,,,,,
,Samoa,United States,0.7471,0.0188,0.2341,31-20,False,,,,,,
,England,Wales,0.894,0.0106,0.0954,37-16,False,,,,,,
,England,Tonga,0.9949,0.0008,0.0043,53-9,False,,,,,,
,England,Zimbabwe,0.9958,0.0007,0.0035,53-8,False,,,,,,
,Wales,Tonga,0.9082,0.0095,0.0823,37-14,False,,,,,,
,Wales,Zimbabwe,0.8247,0.015,0.1603,32-16,False,,,,,,
,Tonga,Zimbabwe,0.455,0.0238,0.5211,23-24,False,,,,,,
,Australia,New Zealand,0.3654,0.0228,0.6119,24-29,False,,,,,,
,Australia,Chile,0.917,0.0088,0.0742,40-16,False,,,,,,
,Australia,Hong Kong China,0.9808,0.0026,0.0165,45-10,False,,,,,,
,New Zealand,Chile,0.995,0.0008,0.0042,54-10,False,,,,,,
,New Zealand,Hong Kong China,0.9952,0.0008,0.004,51-7,False,,,,,,
,Chile,Hong Kong China,0.3932,0.0232,0.5835,21-25,False,,,,,,
,South Africa,Italy,0.9721,0.0036,0.0243,42-9,False,,,,,,
,South Africa,Georgia,0.9912,0.0013,0.0075,51-11,False,,,,,,
,South Africa,Romania,0.9989,0.0002,0.0009,59-8,False,,,,,,
,Italy,Georgia,0.7441,0.0189,0.237,28-17,False,,,,,,
,Italy,Romania,0.9661,0.0043,0.0296,45-14,False,,,,,,
,Georgia,Romania,0.8661,0.0125,0.1214,35-16,False,,,,,,
,Argentina,Fiji,0.8055,0.0161,0.1784,34-19,False,,,,,,
,Argentina,Canada,0.9984,0.0003,0.0013,57-7,False,,,,,,
,Argentina,Spain,0.9185,0.0087,0.0728,39-15,False,,,,,,
,Fiji,Canada,0.948,0.0061,0.0459,43-15,False,,,,,,
,Fiji,Spain,0.7748,0.0176,0.2077,31-18,False,,,,,,
,Canada,Spain,0.1939,0.0169,0.7892,17-31,False,,,,,,
,Ireland,Scotland,0.6999,0.0205,0.2795,31-22,False,,,,,,
,Ireland,Uruguay,0.9918,0.0012,0.0069,52-12,False,,,,,,
,Ireland,Portugal,0.9965,0.0006,0.0029,55-9,False,,,,,,
,Scotland,Uruguay,0.9641,0.0045,0.0315,43-12,False,,,,,,
,Scotland,Portugal,0.9833,0.0023,0.0144,46-10,False,,,,,,
,Uruguay,Portugal,0.5141,0.0239,0.462,23-22,False,,,,,,
,France,Japan,0.94,0.0068,0.0532,41-14,False,,,,,,
,France,Samoa,0.983,0.0024,0.0146,49-13,False,,,,,,
,France,United States,0.996,0.0007,0.0034,54-9,False,,,,,,
,Japan,Samoa,0.552,0.0236,0.4243,24-22,False,,,,,,
,Japan,United States,0.6995,0.0205,0.28,30-21,False,,,,,,
,Samoa,United States,0.7471,0.0188,0.2341,31-20,False,,,,,,
,England,Wales,0.894,0.0106,0.0954,37-16,False,,,,,,
,England,Tonga,0.9949,0.0008,0.0043,53-9,False,,,,,,
,England,Zimbabwe,0.9958,0.0007,0.0035,53-8,False,,,,,,
,Wales,Tonga,0.9082,0.0095,0.0823,37-14,False,,,,,,
,Wales,Zimbabwe,0.8247,0.015,0.1603,32-16,False,,,,,,
,Tonga,Zimbabwe,0.455,0.0238,0.5211,23-24,False,,,,,,
,Australia,New Zealand,0.3654,0.0228,0.6119,24-29,False,,,,,,
,Australia,Chile,0.917,0.0088,0.0742,40-16,False,,,,,,
,Australia,Hong Kong China,0.9808,0.0026,0.0165,45-10,False,,,,,,
,New Zealand,Chile,0.995,0.0008,0.0042,54-10,False,,,,,,
,New Zealand,Hong Kong China,0.9952,0.0008,0.004,51-7,False,,,,,,
,Chile,Hong Kong China,0.3932,0.0232,0.5835,21-25,False,,,,,,
,South Africa,Italy,0.9721,0.0036,0.0243,42-9,False,,,,,,
,South Africa,Georgia,0.9912,0.0013,0.0075,51-11,False,,,,,,
,South Africa,Romania,0.9989,0.0002,0.0009,59-8,False,,,,,,
,Italy,Georgia,0.7441,0.0189,0.237,28-17,False,,,,,,
,Italy,Romania,0.9661,0.0043,0.0296,45-14,False,,,,,,
,Georgia,Romania,0.8661,0.0125,0.1214,35-16,False,,,,,,
,Argentina,Fiji,0.8055,0.0161,0.1784,34-19,False,,,,,,
,Argentina,Canada,0.9984,0.0003,0.0013,57-7,False,,,,,,
,Argentina,Spain,0.9185,0.0087,0.0728,39-15,False,,,,,,
,Fiji,Canada,0.948,0.0061,0.0459,43-15,False,,,,,,
,Fiji,Spain,0.7748,0.0176,0.2077,31-18,False,,,,,,
,Canada,Spain,0.1939,0.0169,0.7892,17-31,False,,,,,,
,Ireland,Scotland,0.6999,0.0205,0.2795,31-22,False,,,,,,
,Ireland,Uruguay,0.9918,0.0012,0.0069,52-12,False,,,,,,
,Ireland,Portugal,0.9965,0.0006,0.0029,55-9,False,,,,,,
,Scotland,Uruguay,0.9641,0.0045,0.0315,43-12,False,,,,,,
,Scotland,Portugal,0.9833,0.0023,0.0144,46-10,False,,,,,,
,Uruguay,Portugal,0.5141,0.0239,0.462,23-22,False,,,,,,
,France,Japan,0.94,0.0068,0.0532,41-14,False,,,,,,
,France,Samoa,0.983,0.0024,0.0146,49-13,False,,,,,,
,France,United States,0.996,0.0007,0.0034,54-9,False,,,,,,
,Japan,Samoa,0.552,0.0236,0.4243,24-22,False,,,,,,
,Japan,United States,0.6995,0.0205,0.28,30-21,False,,,,,,
,Samoa,United States,0.7471,0.0188,0.2341,31-20,False,,,,,,
,England,Wales,0.894,0.0106,0.0954,37-16,False,,,,,,
,England,Tonga,0.9949,0.0008,0.0043,53-9,False,,,,,,
,England,Zimbabwe,0.9958,0.0007,0.0035,53-8,False,,,,,,
,Wales,Tonga,0.9082,0.0095,0.0823,37-14,False,,,,,,
,Wales,Zimbabwe,0.8247,0.015,0.1603,32-16,False,,,,,,
,Tonga,Zimbabwe,0.455,0.0238,0.5211,23-24,False,,,,,,
,Australia,New Zealand,0.3654,0.0228,0.6119,24-29,False,,,,,,
,Australia,Chile,0.917,0.0088,0.0742,40-16,False,,,,,,
,Australia,Hong Kong China,0.9808,0.0026,0.0165,45-10,False,,,,,,
,New Zealand,Chile,0.995,0.0008,0.0042,54-10,False,,,,,,
,New Zealand,Hong Kong China,0.9952,0.0008,0.004,51-7,False,,,,,,
,Chile,Hong Kong China,0.3932,0.0232,0.5835,21-25,False,,,,,,
,South Africa,Italy,0.9721,0.0036,0.0243,42-9,False,,,,,,
,South Africa,Georgia,0.9912,0.0013,0.0075,51-11,False,,,,,,
,South Africa,Romania,0.9989,0.0002,0.0009,59-8,False,,,,,,
,Italy,Georgia,0.7441,0.0189,0.237,28-17,False,,,,,,
,Italy,Romania,0.9661,0.0043,0.0296,45-14,False,,,,,,
,Georgia,Romania,0.8661,0.0125,0.1214,35-16,False,,,,,,
,Argentina,Fiji,0.8055,0.0161,0.1784,34-19,False,,,,,,
,Argentina,Canada,0.9984,0.0003,0.0013,57-7,False,,,,,,
,Argentina,Spain,0.9185,0.0087,0.0728,39-15,False,,,,,,
,Fiji,Canada,0.948,0.0061,0.0459,43-15,False,,,,,,
,Fiji,Spain,0.7748,0.0176,0.2077,31-18,False,,,,,,
,Canada,Spain,0.1939,0.0169,0.7892,17-31,False,,,,,,
,Ireland,Scotland,0.6999,0.0205,0.2795,31-22,False,,,,,,
,Ireland,Uruguay,0.9918,0.0012,0.0069,52-12,False,,,,,,
,Ireland,Portugal,0.9965,0.0006,0.0029,55-9,False,,,,,,
,Scotland,Uruguay,0.9641,0.0045,0.0315,43-12,False,,,,,,
,Scotland,Portugal,0.9833,0.0023,0.0144,46-10,False,,,,,,
,Uruguay,Portugal,0.5141,0.0239,0.462,23-22,False,,,,,,
,France,Japan,0.94,0.0068,0.0532,41-14,False,,,,,,
,France,Samoa,0.983,0.0024,0.0146,49-13,False,,,,,,
,France,United States,0.996,0.0007,0.0034,54-9,False,,,,,,
,Japan,Samoa,0.552,0.0236,0.4243,24-22,False,,,,,,
,Japan,United States,0.6995,0.0205,0.28,30-21,False,,,,,,
,Samoa,United States,0.7471,0.0188,0.2341,31-20,False,,,,,,
,England,Wales,0.894,0.0106,0.0954,37-16,False,,,,,,
,England,Tonga,0.9949,0.0008,0.0043,53-9,False,,,,,,
,England,Zimbabwe,0.9958,0.0007,0.0035,53-8,False,,,,,,
,Wales,Tonga,0.9082,0.0095,0.0823,37-14,False,,,,,,
,Wales,Zimbabwe,0.8247,0.015,0.1603,32-16,False,,,,,,
,Tonga,Zimbabwe,0.455,0.0238,0.5211,23-24,False,,,,,,
,Australia,New Zealand,0.3654,0.0228,0.6119,24-29,False,,,,,,
,Australia,Chile,0.917,0.0088,0.0742,40-16,False,,,,,,
,Australia,Hong Kong China,0.9808,0.0026,0.0165,45-10,False,,,,,,
,New Zealand,Chile,0.995,0.0008,0.0042,54-10,False,,,,,,
,New Zealand,Hong Kong China,0.9952,0.0008,0.004,51-7,False,,,,,,
,Chile,Hong Kong China,0.3932,0.0232,0.5835,21-25,False,,,,,,
,South Africa,Italy,0.9721,0.0036,0.0243,42-9,False,,,,,,
,South Africa,Georgia,0.9912,0.0013,0.0075,51-11,False,,,,,,
,South Africa,Romania,0.9989,0.0002,0.0009,59-8,False,,,,,,
,Italy,Georgia,0.7441,0.0189,0.237,28-17,False,,,,,,
,Italy,Romania,0.9661,0.0043,0.0296,45-14,False,,,,,,
,Georgia,Romania,0.8661,0.0125,0.1214,35-16,False,,,,,,
,Argentina,Fiji,0.8055,0.0161,0.1784,34-19,False,,,,,,
,Argentina,Canada,0.9984,0.0003,0.0013,57-7,False,,,,,,
,Argentina,Spain,0.9185,0.0087,0.0728,39-15,False,,,,,,
,Fiji,Canada,0.948,0.0061,0.0459,43-15,False,,,,,,
,Fiji,Spain,0.7748,0.0176,0.2077,31-18,False,,,,,,
,Canada,Spain,0.1939,0.0169,0.7892,17-31,False,,,,,,
,Ireland,Scotland,0.6999,0.0205,0.2795,31-22,False,,,,,,
,Ireland,Uruguay,0.9918,0.0012,0.0069,52-12,False,,,,,,
,Ireland,Portugal,0.9965,0.0006,0.0029,55-9,False,,,,,,
,Scotland,Uruguay,0.9641,0.0045,0.0315,43-12,False,,,,,,
,Scotland,Portugal,0.9833,0.0023,0.0144,46-10,False,,,,,,
,Uruguay,Portugal,0.5141,0.0239,0.462,23-22,False,,,,,,
,France,Japan,0.94,0.0068,0.0532,41-14,False,,,,,,
,France,Samoa,0.983,0.0024,0.0146,49-13,False,,,,,,
,France,United States,0.996,0.0007,0.0034,54-9,False,,,,,,
,Japan,Samoa,0.552,0.0236,0.4243,24-22,False,,,,,,
,Japan,United States,0.6995,0.0205,0.28,30-21,False,,,,,,
,Samoa,United States,0.7471,0.0188,0.2341,31-20,False,,,,,,
,England,Wales,0.894,0.0106,0.0954,37-16,False,,,,,,
,England,Tonga,0.9949,0.0008,0.0043,53-9,False,,,,,,
,England,Zimbabwe,0.9958,0.0007,0.0035,53-8,False,,,,,,
,Wales,Tonga,0.9082,0.0095,0.0823,37-14,False,,,,,,
,Wales,Zimbabwe,0.8247,0.015,0.1603,32-16,False,,,,,,
,Tonga,Zimbabwe,0.455,0.0238,0.5211,23-24,False,,,,,,
,Australia,New Zealand,0.3654,0.0228,0.6119,24-29,False,,,,,,
,Australia,Chile,0.917,0.0088,0.0742,40-16,False,,,,,,
,Australia,Hong Kong China,0.9808,0.0026,0.0165,45-10,False,,,,,,
,New Zealand,Chile,0.995,0.0008,0.0042,54-10,False,,,,,,
,New Zealand,Hong Kong China,0.9952,0.0008,0.004,51-7,False,,,,,,
,Chile,Hong Kong China,0.3932,0.0232,0.5835,21-25,False,,,,,,
,South Africa,Italy,0.9721,0.0036,0.0243,42-9,False,,,,,,
,South Africa,Georgia,0.9912,0.0013,0.0075,51-11,False,,,,,,
,South Africa,Romania,0.9989,0.0002,0.0009,59-8,False,,,,,,
,Italy,Georgia,0.7441,0.0189,0.237,28-17,False,,,,,,
,Italy,Romania,0.9661,0.0043,0.0296,45-14,False,,,,,,
,Georgia,Romania,0.8661,0.0125,0.1214,35-16,False,,,,,,
,Argentina,Fiji,0.8055,0.0161,0.1784,34-19,False,,,,,,
,Argentina,Canada,0.9984,0.0003,0.0013,57-7,False,,,,,,
,Argentina,Spain,0.9185,0.0087,0.0728,39-15,False,,,,,,
,Fiji,Canada,0.948,0.0061,0.0459,43-15,False,,,,,,
,Fiji,Spain,0.7748,0.0176,0.2077,31-18,False,,,,,,
,Canada,Spain,0.1939,0.0169,0.7892,17-31,False,,,,,,
,Ireland,Scotland,0.6999,0.0205,0.2795,31-22,False,,,,,,
,Ireland,Uruguay,0.9918,0.0012,0.0069,52-12,False,,,,,,
,Ireland,Portugal,0.9965,0.0006,0.0029,55-9,False,,,,,,
,Scotland,Uruguay,0.9641,0.0045,0.0315,43-12,False,,,,,,
,Scotland,Portugal,0.9833,0.0023,0.0144,46-10,False,,,,,,
,Uruguay,Portugal,0.5141,0.0239,0.462,23-22,False,,,,,,
,France,Japan,0.94,0.0068,0.0532,41-14,False,,,,,,
,France,Samoa,0.983,0.0024,0.0146,49-13,False,,,,,,
,France,United States,0.996,0.0007,0.0034,54-9,False,,,,,,
,Japan,Samoa,0.552,0.0236,0.4243,24-22,False,,,,,,
,Japan,United States,0.6995,0.0205,0.28,30-21,False,,,,,,
,Samoa,United States,0.7471,0.0188,0.2341,31-20,False,,,,,,
,England,Wales,0.894,0.0106,0.0954,37-16,False,,,,,,
,England,Tonga,0.9949,0.0008,0.0043,53-9,False,,,,,,
,England,Zimbabwe,0.9958,0.0007,0.0035,53-8,False,,,,,,
,Wales,Tonga,0.9082,0.0095,0.0823,37-14,False,,,,,,
,Wales,Zimbabwe,0.8247,0.015,0.1603,32-16,False,,,,,,
,Tonga,Zimbabwe,0.455,0.0238,0.5211,23-24,False,,,,,,
,Australia,New Zealand,0.3654,0.0228,0.6119,24-29,False,,,,,,
,Australia,Chile,0.917,0.0088,0.0742,40-16,False,,,,,,
,Australia,Hong Kong China,0.9808,0.0026,0.0165,45-10,False,,,,,,
,New Zealand,Chile,0.995,0.0008,0.0042,54-10,False,,,,,,
,New Zealand,Hong Kong China,0.9952,0.0008,0.004,51-7,False,,,,,,
,Chile,Hong Kong China,0.3932,0.0232,0.5835,21-25,False,,,,,,
,South Africa,Italy,0.9721,0.0036,0.0243,42-9,False,,,,,,
,South Africa,Georgia,0.9912,0.0013,0.0075,51-11,False,,,,,,
,South Africa,Romania,0.9989,0.0002,0.0009,59-8,False,,,,,,
,Italy,Georgia,0.7441,0.0189,0.237,28-17,False,,,,,,
,Italy,Romania,0.9661,0.0043,0.0296,45-14,False,,,,,,
,Georgia,Romania,0.8661,0.0125,0.1214,35-16,False,,,,,,
,Argentina,Fiji,0.8055,0.0161,0.1784,34-19,False,,,,,,
,Argentina,Canada,0.9984,0.0003,0.0013,57-7,False,,,,,,
,Argentina,Spain,0.9185,0.0087,0.0728,39-15,False,,,,,,
,Fiji,Canada,0.948,0.0061,0.0459,43-15,False,,,,,,
,Fiji,Spain,0.7748,0.0176,0.2077,31-18,False,,,,,,
,Canada,Spain,0.1939,0.0169,0.7892,17-31,False,,,,,,
,Ireland,Scotland,0.6999,0.0205,0.2795,31-22,False,,,,,,
,Ireland,Uruguay,0.9918,0.0012,0.0069,52-12,False,,,,,,
,Ireland,Portugal,0.9965,0.0006,0.0029,55-9,False,,,,,,
,Scotland,Uruguay,0.9641,0.0045,0.0315,43-12,False,,,,,,
,Scotland,Portugal,0.9833,0.0023,0.0144,46-10,False,,,,,,
,Uruguay,Portugal,0.5141,0.0239,0.462,23-22,False,,,,,,
,France,Japan,0.94,0.0068,0.0532,41-14,False,,,,,,
,France,Samoa,0.983,0.0024,0.0146,49-13,False,,,,,,
,France,United States,0.996,0.0007,0.0034,54-9,False,,,,,,
,Japan,Samoa,0.552,0.0236,0.4243,24-22,False,,,,,,
,Japan,United States,0.6995,0.0205,0.28,30-21,False,,,,,,
,Samoa,United States,0.7471,0.0188,0.2341,31-20,False,,,,,,
,England,Wales,0.894,0.0106,0.0954,37-16,False,,,,,,
,England,Tonga,0.9949,0.0008,0.0043,53-9,False,,,,,,
,England,Zimbabwe,0.9958,0.0007,0.0035,53-8,False,,,,,,
,Wales,Tonga,0.9082,0.0095,0.0823,37-14,False,,,,,,
,Wales,Zimbabwe,0.8247,0.015,0.1603,32-16,False,,,,,,
,Tonga,Zimbabwe,0.455,0.0238,0.5211,23-24,False,,,,,,
,Australia,New Zealand,0.3654,0.0228,0.6119,24-29,False,,,,,,
,Australia,Chile,0.917,0.0088,0.0742,40-16,False,,,,,,
,Australia,Hong Kong China,0.9808,0.0026,0.0165,45-10,False,,,,,,
,New Zealand,Chile,0.995,0.0008,0.0042,54-10,False,,,,,,
,New Zealand,Hong Kong China,0.9952,0.0008,0.004,51-7,False,,,,,,
,Chile,Hong Kong China,0.3932,0.0232,0.5835,21-25,False,,,,,,
,South Africa,Italy,0.9721,0.0036,0.0243,42-9,False,,,,,,
,South Africa,Georgia,0.9912,0.0013,0.0075,51-11,False,,,,,,
,South Africa,Romania,0.9989,0.0002,0.0009,59-8,False,,,,,,
,Italy,Georgia,0.7441,0.0189,0.237,28-17,False,,,,,,
,Italy,Romania,0.9661,0.0043,0.0296,45-14,False,,,,,,
,Georgia,Romania,0.8661,0.0125,0.1214,35-16,False,,,,,,
,Argentina,Fiji,0.8055,0.0161,0.1784,34-19,False,,,,,,
,Argentina,Canada,0.9984,0.0003,0.0013,57-7,False,,,,,,
,Argentina,Spain,0.9185,0.0087,0.0728,39-15,False,,,,,,
,Fiji,Canada,0.948,0.0061,0.0459,43-15,False,,,,,,
,Fiji,Spain,0.7748,0.0176,0.2077,31-18,False,,,,,,
,Canada,Spain,0.1939,0.0169,0.7892,17-31,False,,,,,,
,Ireland,Scotland,0.6999,0.0205,0.2795,31-22,False,,,,,,
,Ireland,Uruguay,0.9918,0.0012,0.0069,52-12,False,,,,,,
,Ireland,Portugal,0.9965,0.0006,0.0029,55-9,False,,,,,,
,Scotland,Uruguay,0.9641,0.0045,0.0315,43-12,False,,,,,,
,Scotland,Portugal,0.9833,0.0023,0.0144,46-10,False,,,,,,
,Uruguay,Portugal,0.5141,0.0239,0.462,23-22,False,,,,,,
,France,Japan,0.94,0.0068,0.0532,41-14,False,,,,,,
,France,Samoa,0.983,0.0024,0.0146,49-13,False,,,,,,
,France,United States,0.996,0.0007,0.0034,54-9,False,,,,,,
,Japan,Samoa,0.552,0.0236,0.4243,24-22,False,,,,,,
,Japan,United States,0.6995,0.0205,0.28,30-21,False,,,,,,
,Samoa,United States,0.7471,0.0188,0.2341,31-20,False,,,,,,
,England,Wales,0.894,0.0106,0.0954,37-16,False,,,,,,
,England,Tonga,0.9949,0.0008,0.0043,53-9,False,,,,,,
,England,Zimbabwe,0.9958,0.0007,0.0035,53-8,False,,,,,,
,Wales,Tonga,0.9082,0.0095,0.0823,37-14,False,,,,,,
,Wales,Zimbabwe,0.8247,0.015,0.1603,32-16,False,,,,,,
,Tonga,Zimbabwe,0.455,0.0238,0.5211,23-24,False,,,,,,
,Australia,New Zealand,0.3654,0.0228,0.6119,24-29,False,,,,,,
,Australia,Chile,0.917,0.0088,0.0742,40-16,False,,,,,,
,Australia,Hong Kong China,0.9808,0.0026,0.0165,45-10,False,,,,,,
,New Zealand,Chile,0.995,0.0008,0.0042,54-10,False,,,,,,
,New Zealand,Hong Kong China,0.9952,0.0008,0.004,51-7,False,,,,,,
,Chile,Hong Kong China,0.3932,0.0232,0.5835,21-25,False,,,,,,
,South Africa,Italy,0.9721,0.0036,0.0243,42-9,False,,,,,,
,South Africa,Georgia,0.9912,0.0013,0.0075,51-11,False,,,,,,
,South Africa,Romania,0.9989,0.0002,0.0009,59-8,False,,,,,,
,Italy,Georgia,0.7441,0.0189,0.237,28-17,False,,,,,,
,Italy,Romania,0.9661,0.0043,0.0296,45-14,False,,,,,,
,Georgia,Romania,0.8661,0.0125,0.1214,35-16,False,,,,,,
,Argentina,Fiji,0.8055,0.0161,0.1784,34-19,False,,,,,,
,Argentina,Canada,0.9984,0.0003,0.0013,57-7,False,,,,,,
,Argentina,Spain,0.9185,0.0087,0.0728,39-15,False,,,,,,
,Fiji,Canada,0.948,0.0061,0.0459,43-15,False,,,,,,
,Fiji,Spain,0.7748,0.0176,0.2077,31-18,False,,,,,,
,Canada,Spain,0.1939,0.0169,0.7892,17-31,False,,,,,,
,Ireland,Scotland,0.6999,0.0205,0.2795,31-22,False,,,,,,
,Ireland,Uruguay,0.9918,0.0012,0.0069,52-12,False,,,,,,
,Ireland,Portugal,0.9965,0.0006,0.0029,55-9,False,,,,,,
,Scotland,Uruguay,0.9641,0.0045,0.0315,43-12,False,,,,,,
,Scotland,Portugal,0.9833,0.0023,0.0144,46-10,False,,,,,,
,Uruguay,Portugal,0.5141,0.0239,0.462,23-22,False,,,,,,
,France,Japan,0.94,0.0068,0.0532,41-14,False,,,,,,
,France,Samoa,0.983,0.0024,0.0146,49-13,False,,,,,,
,France,United States,0.996,0.0007,0.0034,54-9,False,,,,,,
,Japan,Samoa,0.552,0.0236,0.4243,24-22,False,,,,,,
,Japan,United States,0.6995,0.0205,0.28,30-21,False,,,,,,
,Samoa,United States,0.7471,0.0188,0.2341,31-20,False,,,,,,
,England,Wales,0.894,0.0106,0.0954,37-16,False,,,,,,
,England,Tonga,0.9949,0.0008,0.0043,53-9,False,,,,,,
,England,Zimbabwe,0.9958,0.0007,0.0035,53-8,False,,,,,,
,Wales,Tonga,0.9082,0.0095,0.0823,37-14,False,,,,,,
,Wales,Zimbabwe,0.8247,0.015,0.1603,32-16,False,,,,,,
,Tonga,Zimbabwe,0.455,0.0238,0.5211,23-24,False,,,,,,
,Australia,New Zealand,0.3654,0.0228,0.6119,24-29,False,,,,,,
,Australia,Chile,0.917,0.0088,0.0742,40-16,False,,,,,,
,Australia,Hong Kong China,0.9808,0.0026,0.0165,45-10,False,,,,,,
,New Zealand,Chile,0.995,0.0008,0.0042,54-10,False,,,,,,
,New Zealand,Hong Kong China,0.9952,0.0008,0.004,51-7,False,,,,,,
,Chile,Hong Kong China,0.3932,0.0232,0.5835,21-25,False,,,,,,
,South Africa,Italy,0.9721,0.0036,0.0243,42-9,False,,,,,,
,South Africa,Georgia,0.9912,0.0013,0.0075,51-11,False,,,,,,
,South Africa,Romania,0.9989,0.0002,0.0009,59-8,False,,,,,,
,Italy,Georgia,0.7441,0.0189,0.237,28-17,False,,,,,,
,Italy,Romania,0.9661,0.0043,0.0296,45-14,False,,,,,,
,Georgia,Romania,0.8661,0.0125,0.1214,35-16,False,,,,,,
,Argentina,Fiji,0.8055,0.0161,0.1784,34-19,False,,,,,,
,Argentina,Canada,0.9984,0.0003,0.0013,57-7,False,,,,,,
,Argentina,Spain,0.9185,0.0087,0.0728,39-15,False,,,,,,
,Fiji,Canada,0.948,0.0061,0.0459,43-15,False,,,,,,
,Fiji,Spain,0.7748,0.0176,0.2077,31-18,False,,,,,,
,Canada,Spain,0.1939,0.0169,0.7892,17-31,False,,,,,,
,Ireland,Scotland,0.6999,0.0205,0.2795,31-22,False,,,,,,
,Ireland,Uruguay,0.9918,0.0012,0.0069,52-12,False,,,,,,
,Ireland,Portugal,0.9965,0.0006,0.0029,55-9,False,,,,,,
,Scotland,Uruguay,0.9641,0.0045,0.0315,43-12,False,,,,,,
,Scotland,Portugal,0.9833,0.0023,0.0144,46-10,False,,,,,,
,Uruguay,Portugal,0.5141,0.0239,0.462,23-22,False,,,,,,
,France,Japan,0.94,0.0068,0.0532,41-14,False,,,,,,
,France,Samoa,0.983,0.0024,0.0146,49-13,False,,,,,,
,France,United States,0.996,0.0007,0.0034,54-9,False,,,,,,
,Japan,Samoa,0.552,0.0236,0.4243,24-22,False,,,,,,
,Japan,United States,0.6995,0.0205,0.28,30-21,False,,,,,,
,Samoa,United States,0.7471,0.0188,0.2341,31-20,False,,,,,,
,England,Wales,0.894,0.0106,0.0954,37-16,False,,,,,,
,England,Tonga,0.9949,0.0008,0.0043,53-9,False,,,,,,
,England,Zimbabwe,0.9958,0.0007,0.0035,53-8,False,,,,,,
,Wales,Tonga,0.9082,0.0095,0.0823,37-14,False,,,,,,
,Wales,Zimbabwe,0.8247,0.015,0.1603,32-16,False,,,,,,
,Tonga,Zimbabwe,0.455,0.0238,0.5211,23-24,False,,,,,,
,Australia,New Zealand,0.3654,0.0228,0.6119,24-29,False,,,,,,
,Australia,Chile,0.917,0.0088,0.0742,40-16,False,,,,,,
,Australia,Hong Kong China,0.9808,0.0026,0.0165,45-10,False,,,,,,
,New Zealand,Chile,0.995,0.0008,0.0042,54-10,False,,,,,,
,New Zealand,Hong Kong China,0.9952,0.0008,0.004,51-7,False,,,,,,
,Chile,Hong Kong China,0.3932,0.0232,0.5835,21-25,False,,,,,,
,South Africa,Italy,0.9721,0.0036,0.0243,42-9,False,,,,,,
,South Africa,Georgia,0.9912,0.0013,0.0075,51-11,False,,,,,,
,South Africa,Romania,0.9989,0.0002,0.0009,59-8,False,,,,,,
,Italy,Georgia,0.7441,0.0189,0.237,28-17,False,,,,,,
,Italy,Romania,0.9661,0.0043,0.0296,45-14,False,,,,,,
,Georgia,Romania,0.8661,0.0125,0.1214,35-16,False,,,,,,
,Argentina,Fiji,0.8055,0.0161,0.1784,34-19,False,,,,,,
,Argentina,Canada,0.9984,0.0003,0.0013,57-7,False,,,,,,
,Argentina,Spain,0.9185,0.0087,0.0728,39-15,False,,,,,,
,Fiji,Canada,0.948,0.0061,0.0459,43-15,False,,,,,,
,Fiji,Spain,0.7748,0.0176,0.2077,31-18,False,,,,,,
,Canada,Spain,0.1939,0.0169,0.7892,17-31,False,,,,,,
,Ireland,Scotland,0.6999,0.0205,0.2795,31-22,False,,,,,,
,Ireland,Uruguay,0.9918,0.0012,0.0069,52-12,False,,,,,,
,Ireland,Portugal,0.9965,0.0006,0.0029,55-9,False,,,,,,
,Scotland,Uruguay,0.9641,0.0045,0.0315,43-12,False,,,,,,
,Scotland,Portugal,0.9833,0.0023,0.0144,46-10,False,,,,,,
,Uruguay,Portugal,0.5141,0.0239,0.462,23-22,False,,,,,,
,France,Japan,0.94,0.0068,0.0532,41-14,False,,,,,,
,France,Samoa,0.983,0.0024,0.0146,49-13,False,,,,,,
,France,United States,0.996,0.0007,0.0034,54-9,False,,,,,,
,Japan,Samoa,0.552,0.0236,0.4243,24-22,False,,,,,,
,Japan,United States,0.6995,0.0205,0.28,30-21,False,,,,,,
,Samoa,United States,0.7471,0.0188,0.2341,31-20,False,,,,,,
,England,Wales,0.894,0.0106,0.0954,37-16,False,,,,,,
,England,Tonga,0.9949,0.0008,0.0043,53-9,False,,,,,,
,England,Zimbabwe,0.9958,0.0007,0.0035,53-8,False,,,,,,
,Wales,Tonga,0.9082,0.0095,0.0823,37-14,False,,,,,,
,Wales,Zimbabwe,0.8247,0.015,0.1603,32-16,False,,,,,,
,Tonga,Zimbabwe,0.455,0.0238,0.5211,23-24,False,,,,,,
,Australia,New Zealand,0.3654,0.0228,0.6119,24-29,False,,,,,,
,Australia,Chile,0.917,0.0088,0.0742,40-16,False,,,,,,
,Australia,Hong Kong China,0.9808,0.0026,0.0165,45-10,False,,,,,,
,New Zealand,Chile,0.995,0.0008,0.0042,54-10,False,,,,,,
,New Zealand,Hong Kong China,0.9952,0.0008,0.004,51-7,False,,,,,,
,Chile,Hong Kong China,0.3932,0.0232,0.5835,21-25,False,,,,,,
,South Africa,Italy,0.9721,0.0036,0.0243,42-9,False,,,,,,
,South Africa,Georgia,0.9912,0.0013,0.0075,51-11,False,,,,,,
,South Africa,Romania,0.9989,0.0002,0.0009,59-8,False,,,,,,
,Italy,Georgia,0.7441,0.0189,0.237,28-17,False,,,,,,
,Italy,Romania,0.9661,0.0043,0.0296,45-14,False,,,,,,
,Georgia,Romania,0.8661,0.0125,0.1214,35-16,False,,,,,,
,Argentina,Fiji,0.8055,0.0161,0.1784,34-19,False,,,,,,
,Argentina,Canada,0.9984,0.0003,0.0013,57-7,False,,,,,,
,Argentina,Spain,0.9185,0.0087,0.0728,39-15,False,,,,,,
,Fiji,Canada,0.948,0.0061,0.0459,43-15,False,,,,,,
,Fiji,Spain,0.7748,0.0176,0.2077,31-18,False,,,,,,
,Canada,Spain,0.1939,0.0169,0.7892,17-31,False,,,,,,
,Ireland,Scotland,0.6999,0.0205,0.2795,31-22,False,,,,,,
,Ireland,Uruguay,0.9918,0.0012,0.0069,52-12,False,,,,,,
,Ireland,Portugal,0.9965,0.0006,0.0029,55-9,False,,,,,,
,Scotland,Uruguay,0.9641,0.0045,0.0315,43-12,False,,,,,,
,Scotland,Portugal,0.9833,0.0023,0.0144,46-10,False,,,,,,
,Uruguay,Portugal,0.5141,0.0239,0.462,23-22,False,,,,,,
,France,Japan,0.94,0.0068,0.0532,41-14,False,,,,,,
,France,Samoa,0.983,0.0024,0.0146,49-13,False,,,,,,
,France,United States,0.996,0.0007,0.0034,54-9,False,,,,,,
,Japan,Samoa,0.552,0.0236,0.4243,24-22,False,,,,,,
,Japan,United States,0.6995,0.0205,0.28,30-21,False,,,,,,
,Samoa,United States,0.7471,0.0188,0.2341,31-20,False,,,,,,
,England,Wales,0.894,0.0106,0.0954,37-16,False,,,,,,
,England,Tonga,0.9949,0.0008,0.0043,53-9,False,,,,,,
,England,Zimbabwe,0.9958,0.0007,0.0035,53-8,False,,,,,,
,Wales,Tonga,0.9082,0.0095,0.0823,37-14,False,,,,,,
,Wales,Zimbabwe,0.8247,0.015,0.1603,32-16,False,,,,,,
,Tonga,Zimbabwe,0.455,0.0238,0.5211,23-24,False,,,,,,
,Australia,New Zealand,0.3654,0.0228,0.6119,24-29,False,,,,,,
,Australia,Chile,0.917,0.0088,0.0742,40-16,False,,,,,,
,Australia,Hong Kong China,0.9808,0.0026,0.0165,45-10,False,,,,,,
,New Zealand,Chile,0.995,0.0008,0.0042,54-10,False,,,,,,
,New Zealand,Hong Kong China,0.9952,0.0008,0.004,51-7,False,,,,,,
,Chile,Hong Kong China,0.3932,0.0232,0.5835,21-25,False,,,,,,
,South Africa,Italy,0.9721,0.0036,0.0243,42-9,False,,,,,,
,South Africa,Georgia,0.9912,0.0013,0.0075,51-11,False,,,,,,
,South Africa,Romania,0.9989,0.0002,0.0009,59-8,False,,,,,,
,Italy,Georgia,0.7441,0.0189,0.237,28-17,False,,,,,,
,Italy,Romania,0.9661,0.0043,0.0296,45-14,False,,,,,,
,Georgia,Romania,0.8661,0.0125,0.1214,35-16,False,,,,,,
,Argentina,Fiji,0.8055,0.0161,0.1784,34-19,False,,,,,,
,Argentina,Canada,0.9984,0.0003,0.0013,57-7,False,,,,,,
,Argentina,Spain,0.9185,0.0087,0.0728,39-15,False,,,,,,
,Fiji,Canada,0.948,0.0061,0.0459,43-15,False,,,,,,
,Fiji,Spain,0.7748,0.0176,0.2077,31-18,False,,,,,,
,Canada,Spain,0.1939,0.0169,0.7892,17-31,False,,,,,,
,Ireland,Scotland,0.6999,0.0205,0.2795,31-22,False,,,,,,
,Ireland,Uruguay,0.9918,0.0012,0.0069,52-12,False,,,,,,
,Ireland,Portugal,0.9965,0.0006,0.0029,55-9,False,,,,,,
,Scotland,Uruguay,0.9641,0.0045,0.0315,43-12,False,,,,,,
,Scotland,Portugal,0.9833,0.0023,0.0144,46-10,False,,,,,,
,Uruguay,Portugal,0.5141,0.0239,0.462,23-22,False,,,,,,
,France,Japan,0.94,0.0068,0.0532,41-14,False,,,,,,
,France,Samoa,0.983,0.0024,0.0146,49-13,False,,,,,,
,France,United States,0.996,0.0007,0.0034,54-9,False,,,,,,
,Japan,Samoa,0.552,0.0236,0.4243,24-22,False,,,,,,
,Japan,United States,0.6995,0.0205,0.28,30-21,False,,,,,,
,Samoa,United States,0.7471,0.0188,0.2341,31-20,False,,,,,,
,England,Wales,0.894,0.0106,0.0954,37-16,False,,,,,,
,England,Tonga,0.9949,0.0008,0.0043,53-9,False,,,,,,
,England,Zimbabwe,0.9958,0.0007,0.0035,53-8,False,,,,,,
,Wales,Tonga,0.9082,0.0095,0.0823,37-14,False,,,,,,
,Wales,Zimbabwe,0.8247,0.015,0.1603,32-16,False,,,,,,
,Tonga,Zimbabwe,0.455,0.0238,0.5211,23-24,False,,,,,,
,Australia,New Zealand,0.3654,0.0228,0.6119,24-29,False,,,,,,
,Australia,Chile,0.917,0.0088,0.0742,40-16,False,,,,,,
,Australia,Hong Kong China,0.9808,0.0026,0.0165,45-10,False,,,,,,
,New Zealand,Chile,0.995,0.0008,0.0042,54-10,False,,,,,,
,New Zealand,Hong Kong China,0.9952,0.0008,0.004,51-7,False,,,,,,
,Chile,Hong Kong China,0.3932,0.0232,0.5835,21-25,False,,,,,,
,South Africa,Italy,0.9721,0.0036,0.0243,42-9,False,,,,,,
,South Africa,Georgia,0.9912,0.0013,0.0075,51-11,False,,,,,,
,South Africa,Romania,0.9989,0.0002,0.0009,59-8,False,,,,,,
,Italy,Georgia,0.7441,0.0189,0.237,28-17,False,,,,,,
,Italy,Romania,0.9661,0.0043,0.0296,45-14,False,,,,,,
,Georgia,Romania,0.8661,0.0125,0.1214,35-16,False,,,,,,
,Argentina,Fiji,0.8055,0.0161,0.1784,34-19,False,,,,,,
,Argentina,Canada,0.9984,0.0003,0.0013,57-7,False,,,,,,
,Argentina,Spain,0.9185,0.0087,0.0728,39-15,False,,,,,,
,Fiji,Canada,0.948,0.0061,0.0459,43-15,False,,,,,,
,Fiji,Spain,0.7748,0.0176,0.2077,31-18,False,,,,,,
,Canada,Spain,0.1939,0.0169,0.7892,17-31,False,,,,,,
,Ireland,Scotland,0.6999,0.0205,0.2795,31-22,False,,,,,,
,Ireland,Uruguay,0.9918,0.0012,0.0069,52-12,False,,,,,,
,Ireland,Portugal,0.9965,0.0006,0.0029,55-9,False,,,,,,
,Scotland,Uruguay,0.9641,0.0045,0.0315,43-12,False,,,,,,
,Scotland,Portugal,0.9833,0.0023,0.0144,46-10,False,,,,,,
,Uruguay,Portugal,0.5141,0.0239,0.462,23-22,False,,,,,,
,France,Japan,0.94,0.0068,0.0532,41-14,False,,,,,,
,France,Samoa,0.983,0.0024,0.0146,49-13,False,,,,,,
,France,United States,0.996,0.0007,0.0034,54-9,False,,,,,,
,Japan,Samoa,0.552,0.0236,0.4243,24-22,False,,,,,,
,Japan,United States,0.6995,0.0205,0.28,30-21,False,,,,,,
,Samoa,United States,0.7471,0.0188,0.2341,31-20,False,,,,,,
,England,Wales,0.894,0.0106,0.0954,37-16,False,,,,,,
,England,Tonga,0.9949,0.0008,0.0043,53-9,False,,,,,,
,England,Zimbabwe,0.9958,0.0007,0.0035,53-8,False,,,,,,
,Wales,Tonga,0.9082,0.0095,0.0823,37-14,False,,,,,,
,Wales,Zimbabwe,0.8247,0.015,0.1603,32-16,False,,,,,,
,Tonga,Zimbabwe,0.455,0.0238,0.5211,23-24,False,,,,,,
